image_path,food_type,true_freshness,predicted_freshness,confidence,correct
D:/VIT TY SEM5/ML Project/FOODFRESHAI/data/raw/AgriFreshNET Freshness and Shelf-Life Image Datase/Processed Data/Processed Data/Fresh Banana(1-4)/aug_105_IMG_20251119_201452252_HDR.jpg,Banana,Fresh,Fresh,99.31,True
D:/VIT TY SEM5/ML Project/FOODFRESHAI/data/raw/AgriFreshNET Freshness and Shelf-Life Image Datase/Processed Data/Processed Data/Fresh Banana(1-4)/aug_111_IMG_20251119_201533248_HDR.jpg,Banana,Fresh,Fresh,99.89,True
D:/VIT TY SEM5/ML Project/FOODFRESHAI/data/raw/AgriFreshNET Freshness and Shelf-Life Image Datase/Processed Data/Processed Data/Fresh Banana(1-4)/aug_116_IMG_20251104_131644355_HDR_AE.jpg,Banana,Fresh,Fresh,99.99,True
D:/VIT TY SEM5/ML Project/FOODFRESHAI/data/raw/AgriFreshNET Freshness and Shelf-Life Image Datase/Processed Data/Processed Data/Fresh Banana(1-4)/aug_122_IMG_20251121_143926483_HDR_AE.jpg,Banana,Fresh,Fresh,94.32,True
D:/VIT TY SEM5/ML Project/FOODFRESHAI/data/raw/AgriFreshNET Freshness and Shelf-Life Image Datase/Processed Data/Processed Data/Fresh Banana(1-4)/aug_126_IMG_20251102_081020400_AE.jpg,Banana,Fresh,Fresh,100.0,True
D:/VIT TY SEM5/ML Project/FOODFRESHAI/data/raw/AgriFreshNET Freshness and Shelf-Life Image Datase/Processed Data/Processed Data/Fresh Banana(1-4)/aug_142_IMG_20251104_131644355_HDR_AE.jpg,Banana,Fresh,Fresh,100.0,True
D:/VIT TY SEM5/ML Project/FOODFRESHAI/data/raw/AgriFreshNET Freshness and Shelf-Life Image Datase/Processed Data/Processed Data/Fresh Banana(1-4)/aug_150_IMG_20251119_201314202_HDR.jpg,Banana,Fresh,Fresh,99.96,True
D:/VIT TY SEM5/ML Project/FOODFRESHAI/data/raw/AgriFreshNET Freshness and Shelf-Life Image Datase/Processed Data/Processed Data/Fresh Banana(1-4)/aug_153_IMG_20251119_201407916_HDR.jpg,Banana,Fresh,Semi-Fresh,59.34,False
D:/VIT TY SEM5/ML Project/FOODFRESHAI/data/raw/AgriFreshNET Freshness and Shelf-Life Image Datase/Processed Data/Processed Data/Fresh Banana(1-4)/aug_17_IMG_20251119_201314202_HDR.jpg,Banana,Fresh,Fresh,99.8,True
D:/VIT TY SEM5/ML Project/FOODFRESHAI/data/raw/AgriFreshNET Freshness and Shelf-Life Image Datase/Processed Data/Processed Data/Fresh Banana(1-4)/aug_180_IMG_20251119_201314202_HDR.jpg,Banana,Fresh,Fresh,99.73,True
D:/VIT TY SEM5/ML Project/FOODFRESHAI/data/raw/AgriFreshNET Freshness and Shelf-Life Image Datase/Processed Data/Processed Data/Fresh Banana(1-4)/aug_193_IMG_20251104_131713223_HDR_AE.jpg,Banana,Fresh,Fresh,99.92,True
D:/VIT TY SEM5/ML Project/FOODFRESHAI/data/raw/AgriFreshNET Freshness and Shelf-Life Image Datase/Processed Data/Processed Data/Fresh Banana(1-4)/aug_198_IMG_20251103_192502588_HDR.jpg,Banana,Fresh,Fresh,98.58,True
D:/VIT TY SEM5/ML Project/FOODFRESHAI/data/raw/AgriFreshNET Freshness and Shelf-Life Image Datase/Processed Data/Processed Data/Fresh Banana(1-4)/aug_205_IMG_20251119_201407916_HDR.jpg,Banana,Fresh,Fresh,94.13,True
D:/VIT TY SEM5/ML Project/FOODFRESHAI/data/raw/AgriFreshNET Freshness and Shelf-Life Image Datase/Processed Data/Processed Data/Fresh Banana(1-4)/aug_209_IMG_20251120_203447321_HDR.jpg,Banana,Fresh,Fresh,99.08,True
D:/VIT TY SEM5/ML Project/FOODFRESHAI/data/raw/AgriFreshNET Freshness and Shelf-Life Image Datase/Processed Data/Processed Data/Fresh Banana(1-4)/aug_211_IMG_20251119_201533248_HDR.jpg,Banana,Fresh,Fresh,99.65,True
D:/VIT TY SEM5/ML Project/FOODFRESHAI/data/raw/AgriFreshNET Freshness and Shelf-Life Image Datase/Processed Data/Processed Data/Fresh Banana(1-4)/aug_226_IMG_20251119_201142753_HDR.jpg,Banana,Fresh,Fresh,58.38,True
D:/VIT TY SEM5/ML Project/FOODFRESHAI/data/raw/AgriFreshNET Freshness and Shelf-Life Image Datase/Processed Data/Processed Data/Fresh Banana(1-4)/aug_22_IMG_20251103_192502588_HDR.jpg,Banana,Fresh,Fresh,98.35,True
D:/VIT TY SEM5/ML Project/FOODFRESHAI/data/raw/AgriFreshNET Freshness and Shelf-Life Image Datase/Processed Data/Processed Data/Fresh Banana(1-4)/aug_232_IMG_20251121_143926483_HDR_AE.jpg,Banana,Fresh,Fresh,92.85,True
D:/VIT TY SEM5/ML Project/FOODFRESHAI/data/raw/AgriFreshNET Freshness and Shelf-Life Image Datase/Processed Data/Processed Data/Fresh Banana(1-4)/aug_235_IMG_20251119_201401592_HDR.jpg,Banana,Fresh,Fresh,99.88,True
D:/VIT TY SEM5/ML Project/FOODFRESHAI/data/raw/AgriFreshNET Freshness and Shelf-Life Image Datase/Processed Data/Processed Data/Fresh Banana(1-4)/aug_244_IMG_20251119_201401592_HDR.jpg,Banana,Fresh,Fresh,99.89,True
D:/VIT TY SEM5/ML Project/FOODFRESHAI/data/raw/AgriFreshNET Freshness and Shelf-Life Image Datase/Processed Data/Processed Data/Fresh Banana(1-4)/aug_248_IMG_20251121_143926483_HDR_AE.jpg,Banana,Fresh,Fresh,85.01,True
D:/VIT TY SEM5/ML Project/FOODFRESHAI/data/raw/AgriFreshNET Freshness and Shelf-Life Image Datase/Processed Data/Processed Data/Fresh Banana(1-4)/aug_251_IMG_20251121_144310484_HDR_AE.jpg,Banana,Fresh,Fresh,99.96,True
D:/VIT TY SEM5/ML Project/FOODFRESHAI/data/raw/AgriFreshNET Freshness and Shelf-Life Image Datase/Processed Data/Processed Data/Fresh Banana(1-4)/aug_263_Banana (13).jpeg,Banana,Fresh,Fresh,100.0,True
D:/VIT TY SEM5/ML Project/FOODFRESHAI/data/raw/AgriFreshNET Freshness and Shelf-Life Image Datase/Processed Data/Processed Data/Fresh Banana(1-4)/aug_274_IMG_20251119_201155126_HDR.jpg,Banana,Fresh,Fresh,99.92,True
D:/VIT TY SEM5/ML Project/FOODFRESHAI/data/raw/AgriFreshNET Freshness and Shelf-Life Image Datase/Processed Data/Processed Data/Fresh Banana(1-4)/aug_285_Banana (13).jpeg,Banana,Fresh,Fresh,100.0,True
D:/VIT TY SEM5/ML Project/FOODFRESHAI/data/raw/AgriFreshNET Freshness and Shelf-Life Image Datase/Processed Data/Processed Data/Fresh Banana(1-4)/aug_287_IMG_20251119_201314202_HDR.jpg,Banana,Fresh,Fresh,99.86,True
D:/VIT TY SEM5/ML Project/FOODFRESHAI/data/raw/AgriFreshNET Freshness and Shelf-Life Image Datase/Processed Data/Processed Data/Fresh Banana(1-4)/aug_288_IMG_20251119_201314202_HDR.jpg,Banana,Fresh,Fresh,99.72,True
D:/VIT TY SEM5/ML Project/FOODFRESHAI/data/raw/AgriFreshNET Freshness and Shelf-Life Image Datase/Processed Data/Processed Data/Fresh Banana(1-4)/aug_300_IMG_20251121_144411249_HDR_AE.jpg,Banana,Fresh,Fresh,99.35,True
D:/VIT TY SEM5/ML Project/FOODFRESHAI/data/raw/AgriFreshNET Freshness and Shelf-Life Image Datase/Processed Data/Processed Data/Fresh Banana(1-4)/aug_312_IMG_20251103_192502588_HDR.jpg,Banana,Fresh,Fresh,98.4,True
D:/VIT TY SEM5/ML Project/FOODFRESHAI/data/raw/AgriFreshNET Freshness and Shelf-Life Image Datase/Processed Data/Processed Data/Fresh Banana(1-4)/aug_314_Banana (24).jpeg,Banana,Fresh,Fresh,100.0,True
D:/VIT TY SEM5/ML Project/FOODFRESHAI/data/raw/AgriFreshNET Freshness and Shelf-Life Image Datase/Processed Data/Processed Data/Fresh Banana(1-4)/aug_323_Banana (13).jpeg,Banana,Fresh,Fresh,100.0,True
D:/VIT TY SEM5/ML Project/FOODFRESHAI/data/raw/AgriFreshNET Freshness and Shelf-Life Image Datase/Processed Data/Processed Data/Fresh Banana(1-4)/aug_326_IMG_20251119_201314202_HDR.jpg,Banana,Fresh,Fresh,99.76,True
D:/VIT TY SEM5/ML Project/FOODFRESHAI/data/raw/AgriFreshNET Freshness and Shelf-Life Image Datase/Processed Data/Processed Data/Fresh Banana(1-4)/aug_332_IMG_20251104_131653146_HDR_AE.jpg,Banana,Fresh,Semi-Fresh,70.19,False
D:/VIT TY SEM5/ML Project/FOODFRESHAI/data/raw/AgriFreshNET Freshness and Shelf-Life Image Datase/Processed Data/Processed Data/Fresh Banana(1-4)/aug_339_IMG_20251119_201452252_HDR.jpg,Banana,Fresh,Fresh,99.8,True
D:/VIT TY SEM5/ML Project/FOODFRESHAI/data/raw/AgriFreshNET Freshness and Shelf-Life Image Datase/Processed Data/Processed Data/Fresh Banana(1-4)/aug_350_IMG_20251119_201452252_HDR.jpg,Banana,Fresh,Fresh,99.79,True
D:/VIT TY SEM5/ML Project/FOODFRESHAI/data/raw/AgriFreshNET Freshness and Shelf-Life Image Datase/Processed Data/Processed Data/Fresh Banana(1-4)/aug_356_IMG_20251121_143926483_HDR_AE.jpg,Banana,Fresh,Fresh,88.54,True
D:/VIT TY SEM5/ML Project/FOODFRESHAI/data/raw/AgriFreshNET Freshness and Shelf-Life Image Datase/Processed Data/Processed Data/Fresh Banana(1-4)/aug_358_IMG_20251119_201314202_HDR.jpg,Banana,Fresh,Fresh,99.82,True
D:/VIT TY SEM5/ML Project/FOODFRESHAI/data/raw/AgriFreshNET Freshness and Shelf-Life Image Datase/Processed Data/Processed Data/Fresh Banana(1-4)/aug_359_Banana (24).jpeg,Banana,Fresh,Fresh,100.0,True
D:/VIT TY SEM5/ML Project/FOODFRESHAI/data/raw/AgriFreshNET Freshness and Shelf-Life Image Datase/Processed Data/Processed Data/Fresh Banana(1-4)/aug_361_IMG_20251104_131747086_HDR_AE.jpg,Banana,Fresh,Fresh,83.12,True
D:/VIT TY SEM5/ML Project/FOODFRESHAI/data/raw/AgriFreshNET Freshness and Shelf-Life Image Datase/Processed Data/Processed Data/Fresh Banana(1-4)/aug_362_Banana (24).jpeg,Banana,Fresh,Fresh,100.0,True
D:/VIT TY SEM5/ML Project/FOODFRESHAI/data/raw/AgriFreshNET Freshness and Shelf-Life Image Datase/Processed Data/Processed Data/Fresh Banana(1-4)/aug_364_IMG_20251104_131713223_HDR_AE.jpg,Banana,Fresh,Fresh,99.95,True
D:/VIT TY SEM5/ML Project/FOODFRESHAI/data/raw/AgriFreshNET Freshness and Shelf-Life Image Datase/Processed Data/Processed Data/Fresh Banana(1-4)/aug_370_IMG_20251119_201401592_HDR.jpg,Banana,Fresh,Fresh,99.88,True
D:/VIT TY SEM5/ML Project/FOODFRESHAI/data/raw/AgriFreshNET Freshness and Shelf-Life Image Datase/Processed Data/Processed Data/Fresh Banana(1-4)/aug_372_IMG_20251121_144310484_HDR_AE.jpg,Banana,Fresh,Fresh,99.99,True
D:/VIT TY SEM5/ML Project/FOODFRESHAI/data/raw/AgriFreshNET Freshness and Shelf-Life Image Datase/Processed Data/Processed Data/Fresh Banana(1-4)/aug_376_IMG_20251119_201401592_HDR.jpg,Banana,Fresh,Fresh,99.89,True
D:/VIT TY SEM5/ML Project/FOODFRESHAI/data/raw/AgriFreshNET Freshness and Shelf-Life Image Datase/Processed Data/Processed Data/Fresh Banana(1-4)/aug_382_Banana (14).jpeg,Banana,Fresh,Fresh,99.99,True
D:/VIT TY SEM5/ML Project/FOODFRESHAI/data/raw/AgriFreshNET Freshness and Shelf-Life Image Datase/Processed Data/Processed Data/Fresh Banana(1-4)/aug_386_IMG_20251104_131644355_HDR_AE.jpg,Banana,Fresh,Fresh,99.99,True
D:/VIT TY SEM5/ML Project/FOODFRESHAI/data/raw/AgriFreshNET Freshness and Shelf-Life Image Datase/Processed Data/Processed Data/Fresh Banana(1-4)/aug_390_IMG_20251119_201407916_HDR.jpg,Banana,Fresh,Fresh,97.79,True
D:/VIT TY SEM5/ML Project/FOODFRESHAI/data/raw/AgriFreshNET Freshness and Shelf-Life Image Datase/Processed Data/Processed Data/Fresh Banana(1-4)/aug_42_Banana (12).jpeg,Banana,Fresh,Fresh,100.0,True
D:/VIT TY SEM5/ML Project/FOODFRESHAI/data/raw/AgriFreshNET Freshness and Shelf-Life Image Datase/Processed Data/Processed Data/Fresh Banana(1-4)/aug_45_IMG_20251102_081020400_AE.jpg,Banana,Fresh,Fresh,100.0,True
D:/VIT TY SEM5/ML Project/FOODFRESHAI/data/raw/AgriFreshNET Freshness and Shelf-Life Image Datase/Processed Data/Processed Data/Fresh Banana(1-4)/aug_50_IMG_20251119_201401592_HDR.jpg,Banana,Fresh,Fresh,99.73,True
D:/VIT TY SEM5/ML Project/FOODFRESHAI/data/raw/AgriFreshNET Freshness and Shelf-Life Image Datase/Processed Data/Processed Data/Fresh Banana(1-4)/aug_60_Banana (13).jpeg,Banana,Fresh,Fresh,100.0,True
D:/VIT TY SEM5/ML Project/FOODFRESHAI/data/raw/AgriFreshNET Freshness and Shelf-Life Image Datase/Processed Data/Processed Data/Fresh Banana(1-4)/aug_69_IMG_20251119_201401592_HDR.jpg,Banana,Fresh,Fresh,99.89,True
D:/VIT TY SEM5/ML Project/FOODFRESHAI/data/raw/AgriFreshNET Freshness and Shelf-Life Image Datase/Processed Data/Processed Data/Fresh Banana(1-4)/aug_75_IMG_20251119_201407916_HDR.jpg,Banana,Fresh,Fresh,97.2,True
D:/VIT TY SEM5/ML Project/FOODFRESHAI/data/raw/AgriFreshNET Freshness and Shelf-Life Image Datase/Processed Data/Processed Data/Fresh Banana(1-4)/aug_79_IMG_20251119_201407916_HDR.jpg,Banana,Fresh,Fresh,97.21,True
D:/VIT TY SEM5/ML Project/FOODFRESHAI/data/raw/AgriFreshNET Freshness and Shelf-Life Image Datase/Processed Data/Processed Data/Fresh Banana(1-4)/aug_80_IMG_20251121_143926483_HDR_AE.jpg,Banana,Fresh,Fresh,94.28,True
D:/VIT TY SEM5/ML Project/FOODFRESHAI/data/raw/AgriFreshNET Freshness and Shelf-Life Image Datase/Processed Data/Processed Data/Fresh Banana(1-4)/aug_81_IMG_20251104_131713223_HDR_AE.jpg,Banana,Fresh,Fresh,99.87,True
D:/VIT TY SEM5/ML Project/FOODFRESHAI/data/raw/AgriFreshNET Freshness and Shelf-Life Image Datase/Processed Data/Processed Data/Fresh Banana(1-4)/aug_82_IMG_20251121_144411249_HDR_AE.jpg,Banana,Fresh,Fresh,99.57,True
D:/VIT TY SEM5/ML Project/FOODFRESHAI/data/raw/AgriFreshNET Freshness and Shelf-Life Image Datase/Processed Data/Processed Data/Fresh Banana(1-4)/aug_87_IMG_20251103_192502588_HDR.jpg,Banana,Fresh,Fresh,99.07,True
D:/VIT TY SEM5/ML Project/FOODFRESHAI/data/raw/AgriFreshNET Freshness and Shelf-Life Image Datase/Processed Data/Processed Data/Fresh Banana(1-4)/aug_88_Banana (13).jpeg,Banana,Fresh,Fresh,100.0,True
D:/VIT TY SEM5/ML Project/FOODFRESHAI/data/raw/AgriFreshNET Freshness and Shelf-Life Image Datase/Processed Data/Processed Data/Fresh Banana(1-4)/aug_8_IMG_20251104_131713223_HDR_AE.jpg,Banana,Fresh,Fresh,99.93,True
D:/VIT TY SEM5/ML Project/FOODFRESHAI/data/raw/AgriFreshNET Freshness and Shelf-Life Image Datase/Processed Data/Processed Data/Fresh Banana(1-4)/aug_99_IMG_20251103_192502588_HDR.jpg,Banana,Fresh,Fresh,98.42,True
D:/VIT TY SEM5/ML Project/FOODFRESHAI/data/raw/AgriFreshNET Freshness and Shelf-Life Image Datase/Processed Data/Processed Data/Fresh Banana(1-4)/Banana (12).jpeg,Banana,Fresh,Fresh,100.0,True
D:/VIT TY SEM5/ML Project/FOODFRESHAI/data/raw/AgriFreshNET Freshness and Shelf-Life Image Datase/Processed Data/Processed Data/Fresh Banana(1-4)/Banana (13).jpeg,Banana,Fresh,Fresh,100.0,True
D:/VIT TY SEM5/ML Project/FOODFRESHAI/data/raw/AgriFreshNET Freshness and Shelf-Life Image Datase/Processed Data/Processed Data/Fresh Banana(1-4)/Banana (14).jpeg,Banana,Fresh,Fresh,99.97,True
D:/VIT TY SEM5/ML Project/FOODFRESHAI/data/raw/AgriFreshNET Freshness and Shelf-Life Image Datase/Processed Data/Processed Data/Fresh Banana(1-4)/Banana (18).jpeg,Banana,Fresh,Fresh,99.99,True
D:/VIT TY SEM5/ML Project/FOODFRESHAI/data/raw/AgriFreshNET Freshness and Shelf-Life Image Datase/Processed Data/Processed Data/Fresh Banana(1-4)/Banana (24).jpeg,Banana,Fresh,Fresh,100.0,True
D:/VIT TY SEM5/ML Project/FOODFRESHAI/data/raw/AgriFreshNET Freshness and Shelf-Life Image Datase/Processed Data/Processed Data/Fresh Banana(1-4)/IMG_20251102_081020400_AE.jpg,Banana,Fresh,Fresh,100.0,True
D:/VIT TY SEM5/ML Project/FOODFRESHAI/data/raw/AgriFreshNET Freshness and Shelf-Life Image Datase/Processed Data/Processed Data/Fresh Banana(1-4)/IMG_20251102_081052313_HDR_AE.jpg,Banana,Fresh,Fresh,100.0,True
D:/VIT TY SEM5/ML Project/FOODFRESHAI/data/raw/AgriFreshNET Freshness and Shelf-Life Image Datase/Processed Data/Processed Data/Fresh Banana(1-4)/IMG_20251103_192502588_HDR.jpg,Banana,Fresh,Fresh,98.63,True
D:/VIT TY SEM5/ML Project/FOODFRESHAI/data/raw/AgriFreshNET Freshness and Shelf-Life Image Datase/Processed Data/Processed Data/Fresh Banana(1-4)/IMG_20251104_131644355_HDR_AE.jpg,Banana,Fresh,Fresh,99.99,True
D:/VIT TY SEM5/ML Project/FOODFRESHAI/data/raw/AgriFreshNET Freshness and Shelf-Life Image Datase/Processed Data/Processed Data/Fresh Banana(1-4)/IMG_20251104_131653146_HDR_AE.jpg,Banana,Fresh,Semi-Fresh,86.47,False
D:/VIT TY SEM5/ML Project/FOODFRESHAI/data/raw/AgriFreshNET Freshness and Shelf-Life Image Datase/Processed Data/Processed Data/Fresh Banana(1-4)/IMG_20251104_131713223_HDR_AE.jpg,Banana,Fresh,Fresh,99.87,True
D:/VIT TY SEM5/ML Project/FOODFRESHAI/data/raw/AgriFreshNET Freshness and Shelf-Life Image Datase/Processed Data/Processed Data/Fresh Banana(1-4)/IMG_20251104_131747086_HDR_AE.jpg,Banana,Fresh,Fresh,79.94,True
D:/VIT TY SEM5/ML Project/FOODFRESHAI/data/raw/AgriFreshNET Freshness and Shelf-Life Image Datase/Processed Data/Processed Data/Fresh Banana(1-4)/IMG_20251119_201142753_HDR.jpg,Banana,Fresh,Fresh,68.23,True
D:/VIT TY SEM5/ML Project/FOODFRESHAI/data/raw/AgriFreshNET Freshness and Shelf-Life Image Datase/Processed Data/Processed Data/Fresh Banana(1-4)/IMG_20251119_201149589_HDR.jpg,Banana,Fresh,Fresh,99.47,True
D:/VIT TY SEM5/ML Project/FOODFRESHAI/data/raw/AgriFreshNET Freshness and Shelf-Life Image Datase/Processed Data/Processed Data/Fresh Banana(1-4)/IMG_20251119_201155126_HDR.jpg,Banana,Fresh,Fresh,98.07,True
D:/VIT TY SEM5/ML Project/FOODFRESHAI/data/raw/AgriFreshNET Freshness and Shelf-Life Image Datase/Processed Data/Processed Data/Fresh Banana(1-4)/IMG_20251119_201256685_HDR.jpg,Banana,Fresh,Fresh,99.82,True
D:/VIT TY SEM5/ML Project/FOODFRESHAI/data/raw/AgriFreshNET Freshness and Shelf-Life Image Datase/Processed Data/Processed Data/Fresh Banana(1-4)/IMG_20251119_201314202_HDR.jpg,Banana,Fresh,Fresh,99.84,True
D:/VIT TY SEM5/ML Project/FOODFRESHAI/data/raw/AgriFreshNET Freshness and Shelf-Life Image Datase/Processed Data/Processed Data/Fresh Banana(1-4)/IMG_20251119_201401592_HDR.jpg,Banana,Fresh,Fresh,99.91,True
D:/VIT TY SEM5/ML Project/FOODFRESHAI/data/raw/AgriFreshNET Freshness and Shelf-Life Image Datase/Processed Data/Processed Data/Fresh Banana(1-4)/IMG_20251119_201407916_HDR.jpg,Banana,Fresh,Fresh,98.36,True
D:/VIT TY SEM5/ML Project/FOODFRESHAI/data/raw/AgriFreshNET Freshness and Shelf-Life Image Datase/Processed Data/Processed Data/Fresh Banana(1-4)/IMG_20251119_201413832_HDR.jpg,Banana,Fresh,Fresh,99.82,True
D:/VIT TY SEM5/ML Project/FOODFRESHAI/data/raw/AgriFreshNET Freshness and Shelf-Life Image Datase/Processed Data/Processed Data/Fresh Banana(1-4)/IMG_20251119_201452252_HDR.jpg,Banana,Fresh,Fresh,99.71,True
D:/VIT TY SEM5/ML Project/FOODFRESHAI/data/raw/AgriFreshNET Freshness and Shelf-Life Image Datase/Processed Data/Processed Data/Fresh Banana(1-4)/IMG_20251119_201533248_HDR.jpg,Banana,Fresh,Fresh,99.86,True
D:/VIT TY SEM5/ML Project/FOODFRESHAI/data/raw/AgriFreshNET Freshness and Shelf-Life Image Datase/Processed Data/Processed Data/Fresh Banana(1-4)/IMG_20251120_203140684_HDR.jpg,Banana,Fresh,Fresh,98.72,True
D:/VIT TY SEM5/ML Project/FOODFRESHAI/data/raw/AgriFreshNET Freshness and Shelf-Life Image Datase/Processed Data/Processed Data/Fresh Banana(1-4)/IMG_20251120_203447321_HDR.jpg,Banana,Fresh,Fresh,98.88,True
D:/VIT TY SEM5/ML Project/FOODFRESHAI/data/raw/AgriFreshNET Freshness and Shelf-Life Image Datase/Processed Data/Processed Data/Fresh Banana(1-4)/IMG_20251121_143926483_HDR_AE.jpg,Banana,Fresh,Fresh,91.06,True
D:/VIT TY SEM5/ML Project/FOODFRESHAI/data/raw/AgriFreshNET Freshness and Shelf-Life Image Datase/Processed Data/Processed Data/Fresh Banana(1-4)/IMG_20251121_144310484_HDR_AE.jpg,Banana,Fresh,Fresh,99.96,True
D:/VIT TY SEM5/ML Project/FOODFRESHAI/data/raw/AgriFreshNET Freshness and Shelf-Life Image Datase/Processed Data/Processed Data/Fresh Banana(1-4)/IMG_20251121_144323831_HDR_AE.jpg,Banana,Fresh,Fresh,99.59,True
D:/VIT TY SEM5/ML Project/FOODFRESHAI/data/raw/AgriFreshNET Freshness and Shelf-Life Image Datase/Processed Data/Processed Data/Fresh Banana(1-4)/IMG_20251121_144411249_HDR_AE.jpg,Banana,Fresh,Fresh,99.48,True
D:/VIT TY SEM5/ML Project/FOODFRESHAI/data/raw/AgriFreshNET Freshness and Shelf-Life Image Datase/Processed Data/Processed Data/Fresh Bittermelon(1-3)/aug_100_IMG_20251027_171156.jpg,Bittermelon,Fresh,Fresh,100.0,True
D:/VIT TY SEM5/ML Project/FOODFRESHAI/data/raw/AgriFreshNET Freshness and Shelf-Life Image Datase/Processed Data/Processed Data/Fresh Bittermelon(1-3)/aug_104_IMG_20260114_005310.jpg,Bittermelon,Fresh,Fresh,100.0,True
D:/VIT TY SEM5/ML Project/FOODFRESHAI/data/raw/AgriFreshNET Freshness and Shelf-Life Image Datase/Processed Data/Processed Data/Fresh Bittermelon(1-3)/aug_107_IMG_20260116_030227.jpg,Bittermelon,Fresh,Fresh,99.98,True
D:/VIT TY SEM5/ML Project/FOODFRESHAI/data/raw/AgriFreshNET Freshness and Shelf-Life Image Datase/Processed Data/Processed Data/Fresh Bittermelon(1-3)/aug_11_IMG_20251118_161024.jpg,Bittermelon,Fresh,Fresh,100.0,True
D:/VIT TY SEM5/ML Project/FOODFRESHAI/data/raw/AgriFreshNET Freshness and Shelf-Life Image Datase/Processed Data/Processed Data/Fresh Bittermelon(1-3)/aug_129_IMG_20251117_155604.jpg,Bittermelon,Fresh,Fresh,100.0,True
D:/VIT TY SEM5/ML Project/FOODFRESHAI/data/raw/AgriFreshNET Freshness and Shelf-Life Image Datase/Processed Data/Processed Data/Fresh Bittermelon(1-3)/aug_140_IMG_20260116_030302.jpg,Bittermelon,Fresh,Fresh,100.0,True
D:/VIT TY SEM5/ML Project/FOODFRESHAI/data/raw/AgriFreshNET Freshness and Shelf-Life Image Datase/Processed Data/Processed Data/Fresh Bittermelon(1-3)/aug_142_IMG_20251121_081623.jpg,Bittermelon,Fresh,Fresh,99.96,True
D:/VIT TY SEM5/ML Project/FOODFRESHAI/data/raw/AgriFreshNET Freshness and Shelf-Life Image Datase/Processed Data/Processed Data/Fresh Bittermelon(1-3)/aug_150_IMG_20260116_030238.jpg,Bittermelon,Fresh,Fresh,100.0,True
D:/VIT TY SEM5/ML Project/FOODFRESHAI/data/raw/AgriFreshNET Freshness and Shelf-Life Image Datase/Processed Data/Processed Data/Fresh Bittermelon(1-3)/aug_157_IMG_20251118_161114.jpg,Bittermelon,Fresh,Fresh,100.0,True
D:/VIT TY SEM5/ML Project/FOODFRESHAI/data/raw/AgriFreshNET Freshness and Shelf-Life Image Datase/Processed Data/Processed Data/Fresh Bittermelon(1-3)/aug_165_IMG_20260114_010521.jpg,Bittermelon,Fresh,Fresh,100.0,True
D:/VIT TY SEM5/ML Project/FOODFRESHAI/data/raw/AgriFreshNET Freshness and Shelf-Life Image Datase/Processed Data/Processed Data/Fresh Bittermelon(1-3)/aug_175_IMG_20251121_081701.jpg,Bittermelon,Fresh,Fresh,84.83,True
D:/VIT TY SEM5/ML Project/FOODFRESHAI/data/raw/AgriFreshNET Freshness and Shelf-Life Image Datase/Processed Data/Processed Data/Fresh Bittermelon(1-3)/aug_177_IMG_20260116_025955.jpg,Bittermelon,Fresh,Fresh,100.0,True
D:/VIT TY SEM5/ML Project/FOODFRESHAI/data/raw/AgriFreshNET Freshness and Shelf-Life Image Datase/Processed Data/Processed Data/Fresh Bittermelon(1-3)/aug_184_IMG_20260116_030302.jpg,Bittermelon,Fresh,Fresh,100.0,True
D:/VIT TY SEM5/ML Project/FOODFRESHAI/data/raw/AgriFreshNET Freshness and Shelf-Life Image Datase/Processed Data/Processed Data/Fresh Bittermelon(1-3)/aug_186_IMG_20251118_161126.jpg,Bittermelon,Fresh,Fresh,99.99,True
D:/VIT TY SEM5/ML Project/FOODFRESHAI/data/raw/AgriFreshNET Freshness and Shelf-Life Image Datase/Processed Data/Processed Data/Fresh Bittermelon(1-3)/aug_192_IMG_20251117_155845.jpg,Bittermelon,Fresh,Fresh,100.0,True
D:/VIT TY SEM5/ML Project/FOODFRESHAI/data/raw/AgriFreshNET Freshness and Shelf-Life Image Datase/Processed Data/Processed Data/Fresh Bittermelon(1-3)/aug_207_IMG_20251118_161126.jpg,Bittermelon,Fresh,Fresh,100.0,True
D:/VIT TY SEM5/ML Project/FOODFRESHAI/data/raw/AgriFreshNET Freshness and Shelf-Life Image Datase/Processed Data/Processed Data/Fresh Bittermelon(1-3)/aug_217_IMG_20260116_030238.jpg,Bittermelon,Fresh,Fresh,100.0,True
D:/VIT TY SEM5/ML Project/FOODFRESHAI/data/raw/AgriFreshNET Freshness and Shelf-Life Image Datase/Processed Data/Processed Data/Fresh Bittermelon(1-3)/aug_218_IMG_20251027_171156.jpg,Bittermelon,Fresh,Fresh,100.0,True
D:/VIT TY SEM5/ML Project/FOODFRESHAI/data/raw/AgriFreshNET Freshness and Shelf-Life Image Datase/Processed Data/Processed Data/Fresh Bittermelon(1-3)/aug_222_IMG_20251118_160810.jpg,Bittermelon,Fresh,Fresh,100.0,True
D:/VIT TY SEM5/ML Project/FOODFRESHAI/data/raw/AgriFreshNET Freshness and Shelf-Life Image Datase/Processed Data/Processed Data/Fresh Bittermelon(1-3)/aug_243_IMG_20251027_171016.jpg,Bittermelon,Fresh,Fresh,100.0,True
D:/VIT TY SEM5/ML Project/FOODFRESHAI/data/raw/AgriFreshNET Freshness and Shelf-Life Image Datase/Processed Data/Processed Data/Fresh Bittermelon(1-3)/aug_244_IMG_20251118_160810.jpg,Bittermelon,Fresh,Fresh,100.0,True
D:/VIT TY SEM5/ML Project/FOODFRESHAI/data/raw/AgriFreshNET Freshness and Shelf-Life Image Datase/Processed Data/Processed Data/Fresh Bittermelon(1-3)/aug_246_IMG_20251117_155925.jpg,Bittermelon,Fresh,Fresh,100.0,True
D:/VIT TY SEM5/ML Project/FOODFRESHAI/data/raw/AgriFreshNET Freshness and Shelf-Life Image Datase/Processed Data/Processed Data/Fresh Bittermelon(1-3)/aug_266_IMG_20251118_161107.jpg,Bittermelon,Fresh,Fresh,100.0,True
D:/VIT TY SEM5/ML Project/FOODFRESHAI/data/raw/AgriFreshNET Freshness and Shelf-Life Image Datase/Processed Data/Processed Data/Fresh Bittermelon(1-3)/aug_278_IMG_20251027_171156.jpg,Bittermelon,Fresh,Fresh,100.0,True
D:/VIT TY SEM5/ML Project/FOODFRESHAI/data/raw/AgriFreshNET Freshness and Shelf-Life Image Datase/Processed Data/Processed Data/Fresh Bittermelon(1-3)/aug_281_IMG_20251027_171036.jpg,Bittermelon,Fresh,Fresh,100.0,True
D:/VIT TY SEM5/ML Project/FOODFRESHAI/data/raw/AgriFreshNET Freshness and Shelf-Life Image Datase/Processed Data/Processed Data/Fresh Bittermelon(1-3)/aug_28_IMG_20251121_081623.jpg,Bittermelon,Fresh,Fresh,99.98,True
D:/VIT TY SEM5/ML Project/FOODFRESHAI/data/raw/AgriFreshNET Freshness and Shelf-Life Image Datase/Processed Data/Processed Data/Fresh Bittermelon(1-3)/aug_290_IMG_20251118_161024.jpg,Bittermelon,Fresh,Fresh,100.0,True
D:/VIT TY SEM5/ML Project/FOODFRESHAI/data/raw/AgriFreshNET Freshness and Shelf-Life Image Datase/Processed Data/Processed Data/Fresh Bittermelon(1-3)/aug_299_IMG_20251117_155604.jpg,Bittermelon,Fresh,Fresh,100.0,True
D:/VIT TY SEM5/ML Project/FOODFRESHAI/data/raw/AgriFreshNET Freshness and Shelf-Life Image Datase/Processed Data/Processed Data/Fresh Bittermelon(1-3)/aug_322_IMG_20260116_025955.jpg,Bittermelon,Fresh,Fresh,100.0,True
D:/VIT TY SEM5/ML Project/FOODFRESHAI/data/raw/AgriFreshNET Freshness and Shelf-Life Image Datase/Processed Data/Processed Data/Fresh Bittermelon(1-3)/aug_324_IMG_20251118_161107.jpg,Bittermelon,Fresh,Fresh,100.0,True
D:/VIT TY SEM5/ML Project/FOODFRESHAI/data/raw/AgriFreshNET Freshness and Shelf-Life Image Datase/Processed Data/Processed Data/Fresh Bittermelon(1-3)/aug_325_IMG_20251118_160810.jpg,Bittermelon,Fresh,Fresh,100.0,True
D:/VIT TY SEM5/ML Project/FOODFRESHAI/data/raw/AgriFreshNET Freshness and Shelf-Life Image Datase/Processed Data/Processed Data/Fresh Bittermelon(1-3)/aug_331_IMG_20251117_155845.jpg,Bittermelon,Fresh,Fresh,100.0,True
D:/VIT TY SEM5/ML Project/FOODFRESHAI/data/raw/AgriFreshNET Freshness and Shelf-Life Image Datase/Processed Data/Processed Data/Fresh Bittermelon(1-3)/aug_333_IMG_20260116_025955.jpg,Bittermelon,Fresh,Fresh,100.0,True
D:/VIT TY SEM5/ML Project/FOODFRESHAI/data/raw/AgriFreshNET Freshness and Shelf-Life Image Datase/Processed Data/Processed Data/Fresh Bittermelon(1-3)/aug_334_IMG_20251121_081623.jpg,Bittermelon,Fresh,Fresh,100.0,True
D:/VIT TY SEM5/ML Project/FOODFRESHAI/data/raw/AgriFreshNET Freshness and Shelf-Life Image Datase/Processed Data/Processed Data/Fresh Bittermelon(1-3)/aug_335_IMG_20251118_161015.jpg,Bittermelon,Fresh,Fresh,100.0,True
D:/VIT TY SEM5/ML Project/FOODFRESHAI/data/raw/AgriFreshNET Freshness and Shelf-Life Image Datase/Processed Data/Processed Data/Fresh Bittermelon(1-3)/aug_347_IMG_20260114_010521.jpg,Bittermelon,Fresh,Fresh,100.0,True
D:/VIT TY SEM5/ML Project/FOODFRESHAI/data/raw/AgriFreshNET Freshness and Shelf-Life Image Datase/Processed Data/Processed Data/Fresh Bittermelon(1-3)/aug_348_IMG_20251117_155649.jpg,Bittermelon,Fresh,Fresh,99.99,True
D:/VIT TY SEM5/ML Project/FOODFRESHAI/data/raw/AgriFreshNET Freshness and Shelf-Life Image Datase/Processed Data/Processed Data/Fresh Bittermelon(1-3)/aug_349_IMG_20251117_155604.jpg,Bittermelon,Fresh,Fresh,100.0,True
D:/VIT TY SEM5/ML Project/FOODFRESHAI/data/raw/AgriFreshNET Freshness and Shelf-Life Image Datase/Processed Data/Processed Data/Fresh Bittermelon(1-3)/aug_354_IMG_20251117_155845.jpg,Bittermelon,Fresh,Fresh,100.0,True
D:/VIT TY SEM5/ML Project/FOODFRESHAI/data/raw/AgriFreshNET Freshness and Shelf-Life Image Datase/Processed Data/Processed Data/Fresh Bittermelon(1-3)/aug_356_IMG_20251118_161114.jpg,Bittermelon,Fresh,Fresh,100.0,True
D:/VIT TY SEM5/ML Project/FOODFRESHAI/data/raw/AgriFreshNET Freshness and Shelf-Life Image Datase/Processed Data/Processed Data/Fresh Bittermelon(1-3)/aug_361_IMG_20251118_161015.jpg,Bittermelon,Fresh,Fresh,100.0,True
D:/VIT TY SEM5/ML Project/FOODFRESHAI/data/raw/AgriFreshNET Freshness and Shelf-Life Image Datase/Processed Data/Processed Data/Fresh Bittermelon(1-3)/aug_36_IMG_20260116_030021.jpg,Bittermelon,Fresh,Fresh,100.0,True
D:/VIT TY SEM5/ML Project/FOODFRESHAI/data/raw/AgriFreshNET Freshness and Shelf-Life Image Datase/Processed Data/Processed Data/Fresh Bittermelon(1-3)/aug_373_IMG_20251117_155604.jpg,Bittermelon,Fresh,Fresh,100.0,True
D:/VIT TY SEM5/ML Project/FOODFRESHAI/data/raw/AgriFreshNET Freshness and Shelf-Life Image Datase/Processed Data/Processed Data/Fresh Bittermelon(1-3)/aug_374_IMG_20260116_030021.jpg,Bittermelon,Fresh,Fresh,100.0,True
D:/VIT TY SEM5/ML Project/FOODFRESHAI/data/raw/AgriFreshNET Freshness and Shelf-Life Image Datase/Processed Data/Processed Data/Fresh Bittermelon(1-3)/aug_379_IMG_20260114_005334.jpg,Bittermelon,Fresh,Fresh,100.0,True
D:/VIT TY SEM5/ML Project/FOODFRESHAI/data/raw/AgriFreshNET Freshness and Shelf-Life Image Datase/Processed Data/Processed Data/Fresh Bittermelon(1-3)/aug_386_IMG_20251118_161024.jpg,Bittermelon,Fresh,Fresh,100.0,True
D:/VIT TY SEM5/ML Project/FOODFRESHAI/data/raw/AgriFreshNET Freshness and Shelf-Life Image Datase/Processed Data/Processed Data/Fresh Bittermelon(1-3)/aug_387_IMG_20251118_161015.jpg,Bittermelon,Fresh,Fresh,100.0,True
D:/VIT TY SEM5/ML Project/FOODFRESHAI/data/raw/AgriFreshNET Freshness and Shelf-Life Image Datase/Processed Data/Processed Data/Fresh Bittermelon(1-3)/aug_391_IMG_20251118_160810.jpg,Bittermelon,Fresh,Fresh,100.0,True
D:/VIT TY SEM5/ML Project/FOODFRESHAI/data/raw/AgriFreshNET Freshness and Shelf-Life Image Datase/Processed Data/Processed Data/Fresh Bittermelon(1-3)/aug_39_IMG_20260116_030314.jpg,Bittermelon,Fresh,Fresh,99.99,True
D:/VIT TY SEM5/ML Project/FOODFRESHAI/data/raw/AgriFreshNET Freshness and Shelf-Life Image Datase/Processed Data/Processed Data/Fresh Bittermelon(1-3)/aug_43_IMG_20260116_030224.jpg,Bittermelon,Fresh,Fresh,99.99,True
D:/VIT TY SEM5/ML Project/FOODFRESHAI/data/raw/AgriFreshNET Freshness and Shelf-Life Image Datase/Processed Data/Processed Data/Fresh Bittermelon(1-3)/aug_58_IMG_20251117_155649.jpg,Bittermelon,Fresh,Fresh,99.99,True
D:/VIT TY SEM5/ML Project/FOODFRESHAI/data/raw/AgriFreshNET Freshness and Shelf-Life Image Datase/Processed Data/Processed Data/Fresh Bittermelon(1-3)/aug_67_IMG_20260114_010611.jpg,Bittermelon,Fresh,Fresh,100.0,True
D:/VIT TY SEM5/ML Project/FOODFRESHAI/data/raw/AgriFreshNET Freshness and Shelf-Life Image Datase/Processed Data/Processed Data/Fresh Bittermelon(1-3)/aug_6_IMG_20260116_030302.jpg,Bittermelon,Fresh,Fresh,100.0,True
D:/VIT TY SEM5/ML Project/FOODFRESHAI/data/raw/AgriFreshNET Freshness and Shelf-Life Image Datase/Processed Data/Processed Data/Fresh Bittermelon(1-3)/aug_77_IMG_20251118_161015.jpg,Bittermelon,Fresh,Fresh,100.0,True
D:/VIT TY SEM5/ML Project/FOODFRESHAI/data/raw/AgriFreshNET Freshness and Shelf-Life Image Datase/Processed Data/Processed Data/Fresh Bittermelon(1-3)/aug_82_IMG_20251117_160002.jpg,Bittermelon,Fresh,Fresh,100.0,True
D:/VIT TY SEM5/ML Project/FOODFRESHAI/data/raw/AgriFreshNET Freshness and Shelf-Life Image Datase/Processed Data/Processed Data/Fresh Bittermelon(1-3)/aug_84_IMG_20251121_081623.jpg,Bittermelon,Fresh,Fresh,99.98,True
D:/VIT TY SEM5/ML Project/FOODFRESHAI/data/raw/AgriFreshNET Freshness and Shelf-Life Image Datase/Processed Data/Processed Data/Fresh Bittermelon(1-3)/aug_86_IMG_20260116_030227.jpg,Bittermelon,Fresh,Fresh,100.0,True
D:/VIT TY SEM5/ML Project/FOODFRESHAI/data/raw/AgriFreshNET Freshness and Shelf-Life Image Datase/Processed Data/Processed Data/Fresh Bittermelon(1-3)/aug_90_IMG_20251117_155649.jpg,Bittermelon,Fresh,Fresh,99.98,True
D:/VIT TY SEM5/ML Project/FOODFRESHAI/data/raw/AgriFreshNET Freshness and Shelf-Life Image Datase/Processed Data/Processed Data/Fresh Bittermelon(1-3)/aug_92_IMG_20251118_161107.jpg,Bittermelon,Fresh,Fresh,100.0,True
D:/VIT TY SEM5/ML Project/FOODFRESHAI/data/raw/AgriFreshNET Freshness and Shelf-Life Image Datase/Processed Data/Processed Data/Fresh Bittermelon(1-3)/aug_95_IMG_20251118_161126.jpg,Bittermelon,Fresh,Fresh,100.0,True
D:/VIT TY SEM5/ML Project/FOODFRESHAI/data/raw/AgriFreshNET Freshness and Shelf-Life Image Datase/Processed Data/Processed Data/Fresh Bittermelon(1-3)/aug_98_IMG_20251117_155845.jpg,Bittermelon,Fresh,Fresh,100.0,True
D:/VIT TY SEM5/ML Project/FOODFRESHAI/data/raw/AgriFreshNET Freshness and Shelf-Life Image Datase/Processed Data/Processed Data/Fresh Bittermelon(1-3)/IMG_20251027_171016.jpg,Bittermelon,Fresh,Fresh,100.0,True
D:/VIT TY SEM5/ML Project/FOODFRESHAI/data/raw/AgriFreshNET Freshness and Shelf-Life Image Datase/Processed Data/Processed Data/Fresh Bittermelon(1-3)/IMG_20251027_171036.jpg,Bittermelon,Fresh,Fresh,100.0,True
D:/VIT TY SEM5/ML Project/FOODFRESHAI/data/raw/AgriFreshNET Freshness and Shelf-Life Image Datase/Processed Data/Processed Data/Fresh Bittermelon(1-3)/IMG_20251027_171156.jpg,Bittermelon,Fresh,Fresh,100.0,True
D:/VIT TY SEM5/ML Project/FOODFRESHAI/data/raw/AgriFreshNET Freshness and Shelf-Life Image Datase/Processed Data/Processed Data/Fresh Bittermelon(1-3)/IMG_20251117_155604.jpg,Bittermelon,Fresh,Fresh,100.0,True
D:/VIT TY SEM5/ML Project/FOODFRESHAI/data/raw/AgriFreshNET Freshness and Shelf-Life Image Datase/Processed Data/Processed Data/Fresh Bittermelon(1-3)/IMG_20251117_155649.jpg,Bittermelon,Fresh,Fresh,99.99,True
D:/VIT TY SEM5/ML Project/FOODFRESHAI/data/raw/AgriFreshNET Freshness and Shelf-Life Image Datase/Processed Data/Processed Data/Fresh Bittermelon(1-3)/IMG_20251117_155823.jpg,Bittermelon,Fresh,Fresh,100.0,True
D:/VIT TY SEM5/ML Project/FOODFRESHAI/data/raw/AgriFreshNET Freshness and Shelf-Life Image Datase/Processed Data/Processed Data/Fresh Bittermelon(1-3)/IMG_20251117_155845.jpg,Bittermelon,Fresh,Fresh,100.0,True
D:/VIT TY SEM5/ML Project/FOODFRESHAI/data/raw/AgriFreshNET Freshness and Shelf-Life Image Datase/Processed Data/Processed Data/Fresh Bittermelon(1-3)/IMG_20251117_155925.jpg,Bittermelon,Fresh,Fresh,100.0,True
D:/VIT TY SEM5/ML Project/FOODFRESHAI/data/raw/AgriFreshNET Freshness and Shelf-Life Image Datase/Processed Data/Processed Data/Fresh Bittermelon(1-3)/IMG_20251117_160002.jpg,Bittermelon,Fresh,Fresh,100.0,True
D:/VIT TY SEM5/ML Project/FOODFRESHAI/data/raw/AgriFreshNET Freshness and Shelf-Life Image Datase/Processed Data/Processed Data/Fresh Bittermelon(1-3)/IMG_20251118_160810.jpg,Bittermelon,Fresh,Fresh,100.0,True
D:/VIT TY SEM5/ML Project/FOODFRESHAI/data/raw/AgriFreshNET Freshness and Shelf-Life Image Datase/Processed Data/Processed Data/Fresh Bittermelon(1-3)/IMG_20251118_161015.jpg,Bittermelon,Fresh,Fresh,100.0,True
D:/VIT TY SEM5/ML Project/FOODFRESHAI/data/raw/AgriFreshNET Freshness and Shelf-Life Image Datase/Processed Data/Processed Data/Fresh Bittermelon(1-3)/IMG_20251118_161024.jpg,Bittermelon,Fresh,Fresh,100.0,True
D:/VIT TY SEM5/ML Project/FOODFRESHAI/data/raw/AgriFreshNET Freshness and Shelf-Life Image Datase/Processed Data/Processed Data/Fresh Bittermelon(1-3)/IMG_20251118_161107.jpg,Bittermelon,Fresh,Fresh,100.0,True
D:/VIT TY SEM5/ML Project/FOODFRESHAI/data/raw/AgriFreshNET Freshness and Shelf-Life Image Datase/Processed Data/Processed Data/Fresh Bittermelon(1-3)/IMG_20251118_161114.jpg,Bittermelon,Fresh,Fresh,100.0,True
D:/VIT TY SEM5/ML Project/FOODFRESHAI/data/raw/AgriFreshNET Freshness and Shelf-Life Image Datase/Processed Data/Processed Data/Fresh Bittermelon(1-3)/IMG_20251118_161126.jpg,Bittermelon,Fresh,Fresh,100.0,True
D:/VIT TY SEM5/ML Project/FOODFRESHAI/data/raw/AgriFreshNET Freshness and Shelf-Life Image Datase/Processed Data/Processed Data/Fresh Bittermelon(1-3)/IMG_20251121_081623.jpg,Bittermelon,Fresh,Fresh,100.0,True
D:/VIT TY SEM5/ML Project/FOODFRESHAI/data/raw/AgriFreshNET Freshness and Shelf-Life Image Datase/Processed Data/Processed Data/Fresh Bittermelon(1-3)/IMG_20251121_081701.jpg,Bittermelon,Fresh,Fresh,99.48,True
D:/VIT TY SEM5/ML Project/FOODFRESHAI/data/raw/AgriFreshNET Freshness and Shelf-Life Image Datase/Processed Data/Processed Data/Fresh Bittermelon(1-3)/IMG_20260114_005310.jpg,Bittermelon,Fresh,Fresh,100.0,True
D:/VIT TY SEM5/ML Project/FOODFRESHAI/data/raw/AgriFreshNET Freshness and Shelf-Life Image Datase/Processed Data/Processed Data/Fresh Bittermelon(1-3)/IMG_20260114_005334.jpg,Bittermelon,Fresh,Fresh,100.0,True
D:/VIT TY SEM5/ML Project/FOODFRESHAI/data/raw/AgriFreshNET Freshness and Shelf-Life Image Datase/Processed Data/Processed Data/Fresh Bittermelon(1-3)/IMG_20260114_010521.jpg,Bittermelon,Fresh,Fresh,100.0,True
D:/VIT TY SEM5/ML Project/FOODFRESHAI/data/raw/AgriFreshNET Freshness and Shelf-Life Image Datase/Processed Data/Processed Data/Fresh Bittermelon(1-3)/IMG_20260114_010611.jpg,Bittermelon,Fresh,Fresh,100.0,True
D:/VIT TY SEM5/ML Project/FOODFRESHAI/data/raw/AgriFreshNET Freshness and Shelf-Life Image Datase/Processed Data/Processed Data/Fresh Bittermelon(1-3)/IMG_20260116_025955.jpg,Bittermelon,Fresh,Fresh,100.0,True
D:/VIT TY SEM5/ML Project/FOODFRESHAI/data/raw/AgriFreshNET Freshness and Shelf-Life Image Datase/Processed Data/Processed Data/Fresh Bittermelon(1-3)/IMG_20260116_030021.jpg,Bittermelon,Fresh,Fresh,100.0,True
D:/VIT TY SEM5/ML Project/FOODFRESHAI/data/raw/AgriFreshNET Freshness and Shelf-Life Image Datase/Processed Data/Processed Data/Fresh Bittermelon(1-3)/IMG_20260116_030224.jpg,Bittermelon,Fresh,Fresh,99.99,True
D:/VIT TY SEM5/ML Project/FOODFRESHAI/data/raw/AgriFreshNET Freshness and Shelf-Life Image Datase/Processed Data/Processed Data/Fresh Bittermelon(1-3)/IMG_20260116_030227.jpg,Bittermelon,Fresh,Fresh,99.99,True
D:/VIT TY SEM5/ML Project/FOODFRESHAI/data/raw/AgriFreshNET Freshness and Shelf-Life Image Datase/Processed Data/Processed Data/Fresh Bittermelon(1-3)/IMG_20260116_030238.jpg,Bittermelon,Fresh,Fresh,100.0,True
D:/VIT TY SEM5/ML Project/FOODFRESHAI/data/raw/AgriFreshNET Freshness and Shelf-Life Image Datase/Processed Data/Processed Data/Fresh Bittermelon(1-3)/IMG_20260116_030240.jpg,Bittermelon,Fresh,Fresh,99.98,True
D:/VIT TY SEM5/ML Project/FOODFRESHAI/data/raw/AgriFreshNET Freshness and Shelf-Life Image Datase/Processed Data/Processed Data/Fresh Bittermelon(1-3)/IMG_20260116_030302.jpg,Bittermelon,Fresh,Fresh,100.0,True
D:/VIT TY SEM5/ML Project/FOODFRESHAI/data/raw/AgriFreshNET Freshness and Shelf-Life Image Datase/Processed Data/Processed Data/Fresh Bittermelon(1-3)/IMG_20260116_030314.jpg,Bittermelon,Fresh,Fresh,99.99,True
D:/VIT TY SEM5/ML Project/FOODFRESHAI/data/raw/AgriFreshNET Freshness and Shelf-Life Image Datase/Processed Data/Processed Data/Fresh Cucumber(1-6)/aug_11_IMG_20260114_005454.jpg,Cucumber,Fresh,Semi-Fresh,58.94,False
D:/VIT TY SEM5/ML Project/FOODFRESHAI/data/raw/AgriFreshNET Freshness and Shelf-Life Image Datase/Processed Data/Processed Data/Fresh Cucumber(1-6)/aug_125_IMG_20260114_005454.jpg,Cucumber,Fresh,Semi-Fresh,74.27,False
D:/VIT TY SEM5/ML Project/FOODFRESHAI/data/raw/AgriFreshNET Freshness and Shelf-Life Image Datase/Processed Data/Processed Data/Fresh Cucumber(1-6)/aug_136_IMG_20260114_005454.jpg,Cucumber,Fresh,Semi-Fresh,55.55,False
D:/VIT TY SEM5/ML Project/FOODFRESHAI/data/raw/AgriFreshNET Freshness and Shelf-Life Image Datase/Processed Data/Processed Data/Fresh Cucumber(1-6)/aug_152_IMG_20260114_005445.jpg,Cucumber,Fresh,Fresh,66.03,True
D:/VIT TY SEM5/ML Project/FOODFRESHAI/data/raw/AgriFreshNET Freshness and Shelf-Life Image Datase/Processed Data/Processed Data/Fresh Cucumber(1-6)/aug_160_IMG_20251029_095839.jpg,Cucumber,Fresh,Fresh,99.89,True
D:/VIT TY SEM5/ML Project/FOODFRESHAI/data/raw/AgriFreshNET Freshness and Shelf-Life Image Datase/Processed Data/Processed Data/Fresh Cucumber(1-6)/aug_161_IMG_20260204_151918_1.jpg,Cucumber,Fresh,Fresh,100.0,True
D:/VIT TY SEM5/ML Project/FOODFRESHAI/data/raw/AgriFreshNET Freshness and Shelf-Life Image Datase/Processed Data/Processed Data/Fresh Cucumber(1-6)/aug_163_IMG_20251025_121739.jpg,Cucumber,Fresh,Fresh,100.0,True
D:/VIT TY SEM5/ML Project/FOODFRESHAI/data/raw/AgriFreshNET Freshness and Shelf-Life Image Datase/Processed Data/Processed Data/Fresh Cucumber(1-6)/aug_164_IMG_20260116_030113.jpg,Cucumber,Fresh,Fresh,100.0,True
D:/VIT TY SEM5/ML Project/FOODFRESHAI/data/raw/AgriFreshNET Freshness and Shelf-Life Image Datase/Processed Data/Processed Data/Fresh Cucumber(1-6)/aug_167_IMG_20251025_121808.jpg,Cucumber,Fresh,Fresh,100.0,True
D:/VIT TY SEM5/ML Project/FOODFRESHAI/data/raw/AgriFreshNET Freshness and Shelf-Life Image Datase/Processed Data/Processed Data/Fresh Cucumber(1-6)/aug_184_IMG_20260116_030153.jpg,Cucumber,Fresh,Fresh,99.93,True
D:/VIT TY SEM5/ML Project/FOODFRESHAI/data/raw/AgriFreshNET Freshness and Shelf-Life Image Datase/Processed Data/Processed Data/Fresh Cucumber(1-6)/aug_186_IMG_20260116_030128.jpg,Cucumber,Fresh,Fresh,100.0,True
D:/VIT TY SEM5/ML Project/FOODFRESHAI/data/raw/AgriFreshNET Freshness and Shelf-Life Image Datase/Processed Data/Processed Data/Fresh Cucumber(1-6)/aug_187_IMG_20251025_121808.jpg,Cucumber,Fresh,Fresh,99.99,True
D:/VIT TY SEM5/ML Project/FOODFRESHAI/data/raw/AgriFreshNET Freshness and Shelf-Life Image Datase/Processed Data/Processed Data/Fresh Cucumber(1-6)/aug_19_IMG_20251025_121808.jpg,Cucumber,Fresh,Fresh,99.99,True
D:/VIT TY SEM5/ML Project/FOODFRESHAI/data/raw/AgriFreshNET Freshness and Shelf-Life Image Datase/Processed Data/Processed Data/Fresh Cucumber(1-6)/aug_202_IMG_20251029_095851.jpg,Cucumber,Fresh,Fresh,100.0,True
D:/VIT TY SEM5/ML Project/FOODFRESHAI/data/raw/AgriFreshNET Freshness and Shelf-Life Image Datase/Processed Data/Processed Data/Fresh Cucumber(1-6)/aug_204_IMG_20251025_121808.jpg,Cucumber,Fresh,Fresh,99.97,True
D:/VIT TY SEM5/ML Project/FOODFRESHAI/data/raw/AgriFreshNET Freshness and Shelf-Life Image Datase/Processed Data/Processed Data/Fresh Cucumber(1-6)/aug_210_IMG_20260114_005539.jpg,Cucumber,Fresh,Fresh,64.45,True
D:/VIT TY SEM5/ML Project/FOODFRESHAI/data/raw/AgriFreshNET Freshness and Shelf-Life Image Datase/Processed Data/Processed Data/Fresh Cucumber(1-6)/aug_213_IMG_20251025_121808.jpg,Cucumber,Fresh,Fresh,99.92,True
D:/VIT TY SEM5/ML Project/FOODFRESHAI/data/raw/AgriFreshNET Freshness and Shelf-Life Image Datase/Processed Data/Processed Data/Fresh Cucumber(1-6)/aug_216_IMG_20251029_095851.jpg,Cucumber,Fresh,Fresh,100.0,True
D:/VIT TY SEM5/ML Project/FOODFRESHAI/data/raw/AgriFreshNET Freshness and Shelf-Life Image Datase/Processed Data/Processed Data/Fresh Cucumber(1-6)/aug_224_IMG_20260204_152115.jpg,Cucumber,Fresh,Fresh,100.0,True
D:/VIT TY SEM5/ML Project/FOODFRESHAI/data/raw/AgriFreshNET Freshness and Shelf-Life Image Datase/Processed Data/Processed Data/Fresh Cucumber(1-6)/aug_228_IMG_20260116_030128.jpg,Cucumber,Fresh,Fresh,99.99,True
D:/VIT TY SEM5/ML Project/FOODFRESHAI/data/raw/AgriFreshNET Freshness and Shelf-Life Image Datase/Processed Data/Processed Data/Fresh Cucumber(1-6)/aug_230_IMG_20260114_010235.jpg,Cucumber,Fresh,Fresh,99.98,True
D:/VIT TY SEM5/ML Project/FOODFRESHAI/data/raw/AgriFreshNET Freshness and Shelf-Life Image Datase/Processed Data/Processed Data/Fresh Cucumber(1-6)/aug_24_IMG_20260114_005445.jpg,Cucumber,Fresh,Fresh,81.16,True
D:/VIT TY SEM5/ML Project/FOODFRESHAI/data/raw/AgriFreshNET Freshness and Shelf-Life Image Datase/Processed Data/Processed Data/Fresh Cucumber(1-6)/aug_265_IMG_20260116_030136.jpg,Cucumber,Fresh,Fresh,99.98,True
D:/VIT TY SEM5/ML Project/FOODFRESHAI/data/raw/AgriFreshNET Freshness and Shelf-Life Image Datase/Processed Data/Processed Data/Fresh Cucumber(1-6)/aug_272_IMG_20260114_005454.jpg,Cucumber,Fresh,Semi-Fresh,69.83,False
D:/VIT TY SEM5/ML Project/FOODFRESHAI/data/raw/AgriFreshNET Freshness and Shelf-Life Image Datase/Processed Data/Processed Data/Fresh Cucumber(1-6)/aug_273_IMG_20260204_152115.jpg,Cucumber,Fresh,Fresh,100.0,True
D:/VIT TY SEM5/ML Project/FOODFRESHAI/data/raw/AgriFreshNET Freshness and Shelf-Life Image Datase/Processed Data/Processed Data/Fresh Cucumber(1-6)/aug_275_IMG_20260204_151918_1.jpg,Cucumber,Fresh,Fresh,100.0,True
D:/VIT TY SEM5/ML Project/FOODFRESHAI/data/raw/AgriFreshNET Freshness and Shelf-Life Image Datase/Processed Data/Processed Data/Fresh Cucumber(1-6)/aug_283_IMG_20260204_152024.jpg,Cucumber,Fresh,Fresh,100.0,True
D:/VIT TY SEM5/ML Project/FOODFRESHAI/data/raw/AgriFreshNET Freshness and Shelf-Life Image Datase/Processed Data/Processed Data/Fresh Cucumber(1-6)/aug_28_IMG_20260204_152024.jpg,Cucumber,Fresh,Fresh,99.99,True
D:/VIT TY SEM5/ML Project/FOODFRESHAI/data/raw/AgriFreshNET Freshness and Shelf-Life Image Datase/Processed Data/Processed Data/Fresh Cucumber(1-6)/aug_295_IMG_20260204_151932.jpg,Cucumber,Fresh,Fresh,100.0,True
D:/VIT TY SEM5/ML Project/FOODFRESHAI/data/raw/AgriFreshNET Freshness and Shelf-Life Image Datase/Processed Data/Processed Data/Fresh Cucumber(1-6)/aug_298_IMG_20260204_152024.jpg,Cucumber,Fresh,Fresh,100.0,True
D:/VIT TY SEM5/ML Project/FOODFRESHAI/data/raw/AgriFreshNET Freshness and Shelf-Life Image Datase/Processed Data/Processed Data/Fresh Cucumber(1-6)/aug_2_IMG_20260116_030153.jpg,Cucumber,Fresh,Fresh,100.0,True
D:/VIT TY SEM5/ML Project/FOODFRESHAI/data/raw/AgriFreshNET Freshness and Shelf-Life Image Datase/Processed Data/Processed Data/Fresh Cucumber(1-6)/aug_303_IMG_20251031_164947.jpg,Cucumber,Fresh,Fresh,99.99,True
D:/VIT TY SEM5/ML Project/FOODFRESHAI/data/raw/AgriFreshNET Freshness and Shelf-Life Image Datase/Processed Data/Processed Data/Fresh Cucumber(1-6)/aug_305_IMG_20251029_095851.jpg,Cucumber,Fresh,Fresh,100.0,True
D:/VIT TY SEM5/ML Project/FOODFRESHAI/data/raw/AgriFreshNET Freshness and Shelf-Life Image Datase/Processed Data/Processed Data/Fresh Cucumber(1-6)/aug_306_IMG_20251027_171517.jpg,Cucumber,Fresh,Fresh,100.0,True
D:/VIT TY SEM5/ML Project/FOODFRESHAI/data/raw/AgriFreshNET Freshness and Shelf-Life Image Datase/Processed Data/Processed Data/Fresh Cucumber(1-6)/aug_314_IMG_20251027_171517.jpg,Cucumber,Fresh,Fresh,100.0,True
D:/VIT TY SEM5/ML Project/FOODFRESHAI/data/raw/AgriFreshNET Freshness and Shelf-Life Image Datase/Processed Data/Processed Data/Fresh Cucumber(1-6)/aug_326_IMG_20260204_152024.jpg,Cucumber,Fresh,Fresh,100.0,True
D:/VIT TY SEM5/ML Project/FOODFRESHAI/data/raw/AgriFreshNET Freshness and Shelf-Life Image Datase/Processed Data/Processed Data/Fresh Cucumber(1-6)/aug_329_IMG_20260114_010235.jpg,Cucumber,Fresh,Fresh,99.99,True
D:/VIT TY SEM5/ML Project/FOODFRESHAI/data/raw/AgriFreshNET Freshness and Shelf-Life Image Datase/Processed Data/Processed Data/Fresh Cucumber(1-6)/aug_336_IMG_20251031_164947.jpg,Cucumber,Fresh,Fresh,100.0,True
D:/VIT TY SEM5/ML Project/FOODFRESHAI/data/raw/AgriFreshNET Freshness and Shelf-Life Image Datase/Processed Data/Processed Data/Fresh Cucumber(1-6)/aug_33_IMG_20260114_005458.jpg,Cucumber,Fresh,Fresh,99.79,True
D:/VIT TY SEM5/ML Project/FOODFRESHAI/data/raw/AgriFreshNET Freshness and Shelf-Life Image Datase/Processed Data/Processed Data/Fresh Cucumber(1-6)/aug_342_IMG_20260116_030153.jpg,Cucumber,Fresh,Fresh,100.0,True
D:/VIT TY SEM5/ML Project/FOODFRESHAI/data/raw/AgriFreshNET Freshness and Shelf-Life Image Datase/Processed Data/Processed Data/Fresh Cucumber(1-6)/aug_344_IMG_20251029_095851.jpg,Cucumber,Fresh,Fresh,100.0,True
D:/VIT TY SEM5/ML Project/FOODFRESHAI/data/raw/AgriFreshNET Freshness and Shelf-Life Image Datase/Processed Data/Processed Data/Fresh Cucumber(1-6)/aug_348_IMG_20251031_164947.jpg,Cucumber,Fresh,Fresh,99.99,True
D:/VIT TY SEM5/ML Project/FOODFRESHAI/data/raw/AgriFreshNET Freshness and Shelf-Life Image Datase/Processed Data/Processed Data/Fresh Cucumber(1-6)/aug_35_IMG_20251025_121808.jpg,Cucumber,Fresh,Fresh,99.99,True
D:/VIT TY SEM5/ML Project/FOODFRESHAI/data/raw/AgriFreshNET Freshness and Shelf-Life Image Datase/Processed Data/Processed Data/Fresh Cucumber(1-6)/aug_362_IMG_20260116_030136.jpg,Cucumber,Fresh,Fresh,99.96,True
D:/VIT TY SEM5/ML Project/FOODFRESHAI/data/raw/AgriFreshNET Freshness and Shelf-Life Image Datase/Processed Data/Processed Data/Fresh Cucumber(1-6)/aug_36_IMG_20260204_151918_1.jpg,Cucumber,Fresh,Fresh,100.0,True
D:/VIT TY SEM5/ML Project/FOODFRESHAI/data/raw/AgriFreshNET Freshness and Shelf-Life Image Datase/Processed Data/Processed Data/Fresh Cucumber(1-6)/aug_382_IMG_20260204_151918_1.jpg,Cucumber,Fresh,Fresh,100.0,True
D:/VIT TY SEM5/ML Project/FOODFRESHAI/data/raw/AgriFreshNET Freshness and Shelf-Life Image Datase/Processed Data/Processed Data/Fresh Cucumber(1-6)/aug_389_IMG_20260116_030113.jpg,Cucumber,Fresh,Fresh,100.0,True
D:/VIT TY SEM5/ML Project/FOODFRESHAI/data/raw/AgriFreshNET Freshness and Shelf-Life Image Datase/Processed Data/Processed Data/Fresh Cucumber(1-6)/aug_390_IMG_20260116_030136.jpg,Cucumber,Fresh,Fresh,99.98,True
D:/VIT TY SEM5/ML Project/FOODFRESHAI/data/raw/AgriFreshNET Freshness and Shelf-Life Image Datase/Processed Data/Processed Data/Fresh Cucumber(1-6)/aug_392_IMG_20260116_030128.jpg,Cucumber,Fresh,Fresh,100.0,True
D:/VIT TY SEM5/ML Project/FOODFRESHAI/data/raw/AgriFreshNET Freshness and Shelf-Life Image Datase/Processed Data/Processed Data/Fresh Cucumber(1-6)/aug_398_IMG_20260114_005445.jpg,Cucumber,Fresh,Fresh,88.98,True
D:/VIT TY SEM5/ML Project/FOODFRESHAI/data/raw/AgriFreshNET Freshness and Shelf-Life Image Datase/Processed Data/Processed Data/Fresh Cucumber(1-6)/aug_408_IMG_20260114_005445.jpg,Cucumber,Fresh,Fresh,79.66,True
D:/VIT TY SEM5/ML Project/FOODFRESHAI/data/raw/AgriFreshNET Freshness and Shelf-Life Image Datase/Processed Data/Processed Data/Fresh Cucumber(1-6)/aug_415_IMG_20251031_164947.jpg,Cucumber,Fresh,Fresh,99.99,True
D:/VIT TY SEM5/ML Project/FOODFRESHAI/data/raw/AgriFreshNET Freshness and Shelf-Life Image Datase/Processed Data/Processed Data/Fresh Cucumber(1-6)/aug_436_IMG_20260116_030047.jpg,Cucumber,Fresh,Fresh,100.0,True
D:/VIT TY SEM5/ML Project/FOODFRESHAI/data/raw/AgriFreshNET Freshness and Shelf-Life Image Datase/Processed Data/Processed Data/Fresh Cucumber(1-6)/aug_439_IMG_20260204_152024.jpg,Cucumber,Fresh,Fresh,99.99,True
D:/VIT TY SEM5/ML Project/FOODFRESHAI/data/raw/AgriFreshNET Freshness and Shelf-Life Image Datase/Processed Data/Processed Data/Fresh Cucumber(1-6)/aug_441_IMG_20260114_005539.jpg,Cucumber,Fresh,Fresh,67.29,True
D:/VIT TY SEM5/ML Project/FOODFRESHAI/data/raw/AgriFreshNET Freshness and Shelf-Life Image Datase/Processed Data/Processed Data/Fresh Cucumber(1-6)/aug_47_IMG_20260116_030113.jpg,Cucumber,Fresh,Fresh,100.0,True
D:/VIT TY SEM5/ML Project/FOODFRESHAI/data/raw/AgriFreshNET Freshness and Shelf-Life Image Datase/Processed Data/Processed Data/Fresh Cucumber(1-6)/aug_49_IMG_20260204_152024.jpg,Cucumber,Fresh,Fresh,100.0,True
D:/VIT TY SEM5/ML Project/FOODFRESHAI/data/raw/AgriFreshNET Freshness and Shelf-Life Image Datase/Processed Data/Processed Data/Fresh Cucumber(1-6)/aug_50_IMG_20260116_030113.jpg,Cucumber,Fresh,Fresh,100.0,True
D:/VIT TY SEM5/ML Project/FOODFRESHAI/data/raw/AgriFreshNET Freshness and Shelf-Life Image Datase/Processed Data/Processed Data/Fresh Cucumber(1-6)/aug_53_IMG_20251031_164947.jpg,Cucumber,Fresh,Fresh,99.99,True
D:/VIT TY SEM5/ML Project/FOODFRESHAI/data/raw/AgriFreshNET Freshness and Shelf-Life Image Datase/Processed Data/Processed Data/Fresh Cucumber(1-6)/aug_54_IMG_20260114_010235.jpg,Cucumber,Fresh,Fresh,99.95,True
D:/VIT TY SEM5/ML Project/FOODFRESHAI/data/raw/AgriFreshNET Freshness and Shelf-Life Image Datase/Processed Data/Processed Data/Fresh Cucumber(1-6)/aug_60_IMG_20251025_121739.jpg,Cucumber,Fresh,Fresh,100.0,True
D:/VIT TY SEM5/ML Project/FOODFRESHAI/data/raw/AgriFreshNET Freshness and Shelf-Life Image Datase/Processed Data/Processed Data/Fresh Cucumber(1-6)/aug_69_IMG_20260114_010345.jpg,Cucumber,Fresh,Fresh,98.23,True
D:/VIT TY SEM5/ML Project/FOODFRESHAI/data/raw/AgriFreshNET Freshness and Shelf-Life Image Datase/Processed Data/Processed Data/Fresh Cucumber(1-6)/aug_71_IMG_20260114_005458.jpg,Cucumber,Fresh,Fresh,99.74,True
D:/VIT TY SEM5/ML Project/FOODFRESHAI/data/raw/AgriFreshNET Freshness and Shelf-Life Image Datase/Processed Data/Processed Data/Fresh Cucumber(1-6)/aug_75_IMG_20251031_164947.jpg,Cucumber,Fresh,Fresh,99.99,True
D:/VIT TY SEM5/ML Project/FOODFRESHAI/data/raw/AgriFreshNET Freshness and Shelf-Life Image Datase/Processed Data/Processed Data/Fresh Cucumber(1-6)/aug_76_IMG_20251029_095839.jpg,Cucumber,Fresh,Fresh,99.9,True
D:/VIT TY SEM5/ML Project/FOODFRESHAI/data/raw/AgriFreshNET Freshness and Shelf-Life Image Datase/Processed Data/Processed Data/Fresh Cucumber(1-6)/aug_80_IMG_20260116_030136.jpg,Cucumber,Fresh,Fresh,99.97,True
D:/VIT TY SEM5/ML Project/FOODFRESHAI/data/raw/AgriFreshNET Freshness and Shelf-Life Image Datase/Processed Data/Processed Data/Fresh Cucumber(1-6)/aug_93_IMG_20260116_030047.jpg,Cucumber,Fresh,Fresh,100.0,True
D:/VIT TY SEM5/ML Project/FOODFRESHAI/data/raw/AgriFreshNET Freshness and Shelf-Life Image Datase/Processed Data/Processed Data/Fresh Cucumber(1-6)/IMG_20251025_121739.jpg,Cucumber,Fresh,Fresh,100.0,True
D:/VIT TY SEM5/ML Project/FOODFRESHAI/data/raw/AgriFreshNET Freshness and Shelf-Life Image Datase/Processed Data/Processed Data/Fresh Cucumber(1-6)/IMG_20251025_121808.jpg,Cucumber,Fresh,Fresh,99.99,True
D:/VIT TY SEM5/ML Project/FOODFRESHAI/data/raw/AgriFreshNET Freshness and Shelf-Life Image Datase/Processed Data/Processed Data/Fresh Cucumber(1-6)/IMG_20251027_171517.jpg,Cucumber,Fresh,Fresh,100.0,True
D:/VIT TY SEM5/ML Project/FOODFRESHAI/data/raw/AgriFreshNET Freshness and Shelf-Life Image Datase/Processed Data/Processed Data/Fresh Cucumber(1-6)/IMG_20251029_095839.jpg,Cucumber,Fresh,Fresh,99.91,True
D:/VIT TY SEM5/ML Project/FOODFRESHAI/data/raw/AgriFreshNET Freshness and Shelf-Life Image Datase/Processed Data/Processed Data/Fresh Cucumber(1-6)/IMG_20251029_095851.jpg,Cucumber,Fresh,Fresh,100.0,True
D:/VIT TY SEM5/ML Project/FOODFRESHAI/data/raw/AgriFreshNET Freshness and Shelf-Life Image Datase/Processed Data/Processed Data/Fresh Cucumber(1-6)/IMG_20251031_164947.jpg,Cucumber,Fresh,Fresh,99.99,True
D:/VIT TY SEM5/ML Project/FOODFRESHAI/data/raw/AgriFreshNET Freshness and Shelf-Life Image Datase/Processed Data/Processed Data/Fresh Cucumber(1-6)/IMG_20260114_005445.jpg,Cucumber,Fresh,Fresh,65.0,True
D:/VIT TY SEM5/ML Project/FOODFRESHAI/data/raw/AgriFreshNET Freshness and Shelf-Life Image Datase/Processed Data/Processed Data/Fresh Cucumber(1-6)/IMG_20260114_005454.jpg,Cucumber,Fresh,Fresh,59.26,True
D:/VIT TY SEM5/ML Project/FOODFRESHAI/data/raw/AgriFreshNET Freshness and Shelf-Life Image Datase/Processed Data/Processed Data/Fresh Cucumber(1-6)/IMG_20260114_005458.jpg,Cucumber,Fresh,Fresh,99.85,True
D:/VIT TY SEM5/ML Project/FOODFRESHAI/data/raw/AgriFreshNET Freshness and Shelf-Life Image Datase/Processed Data/Processed Data/Fresh Cucumber(1-6)/IMG_20260114_005539.jpg,Cucumber,Fresh,Fresh,63.95,True
D:/VIT TY SEM5/ML Project/FOODFRESHAI/data/raw/AgriFreshNET Freshness and Shelf-Life Image Datase/Processed Data/Processed Data/Fresh Cucumber(1-6)/IMG_20260114_010235.jpg,Cucumber,Fresh,Fresh,99.98,True
D:/VIT TY SEM5/ML Project/FOODFRESHAI/data/raw/AgriFreshNET Freshness and Shelf-Life Image Datase/Processed Data/Processed Data/Fresh Cucumber(1-6)/IMG_20260114_010322.jpg,Cucumber,Fresh,Fresh,99.95,True
D:/VIT TY SEM5/ML Project/FOODFRESHAI/data/raw/AgriFreshNET Freshness and Shelf-Life Image Datase/Processed Data/Processed Data/Fresh Cucumber(1-6)/IMG_20260114_010345.jpg,Cucumber,Fresh,Fresh,98.23,True
D:/VIT TY SEM5/ML Project/FOODFRESHAI/data/raw/AgriFreshNET Freshness and Shelf-Life Image Datase/Processed Data/Processed Data/Fresh Cucumber(1-6)/IMG_20260116_030047.jpg,Cucumber,Fresh,Fresh,100.0,True
D:/VIT TY SEM5/ML Project/FOODFRESHAI/data/raw/AgriFreshNET Freshness and Shelf-Life Image Datase/Processed Data/Processed Data/Fresh Cucumber(1-6)/IMG_20260116_030113.jpg,Cucumber,Fresh,Fresh,100.0,True
D:/VIT TY SEM5/ML Project/FOODFRESHAI/data/raw/AgriFreshNET Freshness and Shelf-Life Image Datase/Processed Data/Processed Data/Fresh Cucumber(1-6)/IMG_20260116_030128.jpg,Cucumber,Fresh,Fresh,100.0,True
D:/VIT TY SEM5/ML Project/FOODFRESHAI/data/raw/AgriFreshNET Freshness and Shelf-Life Image Datase/Processed Data/Processed Data/Fresh Cucumber(1-6)/IMG_20260116_030136.jpg,Cucumber,Fresh,Fresh,99.98,True
D:/VIT TY SEM5/ML Project/FOODFRESHAI/data/raw/AgriFreshNET Freshness and Shelf-Life Image Datase/Processed Data/Processed Data/Fresh Cucumber(1-6)/IMG_20260116_030153.jpg,Cucumber,Fresh,Fresh,100.0,True
D:/VIT TY SEM5/ML Project/FOODFRESHAI/data/raw/AgriFreshNET Freshness and Shelf-Life Image Datase/Processed Data/Processed Data/Fresh Cucumber(1-6)/IMG_20260204_151918_1.jpg,Cucumber,Fresh,Fresh,100.0,True
D:/VIT TY SEM5/ML Project/FOODFRESHAI/data/raw/AgriFreshNET Freshness and Shelf-Life Image Datase/Processed Data/Processed Data/Fresh Cucumber(1-6)/IMG_20260204_151932.jpg,Cucumber,Fresh,Fresh,100.0,True
D:/VIT TY SEM5/ML Project/FOODFRESHAI/data/raw/AgriFreshNET Freshness and Shelf-Life Image Datase/Processed Data/Processed Data/Fresh Cucumber(1-6)/IMG_20260204_152024.jpg,Cucumber,Fresh,Fresh,100.0,True
D:/VIT TY SEM5/ML Project/FOODFRESHAI/data/raw/AgriFreshNET Freshness and Shelf-Life Image Datase/Processed Data/Processed Data/Fresh Cucumber(1-6)/IMG_20260204_152115.jpg,Cucumber,Fresh,Fresh,100.0,True
D:/VIT TY SEM5/ML Project/FOODFRESHAI/data/raw/AgriFreshNET Freshness and Shelf-Life Image Datase/Processed Data/Processed Data/Fresh eggplant(1-4)/aug_100_IMG_20251118_164855671_HDR.jpg,Eggplant,Fresh,Fresh,99.8,True
D:/VIT TY SEM5/ML Project/FOODFRESHAI/data/raw/AgriFreshNET Freshness and Shelf-Life Image Datase/Processed Data/Processed Data/Fresh eggplant(1-4)/aug_105_IMG_20251121_143557066_HDR_AE.jpg,Eggplant,Fresh,Fresh,100.0,True
D:/VIT TY SEM5/ML Project/FOODFRESHAI/data/raw/AgriFreshNET Freshness and Shelf-Life Image Datase/Processed Data/Processed Data/Fresh eggplant(1-4)/aug_121_IMG_20251119_200025240_HDR.jpg,Eggplant,Fresh,Fresh,99.88,True
D:/VIT TY SEM5/ML Project/FOODFRESHAI/data/raw/AgriFreshNET Freshness and Shelf-Life Image Datase/Processed Data/Processed Data/Fresh eggplant(1-4)/aug_125_IMG_20251119_195532107_HDR.jpg,Eggplant,Fresh,Fresh,99.91,True
D:/VIT TY SEM5/ML Project/FOODFRESHAI/data/raw/AgriFreshNET Freshness and Shelf-Life Image Datase/Processed Data/Processed Data/Fresh eggplant(1-4)/aug_128_IMG_20251125_210940899_HDR.jpg,Eggplant,Fresh,Fresh,100.0,True
D:/VIT TY SEM5/ML Project/FOODFRESHAI/data/raw/AgriFreshNET Freshness and Shelf-Life Image Datase/Processed Data/Processed Data/Fresh eggplant(1-4)/aug_129_IMG_20251120_202234706_HDR.jpg,Eggplant,Fresh,Fresh,99.79,True
D:/VIT TY SEM5/ML Project/FOODFRESHAI/data/raw/AgriFreshNET Freshness and Shelf-Life Image Datase/Processed Data/Processed Data/Fresh eggplant(1-4)/aug_149_IMG_20251120_201754822_HDR.jpg,Eggplant,Fresh,Fresh,99.39,True
D:/VIT TY SEM5/ML Project/FOODFRESHAI/data/raw/AgriFreshNET Freshness and Shelf-Life Image Datase/Processed Data/Processed Data/Fresh eggplant(1-4)/aug_14_IMG_20251119_195540157_HDR.jpg,Eggplant,Fresh,Fresh,88.53,True
D:/VIT TY SEM5/ML Project/FOODFRESHAI/data/raw/AgriFreshNET Freshness and Shelf-Life Image Datase/Processed Data/Processed Data/Fresh eggplant(1-4)/aug_153_IMG_20251119_195532107_HDR.jpg,Eggplant,Fresh,Fresh,99.97,True
D:/VIT TY SEM5/ML Project/FOODFRESHAI/data/raw/AgriFreshNET Freshness and Shelf-Life Image Datase/Processed Data/Processed Data/Fresh eggplant(1-4)/aug_177_IMG_20251107_114525973_HDR_AE.jpg,Eggplant,Fresh,Fresh,100.0,True
D:/VIT TY SEM5/ML Project/FOODFRESHAI/data/raw/AgriFreshNET Freshness and Shelf-Life Image Datase/Processed Data/Processed Data/Fresh eggplant(1-4)/aug_182_IMG_20251119_195540157_HDR.jpg,Eggplant,Fresh,Fresh,99.04,True
D:/VIT TY SEM5/ML Project/FOODFRESHAI/data/raw/AgriFreshNET Freshness and Shelf-Life Image Datase/Processed Data/Processed Data/Fresh eggplant(1-4)/aug_183_IMG_20251119_195532107_HDR.jpg,Eggplant,Fresh,Fresh,99.95,True
D:/VIT TY SEM5/ML Project/FOODFRESHAI/data/raw/AgriFreshNET Freshness and Shelf-Life Image Datase/Processed Data/Processed Data/Fresh eggplant(1-4)/aug_190_IMG_20251108_122057558_HDR_AE.jpg,Eggplant,Fresh,Fresh,98.7,True
D:/VIT TY SEM5/ML Project/FOODFRESHAI/data/raw/AgriFreshNET Freshness and Shelf-Life Image Datase/Processed Data/Processed Data/Fresh eggplant(1-4)/aug_199_IMG_20251119_195532107_HDR.jpg,Eggplant,Fresh,Fresh,99.95,True
D:/VIT TY SEM5/ML Project/FOODFRESHAI/data/raw/AgriFreshNET Freshness and Shelf-Life Image Datase/Processed Data/Processed Data/Fresh eggplant(1-4)/aug_206_IMG_20251119_195804531_HDR.jpg,Eggplant,Fresh,Fresh,100.0,True
D:/VIT TY SEM5/ML Project/FOODFRESHAI/data/raw/AgriFreshNET Freshness and Shelf-Life Image Datase/Processed Data/Processed Data/Fresh eggplant(1-4)/aug_21_IMG_20251127_192903051_HDR.jpg,Eggplant,Fresh,Fresh,66.33,True
D:/VIT TY SEM5/ML Project/FOODFRESHAI/data/raw/AgriFreshNET Freshness and Shelf-Life Image Datase/Processed Data/Processed Data/Fresh eggplant(1-4)/aug_221_IMG_20251122_205848290_HDR.jpg,Eggplant,Fresh,Fresh,90.05,True
D:/VIT TY SEM5/ML Project/FOODFRESHAI/data/raw/AgriFreshNET Freshness and Shelf-Life Image Datase/Processed Data/Processed Data/Fresh eggplant(1-4)/aug_223_IMG_20251123_221929750_HDR.jpg,Eggplant,Fresh,Fresh,99.99,True
D:/VIT TY SEM5/ML Project/FOODFRESHAI/data/raw/AgriFreshNET Freshness and Shelf-Life Image Datase/Processed Data/Processed Data/Fresh eggplant(1-4)/aug_226_IMG_20251120_201725002_HDR.jpg,Eggplant,Fresh,Fresh,99.59,True
D:/VIT TY SEM5/ML Project/FOODFRESHAI/data/raw/AgriFreshNET Freshness and Shelf-Life Image Datase/Processed Data/Processed Data/Fresh eggplant(1-4)/aug_238_IMG_20251119_195532107_HDR.jpg,Eggplant,Fresh,Fresh,99.6,True
D:/VIT TY SEM5/ML Project/FOODFRESHAI/data/raw/AgriFreshNET Freshness and Shelf-Life Image Datase/Processed Data/Processed Data/Fresh eggplant(1-4)/aug_244_IMG_20251119_195532107_HDR.jpg,Eggplant,Fresh,Fresh,99.97,True
D:/VIT TY SEM5/ML Project/FOODFRESHAI/data/raw/AgriFreshNET Freshness and Shelf-Life Image Datase/Processed Data/Processed Data/Fresh eggplant(1-4)/aug_250_IMG_20251120_202234706_HDR.jpg,Eggplant,Fresh,Fresh,99.24,True
D:/VIT TY SEM5/ML Project/FOODFRESHAI/data/raw/AgriFreshNET Freshness and Shelf-Life Image Datase/Processed Data/Processed Data/Fresh eggplant(1-4)/aug_252_IMG_20251119_200004646_HDR.jpg,Eggplant,Fresh,Fresh,99.81,True
D:/VIT TY SEM5/ML Project/FOODFRESHAI/data/raw/AgriFreshNET Freshness and Shelf-Life Image Datase/Processed Data/Processed Data/Fresh eggplant(1-4)/aug_261_IMG_20251123_221929750_HDR.jpg,Eggplant,Fresh,Fresh,99.99,True
D:/VIT TY SEM5/ML Project/FOODFRESHAI/data/raw/AgriFreshNET Freshness and Shelf-Life Image Datase/Processed Data/Processed Data/Fresh eggplant(1-4)/aug_263_IMG_20251127_192835022_HDR.jpg,Eggplant,Fresh,Fresh,100.0,True
D:/VIT TY SEM5/ML Project/FOODFRESHAI/data/raw/AgriFreshNET Freshness and Shelf-Life Image Datase/Processed Data/Processed Data/Fresh eggplant(1-4)/aug_265_IMG_20251122_205848290_HDR.jpg,Eggplant,Fresh,Fresh,93.31,True
D:/VIT TY SEM5/ML Project/FOODFRESHAI/data/raw/AgriFreshNET Freshness and Shelf-Life Image Datase/Processed Data/Processed Data/Fresh eggplant(1-4)/aug_275_IMG_20251119_195540157_HDR.jpg,Eggplant,Fresh,Fresh,88.48,True
D:/VIT TY SEM5/ML Project/FOODFRESHAI/data/raw/AgriFreshNET Freshness and Shelf-Life Image Datase/Processed Data/Processed Data/Fresh eggplant(1-4)/aug_282_IMG_20251120_202234706_HDR.jpg,Eggplant,Fresh,Fresh,99.76,True
D:/VIT TY SEM5/ML Project/FOODFRESHAI/data/raw/AgriFreshNET Freshness and Shelf-Life Image Datase/Processed Data/Processed Data/Fresh eggplant(1-4)/aug_283_IMG_20251123_221936395_HDR.jpg,Eggplant,Fresh,Fresh,99.93,True
D:/VIT TY SEM5/ML Project/FOODFRESHAI/data/raw/AgriFreshNET Freshness and Shelf-Life Image Datase/Processed Data/Processed Data/Fresh eggplant(1-4)/aug_286_IMG_20251127_192835022_HDR.jpg,Eggplant,Fresh,Fresh,100.0,True
D:/VIT TY SEM5/ML Project/FOODFRESHAI/data/raw/AgriFreshNET Freshness and Shelf-Life Image Datase/Processed Data/Processed Data/Fresh eggplant(1-4)/aug_28_IMG_20251125_210940899_HDR.jpg,Eggplant,Fresh,Fresh,100.0,True
D:/VIT TY SEM5/ML Project/FOODFRESHAI/data/raw/AgriFreshNET Freshness and Shelf-Life Image Datase/Processed Data/Processed Data/Fresh eggplant(1-4)/aug_294_IMG_20251118_164855671_HDR.jpg,Eggplant,Fresh,Fresh,99.76,True
D:/VIT TY SEM5/ML Project/FOODFRESHAI/data/raw/AgriFreshNET Freshness and Shelf-Life Image Datase/Processed Data/Processed Data/Fresh eggplant(1-4)/aug_302_IMG_20251121_143557066_HDR_AE.jpg,Eggplant,Fresh,Fresh,100.0,True
D:/VIT TY SEM5/ML Project/FOODFRESHAI/data/raw/AgriFreshNET Freshness and Shelf-Life Image Datase/Processed Data/Processed Data/Fresh eggplant(1-4)/aug_303_IMG_20251119_195532107_HDR.jpg,Eggplant,Fresh,Fresh,97.95,True
D:/VIT TY SEM5/ML Project/FOODFRESHAI/data/raw/AgriFreshNET Freshness and Shelf-Life Image Datase/Processed Data/Processed Data/Fresh eggplant(1-4)/aug_308_IMG_20251122_205643417_HDR.jpg,Eggplant,Fresh,Fresh,84.65,True
D:/VIT TY SEM5/ML Project/FOODFRESHAI/data/raw/AgriFreshNET Freshness and Shelf-Life Image Datase/Processed Data/Processed Data/Fresh eggplant(1-4)/aug_312_IMG_20251120_202234706_HDR.jpg,Eggplant,Fresh,Fresh,99.72,True
D:/VIT TY SEM5/ML Project/FOODFRESHAI/data/raw/AgriFreshNET Freshness and Shelf-Life Image Datase/Processed Data/Processed Data/Fresh eggplant(1-4)/aug_316_IMG_20251123_221929750_HDR.jpg,Eggplant,Fresh,Fresh,99.99,True
D:/VIT TY SEM5/ML Project/FOODFRESHAI/data/raw/AgriFreshNET Freshness and Shelf-Life Image Datase/Processed Data/Processed Data/Fresh eggplant(1-4)/aug_31_IMG_20251123_221831242_HDR.jpg,Eggplant,Fresh,Fresh,99.98,True
D:/VIT TY SEM5/ML Project/FOODFRESHAI/data/raw/AgriFreshNET Freshness and Shelf-Life Image Datase/Processed Data/Processed Data/Fresh eggplant(1-4)/aug_321_IMG_20251119_195532107_HDR.jpg,Eggplant,Fresh,Fresh,99.94,True
D:/VIT TY SEM5/ML Project/FOODFRESHAI/data/raw/AgriFreshNET Freshness and Shelf-Life Image Datase/Processed Data/Processed Data/Fresh eggplant(1-4)/aug_322_IMG_20251125_210952009_HDR.jpg,Eggplant,Fresh,Fresh,99.27,True
D:/VIT TY SEM5/ML Project/FOODFRESHAI/data/raw/AgriFreshNET Freshness and Shelf-Life Image Datase/Processed Data/Processed Data/Fresh eggplant(1-4)/aug_327_IMG_20251121_143547469_HDR_AE.jpg,Eggplant,Fresh,Fresh,100.0,True
D:/VIT TY SEM5/ML Project/FOODFRESHAI/data/raw/AgriFreshNET Freshness and Shelf-Life Image Datase/Processed Data/Processed Data/Fresh eggplant(1-4)/aug_32_IMG_20251123_221936395_HDR.jpg,Eggplant,Fresh,Fresh,99.99,True
D:/VIT TY SEM5/ML Project/FOODFRESHAI/data/raw/AgriFreshNET Freshness and Shelf-Life Image Datase/Processed Data/Processed Data/Fresh eggplant(1-4)/aug_332_IMG_20251119_195626724_HDR.jpg,Eggplant,Fresh,Fresh,99.78,True
D:/VIT TY SEM5/ML Project/FOODFRESHAI/data/raw/AgriFreshNET Freshness and Shelf-Life Image Datase/Processed Data/Processed Data/Fresh eggplant(1-4)/aug_337_IMG_20251119_195532107_HDR.jpg,Eggplant,Fresh,Fresh,99.04,True
D:/VIT TY SEM5/ML Project/FOODFRESHAI/data/raw/AgriFreshNET Freshness and Shelf-Life Image Datase/Processed Data/Processed Data/Fresh eggplant(1-4)/aug_343_IMG_20251108_122039706_HDR_AE.jpg,Eggplant,Fresh,Fresh,67.64,True
D:/VIT TY SEM5/ML Project/FOODFRESHAI/data/raw/AgriFreshNET Freshness and Shelf-Life Image Datase/Processed Data/Processed Data/Fresh eggplant(1-4)/aug_347_IMG_20251119_195626724_HDR.jpg,Eggplant,Fresh,Fresh,99.8,True
D:/VIT TY SEM5/ML Project/FOODFRESHAI/data/raw/AgriFreshNET Freshness and Shelf-Life Image Datase/Processed Data/Processed Data/Fresh eggplant(1-4)/aug_352_IMG_20251119_195729369_HDR.jpg,Eggplant,Fresh,Fresh,99.99,True
D:/VIT TY SEM5/ML Project/FOODFRESHAI/data/raw/AgriFreshNET Freshness and Shelf-Life Image Datase/Processed Data/Processed Data/Fresh eggplant(1-4)/aug_41_IMG_20251119_195620867_HDR.jpg,Eggplant,Fresh,Fresh,99.94,True
D:/VIT TY SEM5/ML Project/FOODFRESHAI/data/raw/AgriFreshNET Freshness and Shelf-Life Image Datase/Processed Data/Processed Data/Fresh eggplant(1-4)/aug_49_IMG_20251127_192835022_HDR.jpg,Eggplant,Fresh,Fresh,100.0,True
D:/VIT TY SEM5/ML Project/FOODFRESHAI/data/raw/AgriFreshNET Freshness and Shelf-Life Image Datase/Processed Data/Processed Data/Fresh eggplant(1-4)/aug_56_IMG_20251127_192929876_HDR.jpg,Eggplant,Fresh,Fresh,99.99,True
D:/VIT TY SEM5/ML Project/FOODFRESHAI/data/raw/AgriFreshNET Freshness and Shelf-Life Image Datase/Processed Data/Processed Data/Fresh eggplant(1-4)/aug_75_IMG_20251107_114525973_HDR_AE.jpg,Eggplant,Fresh,Fresh,100.0,True
D:/VIT TY SEM5/ML Project/FOODFRESHAI/data/raw/AgriFreshNET Freshness and Shelf-Life Image Datase/Processed Data/Processed Data/Fresh eggplant(1-4)/aug_84_IMG_20251119_200004646_HDR.jpg,Eggplant,Fresh,Fresh,99.68,True
D:/VIT TY SEM5/ML Project/FOODFRESHAI/data/raw/AgriFreshNET Freshness and Shelf-Life Image Datase/Processed Data/Processed Data/Fresh eggplant(1-4)/aug_87_IMG_20251125_210952009_HDR.jpg,Eggplant,Fresh,Fresh,99.79,True
D:/VIT TY SEM5/ML Project/FOODFRESHAI/data/raw/AgriFreshNET Freshness and Shelf-Life Image Datase/Processed Data/Processed Data/Fresh eggplant(1-4)/aug_88_IMG_20251119_195532107_HDR.jpg,Eggplant,Fresh,Fresh,99.83,True
D:/VIT TY SEM5/ML Project/FOODFRESHAI/data/raw/AgriFreshNET Freshness and Shelf-Life Image Datase/Processed Data/Processed Data/Fresh eggplant(1-4)/aug_89_IMG_20251123_221713227_HDR.jpg,Eggplant,Fresh,Fresh,100.0,True
D:/VIT TY SEM5/ML Project/FOODFRESHAI/data/raw/AgriFreshNET Freshness and Shelf-Life Image Datase/Processed Data/Processed Data/Fresh eggplant(1-4)/aug_94_IMG_20251120_202234706_HDR.jpg,Eggplant,Fresh,Fresh,99.67,True
D:/VIT TY SEM5/ML Project/FOODFRESHAI/data/raw/AgriFreshNET Freshness and Shelf-Life Image Datase/Processed Data/Processed Data/Fresh eggplant(1-4)/aug_9_IMG_20251127_192941460_HDR.jpg,Eggplant,Fresh,Fresh,98.94,True
D:/VIT TY SEM5/ML Project/FOODFRESHAI/data/raw/AgriFreshNET Freshness and Shelf-Life Image Datase/Processed Data/Processed Data/Fresh eggplant(1-4)/IMG_20251107_114525973_HDR_AE.jpg,Eggplant,Fresh,Fresh,100.0,True
D:/VIT TY SEM5/ML Project/FOODFRESHAI/data/raw/AgriFreshNET Freshness and Shelf-Life Image Datase/Processed Data/Processed Data/Fresh eggplant(1-4)/IMG_20251108_122039706_HDR_AE.jpg,Eggplant,Fresh,Fresh,49.97,True
D:/VIT TY SEM5/ML Project/FOODFRESHAI/data/raw/AgriFreshNET Freshness and Shelf-Life Image Datase/Processed Data/Processed Data/Fresh eggplant(1-4)/IMG_20251108_122057558_HDR_AE.jpg,Eggplant,Fresh,Fresh,99.0,True
D:/VIT TY SEM5/ML Project/FOODFRESHAI/data/raw/AgriFreshNET Freshness and Shelf-Life Image Datase/Processed Data/Processed Data/Fresh eggplant(1-4)/IMG_20251118_164855671_HDR.jpg,Eggplant,Fresh,Fresh,99.74,True
D:/VIT TY SEM5/ML Project/FOODFRESHAI/data/raw/AgriFreshNET Freshness and Shelf-Life Image Datase/Processed Data/Processed Data/Fresh eggplant(1-4)/IMG_20251118_164946755_HDR.jpg,Eggplant,Fresh,Fresh,100.0,True
D:/VIT TY SEM5/ML Project/FOODFRESHAI/data/raw/AgriFreshNET Freshness and Shelf-Life Image Datase/Processed Data/Processed Data/Fresh eggplant(1-4)/IMG_20251119_195532107_HDR.jpg,Eggplant,Fresh,Fresh,99.95,True
D:/VIT TY SEM5/ML Project/FOODFRESHAI/data/raw/AgriFreshNET Freshness and Shelf-Life Image Datase/Processed Data/Processed Data/Fresh eggplant(1-4)/IMG_20251119_195540157_HDR.jpg,Eggplant,Fresh,Fresh,95.99,True
D:/VIT TY SEM5/ML Project/FOODFRESHAI/data/raw/AgriFreshNET Freshness and Shelf-Life Image Datase/Processed Data/Processed Data/Fresh eggplant(1-4)/IMG_20251119_195620867_HDR.jpg,Eggplant,Fresh,Fresh,99.93,True
D:/VIT TY SEM5/ML Project/FOODFRESHAI/data/raw/AgriFreshNET Freshness and Shelf-Life Image Datase/Processed Data/Processed Data/Fresh eggplant(1-4)/IMG_20251119_195626724_HDR.jpg,Eggplant,Fresh,Fresh,99.71,True
D:/VIT TY SEM5/ML Project/FOODFRESHAI/data/raw/AgriFreshNET Freshness and Shelf-Life Image Datase/Processed Data/Processed Data/Fresh eggplant(1-4)/IMG_20251119_195729369_HDR.jpg,Eggplant,Fresh,Fresh,99.99,True
D:/VIT TY SEM5/ML Project/FOODFRESHAI/data/raw/AgriFreshNET Freshness and Shelf-Life Image Datase/Processed Data/Processed Data/Fresh eggplant(1-4)/IMG_20251119_195804531_HDR.jpg,Eggplant,Fresh,Fresh,100.0,True
D:/VIT TY SEM5/ML Project/FOODFRESHAI/data/raw/AgriFreshNET Freshness and Shelf-Life Image Datase/Processed Data/Processed Data/Fresh eggplant(1-4)/IMG_20251119_200004646_HDR.jpg,Eggplant,Fresh,Fresh,99.7,True
D:/VIT TY SEM5/ML Project/FOODFRESHAI/data/raw/AgriFreshNET Freshness and Shelf-Life Image Datase/Processed Data/Processed Data/Fresh eggplant(1-4)/IMG_20251119_200025240_HDR.jpg,Eggplant,Fresh,Fresh,99.95,True
D:/VIT TY SEM5/ML Project/FOODFRESHAI/data/raw/AgriFreshNET Freshness and Shelf-Life Image Datase/Processed Data/Processed Data/Fresh eggplant(1-4)/IMG_20251119_200055132_HDR.jpg,Eggplant,Fresh,Semi-Fresh,74.9,False
D:/VIT TY SEM5/ML Project/FOODFRESHAI/data/raw/AgriFreshNET Freshness and Shelf-Life Image Datase/Processed Data/Processed Data/Fresh eggplant(1-4)/IMG_20251120_201549542_HDR.jpg,Eggplant,Fresh,Fresh,99.97,True
D:/VIT TY SEM5/ML Project/FOODFRESHAI/data/raw/AgriFreshNET Freshness and Shelf-Life Image Datase/Processed Data/Processed Data/Fresh eggplant(1-4)/IMG_20251120_201725002_HDR.jpg,Eggplant,Fresh,Fresh,99.91,True
D:/VIT TY SEM5/ML Project/FOODFRESHAI/data/raw/AgriFreshNET Freshness and Shelf-Life Image Datase/Processed Data/Processed Data/Fresh eggplant(1-4)/IMG_20251120_201754822_HDR.jpg,Eggplant,Fresh,Fresh,99.47,True
D:/VIT TY SEM5/ML Project/FOODFRESHAI/data/raw/AgriFreshNET Freshness and Shelf-Life Image Datase/Processed Data/Processed Data/Fresh eggplant(1-4)/IMG_20251120_202234706_HDR.jpg,Eggplant,Fresh,Fresh,99.55,True
D:/VIT TY SEM5/ML Project/FOODFRESHAI/data/raw/AgriFreshNET Freshness and Shelf-Life Image Datase/Processed Data/Processed Data/Fresh eggplant(1-4)/IMG_20251120_202246566_HDR.jpg,Eggplant,Fresh,Semi-Fresh,91.67,False
D:/VIT TY SEM5/ML Project/FOODFRESHAI/data/raw/AgriFreshNET Freshness and Shelf-Life Image Datase/Processed Data/Processed Data/Fresh eggplant(1-4)/IMG_20251121_143547469_HDR_AE.jpg,Eggplant,Fresh,Fresh,100.0,True
D:/VIT TY SEM5/ML Project/FOODFRESHAI/data/raw/AgriFreshNET Freshness and Shelf-Life Image Datase/Processed Data/Processed Data/Fresh eggplant(1-4)/IMG_20251121_143557066_HDR_AE.jpg,Eggplant,Fresh,Fresh,100.0,True
D:/VIT TY SEM5/ML Project/FOODFRESHAI/data/raw/AgriFreshNET Freshness and Shelf-Life Image Datase/Processed Data/Processed Data/Fresh eggplant(1-4)/IMG_20251122_205626547_HDR.jpg,Eggplant,Fresh,Fresh,98.9,True
D:/VIT TY SEM5/ML Project/FOODFRESHAI/data/raw/AgriFreshNET Freshness and Shelf-Life Image Datase/Processed Data/Processed Data/Fresh eggplant(1-4)/IMG_20251122_205643417_HDR.jpg,Eggplant,Fresh,Fresh,90.93,True
D:/VIT TY SEM5/ML Project/FOODFRESHAI/data/raw/AgriFreshNET Freshness and Shelf-Life Image Datase/Processed Data/Processed Data/Fresh eggplant(1-4)/IMG_20251122_205848290_HDR.jpg,Eggplant,Fresh,Fresh,93.11,True
D:/VIT TY SEM5/ML Project/FOODFRESHAI/data/raw/AgriFreshNET Freshness and Shelf-Life Image Datase/Processed Data/Processed Data/Fresh eggplant(1-4)/IMG_20251123_221713227_HDR.jpg,Eggplant,Fresh,Fresh,100.0,True
D:/VIT TY SEM5/ML Project/FOODFRESHAI/data/raw/AgriFreshNET Freshness and Shelf-Life Image Datase/Processed Data/Processed Data/Fresh eggplant(1-4)/IMG_20251123_221731827_HDR.jpg,Eggplant,Fresh,Fresh,100.0,True
D:/VIT TY SEM5/ML Project/FOODFRESHAI/data/raw/AgriFreshNET Freshness and Shelf-Life Image Datase/Processed Data/Processed Data/Fresh eggplant(1-4)/IMG_20251123_221802522_HDR.jpg,Eggplant,Fresh,Fresh,100.0,True
D:/VIT TY SEM5/ML Project/FOODFRESHAI/data/raw/AgriFreshNET Freshness and Shelf-Life Image Datase/Processed Data/Processed Data/Fresh eggplant(1-4)/IMG_20251123_221831242_HDR.jpg,Eggplant,Fresh,Fresh,99.98,True
D:/VIT TY SEM5/ML Project/FOODFRESHAI/data/raw/AgriFreshNET Freshness and Shelf-Life Image Datase/Processed Data/Processed Data/Fresh eggplant(1-4)/IMG_20251123_221857811_HDR.jpg,Eggplant,Fresh,Fresh,99.95,True
D:/VIT TY SEM5/ML Project/FOODFRESHAI/data/raw/AgriFreshNET Freshness and Shelf-Life Image Datase/Processed Data/Processed Data/Fresh eggplant(1-4)/IMG_20251123_221929750_HDR.jpg,Eggplant,Fresh,Fresh,99.99,True
D:/VIT TY SEM5/ML Project/FOODFRESHAI/data/raw/AgriFreshNET Freshness and Shelf-Life Image Datase/Processed Data/Processed Data/Fresh eggplant(1-4)/IMG_20251123_221936395_HDR.jpg,Eggplant,Fresh,Fresh,99.98,True
D:/VIT TY SEM5/ML Project/FOODFRESHAI/data/raw/AgriFreshNET Freshness and Shelf-Life Image Datase/Processed Data/Processed Data/Fresh eggplant(1-4)/IMG_20251125_210940899_HDR.jpg,Eggplant,Fresh,Fresh,100.0,True
D:/VIT TY SEM5/ML Project/FOODFRESHAI/data/raw/AgriFreshNET Freshness and Shelf-Life Image Datase/Processed Data/Processed Data/Fresh eggplant(1-4)/IMG_20251125_210952009_HDR.jpg,Eggplant,Fresh,Fresh,99.13,True
D:/VIT TY SEM5/ML Project/FOODFRESHAI/data/raw/AgriFreshNET Freshness and Shelf-Life Image Datase/Processed Data/Processed Data/Fresh eggplant(1-4)/IMG_20251127_192835022_HDR.jpg,Eggplant,Fresh,Fresh,100.0,True
D:/VIT TY SEM5/ML Project/FOODFRESHAI/data/raw/AgriFreshNET Freshness and Shelf-Life Image Datase/Processed Data/Processed Data/Fresh eggplant(1-4)/IMG_20251127_192903051_HDR.jpg,Eggplant,Fresh,Rotten,50.18,False
D:/VIT TY SEM5/ML Project/FOODFRESHAI/data/raw/AgriFreshNET Freshness and Shelf-Life Image Datase/Processed Data/Processed Data/Fresh eggplant(1-4)/IMG_20251127_192929876_HDR.jpg,Eggplant,Fresh,Fresh,99.99,True
D:/VIT TY SEM5/ML Project/FOODFRESHAI/data/raw/AgriFreshNET Freshness and Shelf-Life Image Datase/Processed Data/Processed Data/Fresh eggplant(1-4)/IMG_20251127_192935949_HDR.jpg,Eggplant,Fresh,Fresh,97.55,True
D:/VIT TY SEM5/ML Project/FOODFRESHAI/data/raw/AgriFreshNET Freshness and Shelf-Life Image Datase/Processed Data/Processed Data/Fresh eggplant(1-4)/IMG_20251127_192941460_HDR.jpg,Eggplant,Fresh,Fresh,98.59,True
D:/VIT TY SEM5/ML Project/FOODFRESHAI/data/raw/AgriFreshNET Freshness and Shelf-Life Image Datase/Processed Data/Processed Data/Fresh Orange(1-9)/aug_102_IMG-20251115-WA0014.jpg,Orange,Fresh,Fresh,99.73,True
D:/VIT TY SEM5/ML Project/FOODFRESHAI/data/raw/AgriFreshNET Freshness and Shelf-Life Image Datase/Processed Data/Processed Data/Fresh Orange(1-9)/aug_109_IMG_20251102_080059967_HDR_AE.jpg,Orange,Fresh,Fresh,100.0,True
D:/VIT TY SEM5/ML Project/FOODFRESHAI/data/raw/AgriFreshNET Freshness and Shelf-Life Image Datase/Processed Data/Processed Data/Fresh Orange(1-9)/aug_123_IMG_20251109_112205483_HDR_AE.jpg,Orange,Fresh,Fresh,99.74,True
D:/VIT TY SEM5/ML Project/FOODFRESHAI/data/raw/AgriFreshNET Freshness and Shelf-Life Image Datase/Processed Data/Processed Data/Fresh Orange(1-9)/aug_137_IMG_20251110_094254673_HDR_AE.jpg,Orange,Fresh,Fresh,99.95,True
D:/VIT TY SEM5/ML Project/FOODFRESHAI/data/raw/AgriFreshNET Freshness and Shelf-Life Image Datase/Processed Data/Processed Data/Fresh Orange(1-9)/aug_154_IMG-20251115-WA0009.jpg,Orange,Fresh,Fresh,99.56,True
D:/VIT TY SEM5/ML Project/FOODFRESHAI/data/raw/AgriFreshNET Freshness and Shelf-Life Image Datase/Processed Data/Processed Data/Fresh Orange(1-9)/aug_158_IMG-20251118-WA0017.jpg,Orange,Fresh,Fresh,96.65,True
D:/VIT TY SEM5/ML Project/FOODFRESHAI/data/raw/AgriFreshNET Freshness and Shelf-Life Image Datase/Processed Data/Processed Data/Fresh Orange(1-9)/aug_184_IMG-20251115-WA0012.jpg,Orange,Fresh,Fresh,99.87,True
D:/VIT TY SEM5/ML Project/FOODFRESHAI/data/raw/AgriFreshNET Freshness and Shelf-Life Image Datase/Processed Data/Processed Data/Fresh Orange(1-9)/aug_192_IMG-20251122-WA0014.jpg,Orange,Fresh,Rotten,50.74,False
D:/VIT TY SEM5/ML Project/FOODFRESHAI/data/raw/AgriFreshNET Freshness and Shelf-Life Image Datase/Processed Data/Processed Data/Fresh Orange(1-9)/aug_201_IMG-20251117-WA0007.jpg,Orange,Fresh,Fresh,98.84,True
D:/VIT TY SEM5/ML Project/FOODFRESHAI/data/raw/AgriFreshNET Freshness and Shelf-Life Image Datase/Processed Data/Processed Data/Fresh Orange(1-9)/aug_204_IMG-20251121-WA0019.jpg,Orange,Fresh,Fresh,98.03,True
D:/VIT TY SEM5/ML Project/FOODFRESHAI/data/raw/AgriFreshNET Freshness and Shelf-Life Image Datase/Processed Data/Processed Data/Fresh Orange(1-9)/aug_205_IMG-20251117-WA0014.jpg,Orange,Fresh,Fresh,99.36,True
D:/VIT TY SEM5/ML Project/FOODFRESHAI/data/raw/AgriFreshNET Freshness and Shelf-Life Image Datase/Processed Data/Processed Data/Fresh Orange(1-9)/aug_20_IMG-20251115-WA0009.jpg,Orange,Fresh,Fresh,99.62,True
D:/VIT TY SEM5/ML Project/FOODFRESHAI/data/raw/AgriFreshNET Freshness and Shelf-Life Image Datase/Processed Data/Processed Data/Fresh Orange(1-9)/aug_210_IMG-20251117-WA0010.jpg,Orange,Fresh,Fresh,98.37,True
D:/VIT TY SEM5/ML Project/FOODFRESHAI/data/raw/AgriFreshNET Freshness and Shelf-Life Image Datase/Processed Data/Processed Data/Fresh Orange(1-9)/aug_211_IMG_20251110_094254673_HDR_AE.jpg,Orange,Fresh,Fresh,99.98,True
D:/VIT TY SEM5/ML Project/FOODFRESHAI/data/raw/AgriFreshNET Freshness and Shelf-Life Image Datase/Processed Data/Processed Data/Fresh Orange(1-9)/aug_213_IMG-20251118-WA0017.jpg,Orange,Fresh,Fresh,98.92,True
D:/VIT TY SEM5/ML Project/FOODFRESHAI/data/raw/AgriFreshNET Freshness and Shelf-Life Image Datase/Processed Data/Processed Data/Fresh Orange(1-9)/aug_221_IMG-20251118-WA0003.jpg,Orange,Fresh,Fresh,99.19,True
D:/VIT TY SEM5/ML Project/FOODFRESHAI/data/raw/AgriFreshNET Freshness and Shelf-Life Image Datase/Processed Data/Processed Data/Fresh Orange(1-9)/aug_227_IMG-20251117-WA0014.jpg,Orange,Fresh,Fresh,98.97,True
D:/VIT TY SEM5/ML Project/FOODFRESHAI/data/raw/AgriFreshNET Freshness and Shelf-Life Image Datase/Processed Data/Processed Data/Fresh Orange(1-9)/aug_230_IMG-20251115-WA0011.jpg,Orange,Fresh,Fresh,99.67,True
D:/VIT TY SEM5/ML Project/FOODFRESHAI/data/raw/AgriFreshNET Freshness and Shelf-Life Image Datase/Processed Data/Processed Data/Fresh Orange(1-9)/aug_23_IMG-20251118-WA0018.jpg,Orange,Fresh,Fresh,99.82,True
D:/VIT TY SEM5/ML Project/FOODFRESHAI/data/raw/AgriFreshNET Freshness and Shelf-Life Image Datase/Processed Data/Processed Data/Fresh Orange(1-9)/aug_245_IMG-20251121-WA0010.jpg,Orange,Fresh,Fresh,97.88,True
D:/VIT TY SEM5/ML Project/FOODFRESHAI/data/raw/AgriFreshNET Freshness and Shelf-Life Image Datase/Processed Data/Processed Data/Fresh Orange(1-9)/aug_260_IMG-20251118-WA0000.jpg,Orange,Fresh,Fresh,95.43,True
D:/VIT TY SEM5/ML Project/FOODFRESHAI/data/raw/AgriFreshNET Freshness and Shelf-Life Image Datase/Processed Data/Processed Data/Fresh Orange(1-9)/aug_262_IMG-20251121-WA0024.jpg,Orange,Fresh,Fresh,96.89,True
D:/VIT TY SEM5/ML Project/FOODFRESHAI/data/raw/AgriFreshNET Freshness and Shelf-Life Image Datase/Processed Data/Processed Data/Fresh Orange(1-9)/aug_266_IMG-20251121-WA0011.jpg,Orange,Fresh,Fresh,68.08,True
D:/VIT TY SEM5/ML Project/FOODFRESHAI/data/raw/AgriFreshNET Freshness and Shelf-Life Image Datase/Processed Data/Processed Data/Fresh Orange(1-9)/aug_26_IMG-20251121-WA0028.jpg,Orange,Fresh,Fresh,87.79,True
D:/VIT TY SEM5/ML Project/FOODFRESHAI/data/raw/AgriFreshNET Freshness and Shelf-Life Image Datase/Processed Data/Processed Data/Fresh Orange(1-9)/aug_272_IMG_20251106_160140327_HDR_AE.jpg,Orange,Fresh,Fresh,98.9,True
D:/VIT TY SEM5/ML Project/FOODFRESHAI/data/raw/AgriFreshNET Freshness and Shelf-Life Image Datase/Processed Data/Processed Data/Fresh Orange(1-9)/aug_274_IMG_20251104_132127934_HDR_AE.jpg,Orange,Fresh,Fresh,100.0,True
D:/VIT TY SEM5/ML Project/FOODFRESHAI/data/raw/AgriFreshNET Freshness and Shelf-Life Image Datase/Processed Data/Processed Data/Fresh Orange(1-9)/aug_291_IMG-20251118-WA0000.jpg,Orange,Fresh,Fresh,94.98,True
D:/VIT TY SEM5/ML Project/FOODFRESHAI/data/raw/AgriFreshNET Freshness and Shelf-Life Image Datase/Processed Data/Processed Data/Fresh Orange(1-9)/aug_293_IMG-20251115-WA0011.jpg,Orange,Fresh,Fresh,99.78,True
D:/VIT TY SEM5/ML Project/FOODFRESHAI/data/raw/AgriFreshNET Freshness and Shelf-Life Image Datase/Processed Data/Processed Data/Fresh Orange(1-9)/aug_306_IMG-20251122-WA0015.jpg,Orange,Fresh,Fresh,70.14,True
D:/VIT TY SEM5/ML Project/FOODFRESHAI/data/raw/AgriFreshNET Freshness and Shelf-Life Image Datase/Processed Data/Processed Data/Fresh Orange(1-9)/aug_309_IMG-20251121-WA0028.jpg,Orange,Fresh,Fresh,94.95,True
D:/VIT TY SEM5/ML Project/FOODFRESHAI/data/raw/AgriFreshNET Freshness and Shelf-Life Image Datase/Processed Data/Processed Data/Fresh Orange(1-9)/aug_311_Fresh Malta (8).jpeg,Orange,Fresh,Fresh,99.27,True
D:/VIT TY SEM5/ML Project/FOODFRESHAI/data/raw/AgriFreshNET Freshness and Shelf-Life Image Datase/Processed Data/Processed Data/Fresh Orange(1-9)/aug_314_IMG-20251121-WA0019.jpg,Orange,Fresh,Fresh,97.65,True
D:/VIT TY SEM5/ML Project/FOODFRESHAI/data/raw/AgriFreshNET Freshness and Shelf-Life Image Datase/Processed Data/Processed Data/Fresh Orange(1-9)/aug_31_IMG_20251106_160140327_HDR_AE.jpg,Orange,Fresh,Fresh,97.88,True
D:/VIT TY SEM5/ML Project/FOODFRESHAI/data/raw/AgriFreshNET Freshness and Shelf-Life Image Datase/Processed Data/Processed Data/Fresh Orange(1-9)/aug_320_IMG-20251118-WA0018.jpg,Orange,Fresh,Fresh,99.85,True
D:/VIT TY SEM5/ML Project/FOODFRESHAI/data/raw/AgriFreshNET Freshness and Shelf-Life Image Datase/Processed Data/Processed Data/Fresh Orange(1-9)/aug_321_IMG_20251109_112205483_HDR_AE.jpg,Orange,Fresh,Fresh,99.31,True
D:/VIT TY SEM5/ML Project/FOODFRESHAI/data/raw/AgriFreshNET Freshness and Shelf-Life Image Datase/Processed Data/Processed Data/Fresh Orange(1-9)/aug_324_IMG-20251121-WA0028.jpg,Orange,Fresh,Fresh,95.39,True
D:/VIT TY SEM5/ML Project/FOODFRESHAI/data/raw/AgriFreshNET Freshness and Shelf-Life Image Datase/Processed Data/Processed Data/Fresh Orange(1-9)/aug_36_IMG-20251115-WA0014.jpg,Orange,Fresh,Fresh,99.61,True
D:/VIT TY SEM5/ML Project/FOODFRESHAI/data/raw/AgriFreshNET Freshness and Shelf-Life Image Datase/Processed Data/Processed Data/Fresh Orange(1-9)/aug_38_IMG_20251102_080059967_HDR_AE.jpg,Orange,Fresh,Fresh,100.0,True
D:/VIT TY SEM5/ML Project/FOODFRESHAI/data/raw/AgriFreshNET Freshness and Shelf-Life Image Datase/Processed Data/Processed Data/Fresh Orange(1-9)/aug_3_IMG-20251121-WA0024.jpg,Orange,Fresh,Fresh,98.17,True
D:/VIT TY SEM5/ML Project/FOODFRESHAI/data/raw/AgriFreshNET Freshness and Shelf-Life Image Datase/Processed Data/Processed Data/Fresh Orange(1-9)/aug_45_IMG-20251121-WA0028.jpg,Orange,Fresh,Fresh,98.48,True
D:/VIT TY SEM5/ML Project/FOODFRESHAI/data/raw/AgriFreshNET Freshness and Shelf-Life Image Datase/Processed Data/Processed Data/Fresh Orange(1-9)/aug_46_IMG-20251122-WA0015.jpg,Orange,Fresh,Fresh,79.79,True
D:/VIT TY SEM5/ML Project/FOODFRESHAI/data/raw/AgriFreshNET Freshness and Shelf-Life Image Datase/Processed Data/Processed Data/Fresh Orange(1-9)/aug_49_IMG_20251108_121753161_HDR_AE.jpg,Orange,Fresh,Fresh,99.98,True
D:/VIT TY SEM5/ML Project/FOODFRESHAI/data/raw/AgriFreshNET Freshness and Shelf-Life Image Datase/Processed Data/Processed Data/Fresh Orange(1-9)/aug_57_IMG_20251106_160140327_HDR_AE.jpg,Orange,Fresh,Fresh,98.94,True
D:/VIT TY SEM5/ML Project/FOODFRESHAI/data/raw/AgriFreshNET Freshness and Shelf-Life Image Datase/Processed Data/Processed Data/Fresh Orange(1-9)/aug_5_IMG-20251115-WA0009.jpg,Orange,Fresh,Fresh,99.6,True
D:/VIT TY SEM5/ML Project/FOODFRESHAI/data/raw/AgriFreshNET Freshness and Shelf-Life Image Datase/Processed Data/Processed Data/Fresh Orange(1-9)/aug_61_IMG-20251121-WA0011.jpg,Orange,Fresh,Fresh,62.73,True
D:/VIT TY SEM5/ML Project/FOODFRESHAI/data/raw/AgriFreshNET Freshness and Shelf-Life Image Datase/Processed Data/Processed Data/Fresh Orange(1-9)/aug_63_IMG-20251115-WA0009.jpg,Orange,Fresh,Fresh,99.6,True
D:/VIT TY SEM5/ML Project/FOODFRESHAI/data/raw/AgriFreshNET Freshness and Shelf-Life Image Datase/Processed Data/Processed Data/Fresh Orange(1-9)/aug_73_IMG-20251121-WA0019.jpg,Orange,Fresh,Fresh,98.46,True
D:/VIT TY SEM5/ML Project/FOODFRESHAI/data/raw/AgriFreshNET Freshness and Shelf-Life Image Datase/Processed Data/Processed Data/Fresh Orange(1-9)/aug_77_IMG-20251117-WA0002.jpg,Orange,Fresh,Fresh,99.09,True
D:/VIT TY SEM5/ML Project/FOODFRESHAI/data/raw/AgriFreshNET Freshness and Shelf-Life Image Datase/Processed Data/Processed Data/Fresh Orange(1-9)/aug_82_IMG-20251118-WA0011.jpg,Orange,Fresh,Fresh,96.76,True
D:/VIT TY SEM5/ML Project/FOODFRESHAI/data/raw/AgriFreshNET Freshness and Shelf-Life Image Datase/Processed Data/Processed Data/Fresh Orange(1-9)/aug_83_IMG_20251102_080116826_HDR_AE.jpg,Orange,Fresh,Fresh,100.0,True
D:/VIT TY SEM5/ML Project/FOODFRESHAI/data/raw/AgriFreshNET Freshness and Shelf-Life Image Datase/Processed Data/Processed Data/Fresh Orange(1-9)/aug_85_IMG-20251121-WA0024.jpg,Orange,Fresh,Fresh,93.55,True
D:/VIT TY SEM5/ML Project/FOODFRESHAI/data/raw/AgriFreshNET Freshness and Shelf-Life Image Datase/Processed Data/Processed Data/Fresh Orange(1-9)/aug_8_IMG-20251117-WA0010.jpg,Orange,Fresh,Fresh,98.21,True
D:/VIT TY SEM5/ML Project/FOODFRESHAI/data/raw/AgriFreshNET Freshness and Shelf-Life Image Datase/Processed Data/Processed Data/Fresh Orange(1-9)/aug_96_IMG-20251121-WA0024.jpg,Orange,Fresh,Fresh,97.17,True
D:/VIT TY SEM5/ML Project/FOODFRESHAI/data/raw/AgriFreshNET Freshness and Shelf-Life Image Datase/Processed Data/Processed Data/Fresh Orange(1-9)/Fresh Malta (8).jpeg,Orange,Fresh,Fresh,99.7,True
D:/VIT TY SEM5/ML Project/FOODFRESHAI/data/raw/AgriFreshNET Freshness and Shelf-Life Image Datase/Processed Data/Processed Data/Fresh Orange(1-9)/IMG-20251112-WA0019.jpg,Orange,Fresh,Fresh,83.42,True
D:/VIT TY SEM5/ML Project/FOODFRESHAI/data/raw/AgriFreshNET Freshness and Shelf-Life Image Datase/Processed Data/Processed Data/Fresh Orange(1-9)/IMG-20251115-WA0009.jpg,Orange,Fresh,Fresh,99.62,True
D:/VIT TY SEM5/ML Project/FOODFRESHAI/data/raw/AgriFreshNET Freshness and Shelf-Life Image Datase/Processed Data/Processed Data/Fresh Orange(1-9)/IMG-20251115-WA0011.jpg,Orange,Fresh,Fresh,99.65,True
D:/VIT TY SEM5/ML Project/FOODFRESHAI/data/raw/AgriFreshNET Freshness and Shelf-Life Image Datase/Processed Data/Processed Data/Fresh Orange(1-9)/IMG-20251115-WA0012.jpg,Orange,Fresh,Fresh,99.74,True
D:/VIT TY SEM5/ML Project/FOODFRESHAI/data/raw/AgriFreshNET Freshness and Shelf-Life Image Datase/Processed Data/Processed Data/Fresh Orange(1-9)/IMG-20251115-WA0014.jpg,Orange,Fresh,Fresh,99.57,True
D:/VIT TY SEM5/ML Project/FOODFRESHAI/data/raw/AgriFreshNET Freshness and Shelf-Life Image Datase/Processed Data/Processed Data/Fresh Orange(1-9)/IMG-20251117-WA0002.jpg,Orange,Fresh,Fresh,98.22,True
D:/VIT TY SEM5/ML Project/FOODFRESHAI/data/raw/AgriFreshNET Freshness and Shelf-Life Image Datase/Processed Data/Processed Data/Fresh Orange(1-9)/IMG-20251117-WA0003.jpg,Orange,Fresh,Fresh,98.67,True
D:/VIT TY SEM5/ML Project/FOODFRESHAI/data/raw/AgriFreshNET Freshness and Shelf-Life Image Datase/Processed Data/Processed Data/Fresh Orange(1-9)/IMG-20251117-WA0004.jpg,Orange,Fresh,Fresh,97.04,True
D:/VIT TY SEM5/ML Project/FOODFRESHAI/data/raw/AgriFreshNET Freshness and Shelf-Life Image Datase/Processed Data/Processed Data/Fresh Orange(1-9)/IMG-20251117-WA0007.jpg,Orange,Fresh,Fresh,98.31,True
D:/VIT TY SEM5/ML Project/FOODFRESHAI/data/raw/AgriFreshNET Freshness and Shelf-Life Image Datase/Processed Data/Processed Data/Fresh Orange(1-9)/IMG-20251117-WA0010.jpg,Orange,Fresh,Fresh,98.64,True
D:/VIT TY SEM5/ML Project/FOODFRESHAI/data/raw/AgriFreshNET Freshness and Shelf-Life Image Datase/Processed Data/Processed Data/Fresh Orange(1-9)/IMG-20251117-WA0014.jpg,Orange,Fresh,Fresh,99.44,True
D:/VIT TY SEM5/ML Project/FOODFRESHAI/data/raw/AgriFreshNET Freshness and Shelf-Life Image Datase/Processed Data/Processed Data/Fresh Orange(1-9)/IMG-20251118-WA0000.jpg,Orange,Fresh,Fresh,95.37,True
D:/VIT TY SEM5/ML Project/FOODFRESHAI/data/raw/AgriFreshNET Freshness and Shelf-Life Image Datase/Processed Data/Processed Data/Fresh Orange(1-9)/IMG-20251118-WA0003.jpg,Orange,Fresh,Fresh,98.58,True
D:/VIT TY SEM5/ML Project/FOODFRESHAI/data/raw/AgriFreshNET Freshness and Shelf-Life Image Datase/Processed Data/Processed Data/Fresh Orange(1-9)/IMG-20251118-WA0011.jpg,Orange,Fresh,Fresh,94.83,True
D:/VIT TY SEM5/ML Project/FOODFRESHAI/data/raw/AgriFreshNET Freshness and Shelf-Life Image Datase/Processed Data/Processed Data/Fresh Orange(1-9)/IMG-20251118-WA0017.jpg,Orange,Fresh,Fresh,98.34,True
D:/VIT TY SEM5/ML Project/FOODFRESHAI/data/raw/AgriFreshNET Freshness and Shelf-Life Image Datase/Processed Data/Processed Data/Fresh Orange(1-9)/IMG-20251118-WA0018.jpg,Orange,Fresh,Fresh,99.36,True
D:/VIT TY SEM5/ML Project/FOODFRESHAI/data/raw/AgriFreshNET Freshness and Shelf-Life Image Datase/Processed Data/Processed Data/Fresh Orange(1-9)/IMG-20251121-WA0010.jpg,Orange,Fresh,Fresh,97.2,True
D:/VIT TY SEM5/ML Project/FOODFRESHAI/data/raw/AgriFreshNET Freshness and Shelf-Life Image Datase/Processed Data/Processed Data/Fresh Orange(1-9)/IMG-20251121-WA0011.jpg,Orange,Fresh,Fresh,72.04,True
D:/VIT TY SEM5/ML Project/FOODFRESHAI/data/raw/AgriFreshNET Freshness and Shelf-Life Image Datase/Processed Data/Processed Data/Fresh Orange(1-9)/IMG-20251121-WA0019.jpg,Orange,Fresh,Fresh,98.2,True
D:/VIT TY SEM5/ML Project/FOODFRESHAI/data/raw/AgriFreshNET Freshness and Shelf-Life Image Datase/Processed Data/Processed Data/Fresh Orange(1-9)/IMG-20251121-WA0022.jpg,Orange,Fresh,Fresh,98.53,True
D:/VIT TY SEM5/ML Project/FOODFRESHAI/data/raw/AgriFreshNET Freshness and Shelf-Life Image Datase/Processed Data/Processed Data/Fresh Orange(1-9)/IMG-20251121-WA0023.jpg,Orange,Fresh,Fresh,94.55,True
D:/VIT TY SEM5/ML Project/FOODFRESHAI/data/raw/AgriFreshNET Freshness and Shelf-Life Image Datase/Processed Data/Processed Data/Fresh Orange(1-9)/IMG-20251121-WA0024.jpg,Orange,Fresh,Fresh,97.49,True
D:/VIT TY SEM5/ML Project/FOODFRESHAI/data/raw/AgriFreshNET Freshness and Shelf-Life Image Datase/Processed Data/Processed Data/Fresh Orange(1-9)/IMG-20251121-WA0028.jpg,Orange,Fresh,Fresh,96.16,True
D:/VIT TY SEM5/ML Project/FOODFRESHAI/data/raw/AgriFreshNET Freshness and Shelf-Life Image Datase/Processed Data/Processed Data/Fresh Orange(1-9)/IMG-20251122-WA0014.jpg,Orange,Fresh,Fresh,58.21,True
D:/VIT TY SEM5/ML Project/FOODFRESHAI/data/raw/AgriFreshNET Freshness and Shelf-Life Image Datase/Processed Data/Processed Data/Fresh Orange(1-9)/IMG-20251122-WA0015.jpg,Orange,Fresh,Fresh,82.14,True
D:/VIT TY SEM5/ML Project/FOODFRESHAI/data/raw/AgriFreshNET Freshness and Shelf-Life Image Datase/Processed Data/Processed Data/Fresh Orange(1-9)/IMG_20251102_080033165_HDR_AE.jpg,Orange,Fresh,Fresh,96.54,True
D:/VIT TY SEM5/ML Project/FOODFRESHAI/data/raw/AgriFreshNET Freshness and Shelf-Life Image Datase/Processed Data/Processed Data/Fresh Orange(1-9)/IMG_20251102_080059967_HDR_AE.jpg,Orange,Fresh,Fresh,100.0,True
D:/VIT TY SEM5/ML Project/FOODFRESHAI/data/raw/AgriFreshNET Freshness and Shelf-Life Image Datase/Processed Data/Processed Data/Fresh Orange(1-9)/IMG_20251102_080116826_HDR_AE.jpg,Orange,Fresh,Fresh,100.0,True
D:/VIT TY SEM5/ML Project/FOODFRESHAI/data/raw/AgriFreshNET Freshness and Shelf-Life Image Datase/Processed Data/Processed Data/Fresh Orange(1-9)/IMG_20251102_080233203_HDR_AE.jpg,Orange,Fresh,Fresh,100.0,True
D:/VIT TY SEM5/ML Project/FOODFRESHAI/data/raw/AgriFreshNET Freshness and Shelf-Life Image Datase/Processed Data/Processed Data/Fresh Orange(1-9)/IMG_20251104_132127934_HDR_AE.jpg,Orange,Fresh,Fresh,100.0,True
D:/VIT TY SEM5/ML Project/FOODFRESHAI/data/raw/AgriFreshNET Freshness and Shelf-Life Image Datase/Processed Data/Processed Data/Fresh Orange(1-9)/IMG_20251106_160140327_HDR_AE.jpg,Orange,Fresh,Fresh,98.73,True
D:/VIT TY SEM5/ML Project/FOODFRESHAI/data/raw/AgriFreshNET Freshness and Shelf-Life Image Datase/Processed Data/Processed Data/Fresh Orange(1-9)/IMG_20251108_121753161_HDR_AE.jpg,Orange,Fresh,Fresh,99.98,True
D:/VIT TY SEM5/ML Project/FOODFRESHAI/data/raw/AgriFreshNET Freshness and Shelf-Life Image Datase/Processed Data/Processed Data/Fresh Orange(1-9)/IMG_20251108_121844157_HDR_AE.jpg,Orange,Fresh,Fresh,100.0,True
D:/VIT TY SEM5/ML Project/FOODFRESHAI/data/raw/AgriFreshNET Freshness and Shelf-Life Image Datase/Processed Data/Processed Data/Fresh Orange(1-9)/IMG_20251109_112150437_HDR_AE.jpg,Orange,Fresh,Fresh,99.96,True
D:/VIT TY SEM5/ML Project/FOODFRESHAI/data/raw/AgriFreshNET Freshness and Shelf-Life Image Datase/Processed Data/Processed Data/Fresh Orange(1-9)/IMG_20251109_112205483_HDR_AE.jpg,Orange,Fresh,Fresh,99.55,True
D:/VIT TY SEM5/ML Project/FOODFRESHAI/data/raw/AgriFreshNET Freshness and Shelf-Life Image Datase/Processed Data/Processed Data/Fresh Orange(1-9)/IMG_20251109_112255988_HDR_AE.jpg,Orange,Fresh,Fresh,100.0,True
D:/VIT TY SEM5/ML Project/FOODFRESHAI/data/raw/AgriFreshNET Freshness and Shelf-Life Image Datase/Processed Data/Processed Data/Fresh Orange(1-9)/IMG_20251110_094254673_HDR_AE.jpg,Orange,Fresh,Fresh,99.99,True
D:/VIT TY SEM5/ML Project/FOODFRESHAI/data/raw/AgriFreshNET Freshness and Shelf-Life Image Datase/Processed Data/Processed Data/Fresh Papaya(1-4)/aug_101_IMG_20260114_004658.jpg,Papaya,Fresh,Fresh,99.92,True
D:/VIT TY SEM5/ML Project/FOODFRESHAI/data/raw/AgriFreshNET Freshness and Shelf-Life Image Datase/Processed Data/Processed Data/Fresh Papaya(1-4)/aug_10_IMG_20251123_012946.jpg,Papaya,Fresh,Fresh,99.4,True
D:/VIT TY SEM5/ML Project/FOODFRESHAI/data/raw/AgriFreshNET Freshness and Shelf-Life Image Datase/Processed Data/Processed Data/Fresh Papaya(1-4)/aug_115_IMG_20260114_004946.jpg,Papaya,Fresh,Fresh,90.4,True
D:/VIT TY SEM5/ML Project/FOODFRESHAI/data/raw/AgriFreshNET Freshness and Shelf-Life Image Datase/Processed Data/Processed Data/Fresh Papaya(1-4)/aug_122_IMG_20251029_095751.jpg,Papaya,Fresh,Fresh,95.53,True
D:/VIT TY SEM5/ML Project/FOODFRESHAI/data/raw/AgriFreshNET Freshness and Shelf-Life Image Datase/Processed Data/Processed Data/Fresh Papaya(1-4)/aug_124_IMG_20251123_012946.jpg,Papaya,Fresh,Rotten,39.49,False
D:/VIT TY SEM5/ML Project/FOODFRESHAI/data/raw/AgriFreshNET Freshness and Shelf-Life Image Datase/Processed Data/Processed Data/Fresh Papaya(1-4)/aug_143_IMG_20260114_004658.jpg,Papaya,Fresh,Fresh,100.0,True
D:/VIT TY SEM5/ML Project/FOODFRESHAI/data/raw/AgriFreshNET Freshness and Shelf-Life Image Datase/Processed Data/Processed Data/Fresh Papaya(1-4)/aug_149_IMG_20260116_030646.jpg,Papaya,Fresh,Fresh,99.74,True
D:/VIT TY SEM5/ML Project/FOODFRESHAI/data/raw/AgriFreshNET Freshness and Shelf-Life Image Datase/Processed Data/Processed Data/Fresh Papaya(1-4)/aug_161_IMG_20251025_122014.jpg,Papaya,Fresh,Fresh,99.84,True
D:/VIT TY SEM5/ML Project/FOODFRESHAI/data/raw/AgriFreshNET Freshness and Shelf-Life Image Datase/Processed Data/Processed Data/Fresh Papaya(1-4)/aug_165_IMG_20251029_095744.jpg,Papaya,Fresh,Fresh,98.81,True
D:/VIT TY SEM5/ML Project/FOODFRESHAI/data/raw/AgriFreshNET Freshness and Shelf-Life Image Datase/Processed Data/Processed Data/Fresh Papaya(1-4)/aug_168_IMG_20260116_030646.jpg,Papaya,Fresh,Fresh,99.81,True
D:/VIT TY SEM5/ML Project/FOODFRESHAI/data/raw/AgriFreshNET Freshness and Shelf-Life Image Datase/Processed Data/Processed Data/Fresh Papaya(1-4)/aug_177_IMG_20260116_030542.jpg,Papaya,Fresh,Semi-Fresh,80.4,False
D:/VIT TY SEM5/ML Project/FOODFRESHAI/data/raw/AgriFreshNET Freshness and Shelf-Life Image Datase/Processed Data/Processed Data/Fresh Papaya(1-4)/aug_180_IMG_20260114_004946.jpg,Papaya,Fresh,Fresh,95.8,True
D:/VIT TY SEM5/ML Project/FOODFRESHAI/data/raw/AgriFreshNET Freshness and Shelf-Life Image Datase/Processed Data/Processed Data/Fresh Papaya(1-4)/aug_183_IMG_20260116_030624.jpg,Papaya,Fresh,Fresh,100.0,True
D:/VIT TY SEM5/ML Project/FOODFRESHAI/data/raw/AgriFreshNET Freshness and Shelf-Life Image Datase/Processed Data/Processed Data/Fresh Papaya(1-4)/aug_186_IMG_20260116_030716.jpg,Papaya,Fresh,Fresh,100.0,True
D:/VIT TY SEM5/ML Project/FOODFRESHAI/data/raw/AgriFreshNET Freshness and Shelf-Life Image Datase/Processed Data/Processed Data/Fresh Papaya(1-4)/aug_18_IMG_20251029_095751.jpg,Papaya,Fresh,Fresh,91.82,True
D:/VIT TY SEM5/ML Project/FOODFRESHAI/data/raw/AgriFreshNET Freshness and Shelf-Life Image Datase/Processed Data/Processed Data/Fresh Papaya(1-4)/aug_195_IMG_20260116_030716.jpg,Papaya,Fresh,Fresh,100.0,True
D:/VIT TY SEM5/ML Project/FOODFRESHAI/data/raw/AgriFreshNET Freshness and Shelf-Life Image Datase/Processed Data/Processed Data/Fresh Papaya(1-4)/aug_196_IMG_20260116_030604.jpg,Papaya,Fresh,Fresh,99.99,True
D:/VIT TY SEM5/ML Project/FOODFRESHAI/data/raw/AgriFreshNET Freshness and Shelf-Life Image Datase/Processed Data/Processed Data/Fresh Papaya(1-4)/aug_197_IMG_20260116_030711.jpg,Papaya,Fresh,Fresh,100.0,True
D:/VIT TY SEM5/ML Project/FOODFRESHAI/data/raw/AgriFreshNET Freshness and Shelf-Life Image Datase/Processed Data/Processed Data/Fresh Papaya(1-4)/aug_198_IMG_20260116_030604.jpg,Papaya,Fresh,Fresh,99.97,True
D:/VIT TY SEM5/ML Project/FOODFRESHAI/data/raw/AgriFreshNET Freshness and Shelf-Life Image Datase/Processed Data/Processed Data/Fresh Papaya(1-4)/aug_19_IMG_20260114_004829.jpg,Papaya,Fresh,Fresh,99.87,True
D:/VIT TY SEM5/ML Project/FOODFRESHAI/data/raw/AgriFreshNET Freshness and Shelf-Life Image Datase/Processed Data/Processed Data/Fresh Papaya(1-4)/aug_200_IMG_20260114_004658.jpg,Papaya,Fresh,Fresh,99.88,True
D:/VIT TY SEM5/ML Project/FOODFRESHAI/data/raw/AgriFreshNET Freshness and Shelf-Life Image Datase/Processed Data/Processed Data/Fresh Papaya(1-4)/aug_210_IMG_20260116_030604.jpg,Papaya,Fresh,Fresh,99.98,True
D:/VIT TY SEM5/ML Project/FOODFRESHAI/data/raw/AgriFreshNET Freshness and Shelf-Life Image Datase/Processed Data/Processed Data/Fresh Papaya(1-4)/aug_239_IMG_20251027_171442.jpg,Papaya,Fresh,Fresh,57.8,True
D:/VIT TY SEM5/ML Project/FOODFRESHAI/data/raw/AgriFreshNET Freshness and Shelf-Life Image Datase/Processed Data/Processed Data/Fresh Papaya(1-4)/aug_247_IMG_20260114_004829.jpg,Papaya,Fresh,Fresh,99.85,True
D:/VIT TY SEM5/ML Project/FOODFRESHAI/data/raw/AgriFreshNET Freshness and Shelf-Life Image Datase/Processed Data/Processed Data/Fresh Papaya(1-4)/aug_249_IMG_20251029_095751.jpg,Papaya,Fresh,Fresh,98.63,True
D:/VIT TY SEM5/ML Project/FOODFRESHAI/data/raw/AgriFreshNET Freshness and Shelf-Life Image Datase/Processed Data/Processed Data/Fresh Papaya(1-4)/aug_252_IMG_20251025_122014.jpg,Papaya,Fresh,Fresh,99.88,True
D:/VIT TY SEM5/ML Project/FOODFRESHAI/data/raw/AgriFreshNET Freshness and Shelf-Life Image Datase/Processed Data/Processed Data/Fresh Papaya(1-4)/aug_255_IMG_20251027_171442.jpg,Papaya,Fresh,Semi-Fresh,57.02,False
D:/VIT TY SEM5/ML Project/FOODFRESHAI/data/raw/AgriFreshNET Freshness and Shelf-Life Image Datase/Processed Data/Processed Data/Fresh Papaya(1-4)/aug_256_IMG_20251027_171442.jpg,Papaya,Fresh,Fresh,54.82,True
D:/VIT TY SEM5/ML Project/FOODFRESHAI/data/raw/AgriFreshNET Freshness and Shelf-Life Image Datase/Processed Data/Processed Data/Fresh Papaya(1-4)/aug_260_IMG_20260114_004946.jpg,Papaya,Fresh,Fresh,99.74,True
D:/VIT TY SEM5/ML Project/FOODFRESHAI/data/raw/AgriFreshNET Freshness and Shelf-Life Image Datase/Processed Data/Processed Data/Fresh Papaya(1-4)/aug_263_IMG_20260116_030542.jpg,Papaya,Fresh,Fresh,56.15,True
D:/VIT TY SEM5/ML Project/FOODFRESHAI/data/raw/AgriFreshNET Freshness and Shelf-Life Image Datase/Processed Data/Processed Data/Fresh Papaya(1-4)/aug_265_IMG_20251123_013007.jpg,Papaya,Fresh,Fresh,97.9,True
D:/VIT TY SEM5/ML Project/FOODFRESHAI/data/raw/AgriFreshNET Freshness and Shelf-Life Image Datase/Processed Data/Processed Data/Fresh Papaya(1-4)/aug_272_IMG_20251025_122014.jpg,Papaya,Fresh,Fresh,87.87,True
D:/VIT TY SEM5/ML Project/FOODFRESHAI/data/raw/AgriFreshNET Freshness and Shelf-Life Image Datase/Processed Data/Processed Data/Fresh Papaya(1-4)/aug_273_IMG_20251123_013007.jpg,Papaya,Fresh,Fresh,99.16,True
D:/VIT TY SEM5/ML Project/FOODFRESHAI/data/raw/AgriFreshNET Freshness and Shelf-Life Image Datase/Processed Data/Processed Data/Fresh Papaya(1-4)/aug_283_IMG_20251123_012950.jpg,Papaya,Fresh,Fresh,53.89,True
D:/VIT TY SEM5/ML Project/FOODFRESHAI/data/raw/AgriFreshNET Freshness and Shelf-Life Image Datase/Processed Data/Processed Data/Fresh Papaya(1-4)/aug_291_IMG_20260116_030542.jpg,Papaya,Fresh,Fresh,93.43,True
D:/VIT TY SEM5/ML Project/FOODFRESHAI/data/raw/AgriFreshNET Freshness and Shelf-Life Image Datase/Processed Data/Processed Data/Fresh Papaya(1-4)/aug_29_IMG_20260114_004829.jpg,Papaya,Fresh,Fresh,99.64,True
D:/VIT TY SEM5/ML Project/FOODFRESHAI/data/raw/AgriFreshNET Freshness and Shelf-Life Image Datase/Processed Data/Processed Data/Fresh Papaya(1-4)/aug_304_IMG_20260114_004946.jpg,Papaya,Fresh,Fresh,98.75,True
D:/VIT TY SEM5/ML Project/FOODFRESHAI/data/raw/AgriFreshNET Freshness and Shelf-Life Image Datase/Processed Data/Processed Data/Fresh Papaya(1-4)/aug_30_IMG_20260116_030604.jpg,Papaya,Fresh,Fresh,99.99,True
D:/VIT TY SEM5/ML Project/FOODFRESHAI/data/raw/AgriFreshNET Freshness and Shelf-Life Image Datase/Processed Data/Processed Data/Fresh Papaya(1-4)/aug_325_IMG_20260116_030646.jpg,Papaya,Fresh,Fresh,99.79,True
D:/VIT TY SEM5/ML Project/FOODFRESHAI/data/raw/AgriFreshNET Freshness and Shelf-Life Image Datase/Processed Data/Processed Data/Fresh Papaya(1-4)/aug_326_IMG_20260116_030604.jpg,Papaya,Fresh,Fresh,99.98,True
D:/VIT TY SEM5/ML Project/FOODFRESHAI/data/raw/AgriFreshNET Freshness and Shelf-Life Image Datase/Processed Data/Processed Data/Fresh Papaya(1-4)/aug_339_IMG_20260116_030624.jpg,Papaya,Fresh,Fresh,100.0,True
D:/VIT TY SEM5/ML Project/FOODFRESHAI/data/raw/AgriFreshNET Freshness and Shelf-Life Image Datase/Processed Data/Processed Data/Fresh Papaya(1-4)/aug_341_IMG_20251025_122014.jpg,Papaya,Fresh,Fresh,99.99,True
D:/VIT TY SEM5/ML Project/FOODFRESHAI/data/raw/AgriFreshNET Freshness and Shelf-Life Image Datase/Processed Data/Processed Data/Fresh Papaya(1-4)/aug_347_IMG_20251029_095751.jpg,Papaya,Fresh,Fresh,94.83,True
D:/VIT TY SEM5/ML Project/FOODFRESHAI/data/raw/AgriFreshNET Freshness and Shelf-Life Image Datase/Processed Data/Processed Data/Fresh Papaya(1-4)/aug_354_IMG_20260114_004658.jpg,Papaya,Fresh,Fresh,99.81,True
D:/VIT TY SEM5/ML Project/FOODFRESHAI/data/raw/AgriFreshNET Freshness and Shelf-Life Image Datase/Processed Data/Processed Data/Fresh Papaya(1-4)/aug_359_IMG_20251123_012946.jpg,Papaya,Fresh,Semi-Fresh,47.24,False
D:/VIT TY SEM5/ML Project/FOODFRESHAI/data/raw/AgriFreshNET Freshness and Shelf-Life Image Datase/Processed Data/Processed Data/Fresh Papaya(1-4)/aug_35_IMG_20260114_004658.jpg,Papaya,Fresh,Fresh,100.0,True
D:/VIT TY SEM5/ML Project/FOODFRESHAI/data/raw/AgriFreshNET Freshness and Shelf-Life Image Datase/Processed Data/Processed Data/Fresh Papaya(1-4)/aug_362_IMG_20260116_030711.jpg,Papaya,Fresh,Fresh,100.0,True
D:/VIT TY SEM5/ML Project/FOODFRESHAI/data/raw/AgriFreshNET Freshness and Shelf-Life Image Datase/Processed Data/Processed Data/Fresh Papaya(1-4)/aug_367_IMG_20251123_012946.jpg,Papaya,Fresh,Rotten,38.96,False
D:/VIT TY SEM5/ML Project/FOODFRESHAI/data/raw/AgriFreshNET Freshness and Shelf-Life Image Datase/Processed Data/Processed Data/Fresh Papaya(1-4)/aug_379_IMG_20251123_012950.jpg,Papaya,Fresh,Fresh,70.74,True
D:/VIT TY SEM5/ML Project/FOODFRESHAI/data/raw/AgriFreshNET Freshness and Shelf-Life Image Datase/Processed Data/Processed Data/Fresh Papaya(1-4)/aug_389_IMG_20251123_012946.jpg,Papaya,Fresh,Rotten,57.67,False
D:/VIT TY SEM5/ML Project/FOODFRESHAI/data/raw/AgriFreshNET Freshness and Shelf-Life Image Datase/Processed Data/Processed Data/Fresh Papaya(1-4)/aug_409_IMG_20251025_122014.jpg,Papaya,Fresh,Fresh,99.77,True
D:/VIT TY SEM5/ML Project/FOODFRESHAI/data/raw/AgriFreshNET Freshness and Shelf-Life Image Datase/Processed Data/Processed Data/Fresh Papaya(1-4)/aug_413_IMG_20251029_095751.jpg,Papaya,Fresh,Fresh,98.21,True
D:/VIT TY SEM5/ML Project/FOODFRESHAI/data/raw/AgriFreshNET Freshness and Shelf-Life Image Datase/Processed Data/Processed Data/Fresh Papaya(1-4)/aug_414_IMG_20260116_030542.jpg,Papaya,Fresh,Fresh,76.96,True
D:/VIT TY SEM5/ML Project/FOODFRESHAI/data/raw/AgriFreshNET Freshness and Shelf-Life Image Datase/Processed Data/Processed Data/Fresh Papaya(1-4)/aug_418_IMG_20251027_171442.jpg,Papaya,Fresh,Semi-Fresh,50.31,False
D:/VIT TY SEM5/ML Project/FOODFRESHAI/data/raw/AgriFreshNET Freshness and Shelf-Life Image Datase/Processed Data/Processed Data/Fresh Papaya(1-4)/aug_420_IMG_20260116_030636.jpg,Papaya,Fresh,Fresh,99.89,True
D:/VIT TY SEM5/ML Project/FOODFRESHAI/data/raw/AgriFreshNET Freshness and Shelf-Life Image Datase/Processed Data/Processed Data/Fresh Papaya(1-4)/aug_422_IMG_20251123_012950.jpg,Papaya,Fresh,Semi-Fresh,78.18,False
D:/VIT TY SEM5/ML Project/FOODFRESHAI/data/raw/AgriFreshNET Freshness and Shelf-Life Image Datase/Processed Data/Processed Data/Fresh Papaya(1-4)/aug_423_IMG_20260114_004829.jpg,Papaya,Fresh,Fresh,99.67,True
D:/VIT TY SEM5/ML Project/FOODFRESHAI/data/raw/AgriFreshNET Freshness and Shelf-Life Image Datase/Processed Data/Processed Data/Fresh Papaya(1-4)/aug_457_IMG_20260116_030542.jpg,Papaya,Fresh,Fresh,76.92,True
D:/VIT TY SEM5/ML Project/FOODFRESHAI/data/raw/AgriFreshNET Freshness and Shelf-Life Image Datase/Processed Data/Processed Data/Fresh Papaya(1-4)/aug_460_IMG_20260116_030711.jpg,Papaya,Fresh,Fresh,100.0,True
D:/VIT TY SEM5/ML Project/FOODFRESHAI/data/raw/AgriFreshNET Freshness and Shelf-Life Image Datase/Processed Data/Processed Data/Fresh Papaya(1-4)/aug_462_IMG_20260114_004946.jpg,Papaya,Fresh,Fresh,99.81,True
D:/VIT TY SEM5/ML Project/FOODFRESHAI/data/raw/AgriFreshNET Freshness and Shelf-Life Image Datase/Processed Data/Processed Data/Fresh Papaya(1-4)/aug_50_IMG_20251123_012946.jpg,Papaya,Fresh,Rotten,56.87,False
D:/VIT TY SEM5/ML Project/FOODFRESHAI/data/raw/AgriFreshNET Freshness and Shelf-Life Image Datase/Processed Data/Processed Data/Fresh Papaya(1-4)/aug_54_IMG_20260114_004829.jpg,Papaya,Fresh,Fresh,99.95,True
D:/VIT TY SEM5/ML Project/FOODFRESHAI/data/raw/AgriFreshNET Freshness and Shelf-Life Image Datase/Processed Data/Processed Data/Fresh Papaya(1-4)/aug_58_IMG_20251123_012946.jpg,Papaya,Fresh,Fresh,79.84,True
D:/VIT TY SEM5/ML Project/FOODFRESHAI/data/raw/AgriFreshNET Freshness and Shelf-Life Image Datase/Processed Data/Processed Data/Fresh Papaya(1-4)/aug_60_IMG_20260116_030624.jpg,Papaya,Fresh,Fresh,100.0,True
D:/VIT TY SEM5/ML Project/FOODFRESHAI/data/raw/AgriFreshNET Freshness and Shelf-Life Image Datase/Processed Data/Processed Data/Fresh Papaya(1-4)/aug_62_IMG_20260116_030542.jpg,Papaya,Fresh,Fresh,93.92,True
D:/VIT TY SEM5/ML Project/FOODFRESHAI/data/raw/AgriFreshNET Freshness and Shelf-Life Image Datase/Processed Data/Processed Data/Fresh Papaya(1-4)/aug_64_IMG_20251027_171442.jpg,Papaya,Fresh,Fresh,59.25,True
D:/VIT TY SEM5/ML Project/FOODFRESHAI/data/raw/AgriFreshNET Freshness and Shelf-Life Image Datase/Processed Data/Processed Data/Fresh Papaya(1-4)/aug_6_IMG_20251029_095744.jpg,Papaya,Fresh,Fresh,95.28,True
D:/VIT TY SEM5/ML Project/FOODFRESHAI/data/raw/AgriFreshNET Freshness and Shelf-Life Image Datase/Processed Data/Processed Data/Fresh Papaya(1-4)/aug_71_IMG_20251027_171442.jpg,Papaya,Fresh,Semi-Fresh,56.83,False
D:/VIT TY SEM5/ML Project/FOODFRESHAI/data/raw/AgriFreshNET Freshness and Shelf-Life Image Datase/Processed Data/Processed Data/Fresh Papaya(1-4)/aug_73_IMG_20251025_122014.jpg,Papaya,Fresh,Fresh,99.96,True
D:/VIT TY SEM5/ML Project/FOODFRESHAI/data/raw/AgriFreshNET Freshness and Shelf-Life Image Datase/Processed Data/Processed Data/Fresh Papaya(1-4)/aug_77_IMG_20260114_004829.jpg,Papaya,Fresh,Fresh,99.78,True
D:/VIT TY SEM5/ML Project/FOODFRESHAI/data/raw/AgriFreshNET Freshness and Shelf-Life Image Datase/Processed Data/Processed Data/Fresh Papaya(1-4)/aug_79_IMG_20260116_030604.jpg,Papaya,Fresh,Fresh,99.88,True
D:/VIT TY SEM5/ML Project/FOODFRESHAI/data/raw/AgriFreshNET Freshness and Shelf-Life Image Datase/Processed Data/Processed Data/Fresh Papaya(1-4)/aug_85_IMG_20260114_004829.jpg,Papaya,Fresh,Fresh,99.4,True
D:/VIT TY SEM5/ML Project/FOODFRESHAI/data/raw/AgriFreshNET Freshness and Shelf-Life Image Datase/Processed Data/Processed Data/Fresh Papaya(1-4)/aug_88_IMG_20260116_030716.jpg,Papaya,Fresh,Fresh,100.0,True
D:/VIT TY SEM5/ML Project/FOODFRESHAI/data/raw/AgriFreshNET Freshness and Shelf-Life Image Datase/Processed Data/Processed Data/Fresh Papaya(1-4)/aug_91_IMG_20251025_122014.jpg,Papaya,Fresh,Fresh,99.85,True
D:/VIT TY SEM5/ML Project/FOODFRESHAI/data/raw/AgriFreshNET Freshness and Shelf-Life Image Datase/Processed Data/Processed Data/Fresh Papaya(1-4)/aug_92_IMG_20251029_095751.jpg,Papaya,Fresh,Fresh,98.57,True
D:/VIT TY SEM5/ML Project/FOODFRESHAI/data/raw/AgriFreshNET Freshness and Shelf-Life Image Datase/Processed Data/Processed Data/Fresh Papaya(1-4)/aug_99_IMG_20251123_012950.jpg,Papaya,Fresh,Fresh,91.65,True
D:/VIT TY SEM5/ML Project/FOODFRESHAI/data/raw/AgriFreshNET Freshness and Shelf-Life Image Datase/Processed Data/Processed Data/Fresh Papaya(1-4)/IMG_20251025_122014.jpg,Papaya,Fresh,Fresh,99.8,True
D:/VIT TY SEM5/ML Project/FOODFRESHAI/data/raw/AgriFreshNET Freshness and Shelf-Life Image Datase/Processed Data/Processed Data/Fresh Papaya(1-4)/IMG_20251027_171442.jpg,Papaya,Fresh,Semi-Fresh,54.87,False
D:/VIT TY SEM5/ML Project/FOODFRESHAI/data/raw/AgriFreshNET Freshness and Shelf-Life Image Datase/Processed Data/Processed Data/Fresh Papaya(1-4)/IMG_20251029_095744.jpg,Papaya,Fresh,Fresh,99.19,True
D:/VIT TY SEM5/ML Project/FOODFRESHAI/data/raw/AgriFreshNET Freshness and Shelf-Life Image Datase/Processed Data/Processed Data/Fresh Papaya(1-4)/IMG_20251029_095751.jpg,Papaya,Fresh,Fresh,94.64,True
D:/VIT TY SEM5/ML Project/FOODFRESHAI/data/raw/AgriFreshNET Freshness and Shelf-Life Image Datase/Processed Data/Processed Data/Fresh Papaya(1-4)/IMG_20251123_012946.jpg,Papaya,Fresh,Rotten,39.49,False
D:/VIT TY SEM5/ML Project/FOODFRESHAI/data/raw/AgriFreshNET Freshness and Shelf-Life Image Datase/Processed Data/Processed Data/Fresh Papaya(1-4)/IMG_20251123_012950.jpg,Papaya,Fresh,Semi-Fresh,80.32,False
D:/VIT TY SEM5/ML Project/FOODFRESHAI/data/raw/AgriFreshNET Freshness and Shelf-Life Image Datase/Processed Data/Processed Data/Fresh Papaya(1-4)/IMG_20251123_013007.jpg,Papaya,Fresh,Fresh,97.39,True
D:/VIT TY SEM5/ML Project/FOODFRESHAI/data/raw/AgriFreshNET Freshness and Shelf-Life Image Datase/Processed Data/Processed Data/Fresh Papaya(1-4)/IMG_20260114_004658.jpg,Papaya,Fresh,Fresh,99.99,True
D:/VIT TY SEM5/ML Project/FOODFRESHAI/data/raw/AgriFreshNET Freshness and Shelf-Life Image Datase/Processed Data/Processed Data/Fresh Papaya(1-4)/IMG_20260114_004829.jpg,Papaya,Fresh,Fresh,99.82,True
D:/VIT TY SEM5/ML Project/FOODFRESHAI/data/raw/AgriFreshNET Freshness and Shelf-Life Image Datase/Processed Data/Processed Data/Fresh Papaya(1-4)/IMG_20260114_004946.jpg,Papaya,Fresh,Fresh,98.05,True
D:/VIT TY SEM5/ML Project/FOODFRESHAI/data/raw/AgriFreshNET Freshness and Shelf-Life Image Datase/Processed Data/Processed Data/Fresh Papaya(1-4)/IMG_20260116_030542.jpg,Papaya,Fresh,Fresh,89.56,True
D:/VIT TY SEM5/ML Project/FOODFRESHAI/data/raw/AgriFreshNET Freshness and Shelf-Life Image Datase/Processed Data/Processed Data/Fresh Papaya(1-4)/IMG_20260116_030604.jpg,Papaya,Fresh,Fresh,99.97,True
D:/VIT TY SEM5/ML Project/FOODFRESHAI/data/raw/AgriFreshNET Freshness and Shelf-Life Image Datase/Processed Data/Processed Data/Fresh Papaya(1-4)/IMG_20260116_030624.jpg,Papaya,Fresh,Fresh,100.0,True
D:/VIT TY SEM5/ML Project/FOODFRESHAI/data/raw/AgriFreshNET Freshness and Shelf-Life Image Datase/Processed Data/Processed Data/Fresh Papaya(1-4)/IMG_20260116_030636.jpg,Papaya,Fresh,Fresh,99.54,True
D:/VIT TY SEM5/ML Project/FOODFRESHAI/data/raw/AgriFreshNET Freshness and Shelf-Life Image Datase/Processed Data/Processed Data/Fresh Papaya(1-4)/IMG_20260116_030646.jpg,Papaya,Fresh,Fresh,99.9,True
D:/VIT TY SEM5/ML Project/FOODFRESHAI/data/raw/AgriFreshNET Freshness and Shelf-Life Image Datase/Processed Data/Processed Data/Fresh Papaya(1-4)/IMG_20260116_030711.jpg,Papaya,Fresh,Fresh,100.0,True
D:/VIT TY SEM5/ML Project/FOODFRESHAI/data/raw/AgriFreshNET Freshness and Shelf-Life Image Datase/Processed Data/Processed Data/Fresh Papaya(1-4)/IMG_20260116_030716.jpg,Papaya,Fresh,Fresh,100.0,True
D:/VIT TY SEM5/ML Project/FOODFRESHAI/data/raw/AgriFreshNET Freshness and Shelf-Life Image Datase/Processed Data/Processed Data/Fresh pineapple(1-15)/aug_10_IMG-20251127-WA0007.jpg,Pineapple,Fresh,Fresh,100.0,True
D:/VIT TY SEM5/ML Project/FOODFRESHAI/data/raw/AgriFreshNET Freshness and Shelf-Life Image Datase/Processed Data/Processed Data/Fresh pineapple(1-15)/aug_112_IMG-20251127-WA0025.jpg,Pineapple,Fresh,Fresh,100.0,True
D:/VIT TY SEM5/ML Project/FOODFRESHAI/data/raw/AgriFreshNET Freshness and Shelf-Life Image Datase/Processed Data/Processed Data/Fresh pineapple(1-15)/aug_115_IMG_20251106_160632824_HDR.jpg,Pineapple,Fresh,Fresh,100.0,True
D:/VIT TY SEM5/ML Project/FOODFRESHAI/data/raw/AgriFreshNET Freshness and Shelf-Life Image Datase/Processed Data/Processed Data/Fresh pineapple(1-15)/aug_122_IMG_20251110_094523733_HDR_AE.jpg,Pineapple,Fresh,Fresh,100.0,True
D:/VIT TY SEM5/ML Project/FOODFRESHAI/data/raw/AgriFreshNET Freshness and Shelf-Life Image Datase/Processed Data/Processed Data/Fresh pineapple(1-15)/aug_124_IMG-20251128-WA0039.jpg,Pineapple,Fresh,Fresh,100.0,True
D:/VIT TY SEM5/ML Project/FOODFRESHAI/data/raw/AgriFreshNET Freshness and Shelf-Life Image Datase/Processed Data/Processed Data/Fresh pineapple(1-15)/aug_125_IMG-20251130-WA0019.jpg,Pineapple,Fresh,Fresh,100.0,True
D:/VIT TY SEM5/ML Project/FOODFRESHAI/data/raw/AgriFreshNET Freshness and Shelf-Life Image Datase/Processed Data/Processed Data/Fresh pineapple(1-15)/aug_126_pineapple(18).jpeg,Pineapple,Fresh,Fresh,100.0,True
D:/VIT TY SEM5/ML Project/FOODFRESHAI/data/raw/AgriFreshNET Freshness and Shelf-Life Image Datase/Processed Data/Processed Data/Fresh pineapple(1-15)/aug_131_IMG-20251130-WA0032.jpg,Pineapple,Fresh,Fresh,100.0,True
D:/VIT TY SEM5/ML Project/FOODFRESHAI/data/raw/AgriFreshNET Freshness and Shelf-Life Image Datase/Processed Data/Processed Data/Fresh pineapple(1-15)/aug_136_IMG_20251102_081423708_HDR_AE.jpg,Pineapple,Fresh,Fresh,100.0,True
D:/VIT TY SEM5/ML Project/FOODFRESHAI/data/raw/AgriFreshNET Freshness and Shelf-Life Image Datase/Processed Data/Processed Data/Fresh pineapple(1-15)/aug_139_IMG_20251106_160702974_HDR.jpg,Pineapple,Fresh,Semi-Fresh,69.53,False
D:/VIT TY SEM5/ML Project/FOODFRESHAI/data/raw/AgriFreshNET Freshness and Shelf-Life Image Datase/Processed Data/Processed Data/Fresh pineapple(1-15)/aug_143_IMG-20251130-WA0009.jpg,Pineapple,Fresh,Fresh,100.0,True
D:/VIT TY SEM5/ML Project/FOODFRESHAI/data/raw/AgriFreshNET Freshness and Shelf-Life Image Datase/Processed Data/Processed Data/Fresh pineapple(1-15)/aug_14_IMG-20251128-WA0040.jpg,Pineapple,Fresh,Fresh,100.0,True
D:/VIT TY SEM5/ML Project/FOODFRESHAI/data/raw/AgriFreshNET Freshness and Shelf-Life Image Datase/Processed Data/Processed Data/Fresh pineapple(1-15)/aug_159_pineapple(3).jpeg,Pineapple,Fresh,Fresh,100.0,True
D:/VIT TY SEM5/ML Project/FOODFRESHAI/data/raw/AgriFreshNET Freshness and Shelf-Life Image Datase/Processed Data/Processed Data/Fresh pineapple(1-15)/aug_176_WhatsApp Image 2025-11-01 at 2.54.28 PM (1).jpeg,Pineapple,Fresh,Fresh,99.99,True
D:/VIT TY SEM5/ML Project/FOODFRESHAI/data/raw/AgriFreshNET Freshness and Shelf-Life Image Datase/Processed Data/Processed Data/Fresh pineapple(1-15)/aug_17_IMG-20251130-WA0009.jpg,Pineapple,Fresh,Fresh,100.0,True
D:/VIT TY SEM5/ML Project/FOODFRESHAI/data/raw/AgriFreshNET Freshness and Shelf-Life Image Datase/Processed Data/Processed Data/Fresh pineapple(1-15)/aug_1_IMG-20251130-WA0002.jpg,Pineapple,Fresh,Fresh,100.0,True
D:/VIT TY SEM5/ML Project/FOODFRESHAI/data/raw/AgriFreshNET Freshness and Shelf-Life Image Datase/Processed Data/Processed Data/Fresh pineapple(1-15)/aug_217_pineapple(3).jpeg,Pineapple,Fresh,Fresh,88.25,True
D:/VIT TY SEM5/ML Project/FOODFRESHAI/data/raw/AgriFreshNET Freshness and Shelf-Life Image Datase/Processed Data/Processed Data/Fresh pineapple(1-15)/aug_233_IMG-20251130-WA0009.jpg,Pineapple,Fresh,Fresh,100.0,True
D:/VIT TY SEM5/ML Project/FOODFRESHAI/data/raw/AgriFreshNET Freshness and Shelf-Life Image Datase/Processed Data/Processed Data/Fresh pineapple(1-15)/aug_236_IMG_20251110_094523733_HDR_AE.jpg,Pineapple,Fresh,Fresh,100.0,True
D:/VIT TY SEM5/ML Project/FOODFRESHAI/data/raw/AgriFreshNET Freshness and Shelf-Life Image Datase/Processed Data/Processed Data/Fresh pineapple(1-15)/aug_260_IMG_20251106_160632824_HDR.jpg,Pineapple,Fresh,Fresh,100.0,True
D:/VIT TY SEM5/ML Project/FOODFRESHAI/data/raw/AgriFreshNET Freshness and Shelf-Life Image Datase/Processed Data/Processed Data/Fresh pineapple(1-15)/aug_266_IMG-20251125-WA0007.jpg,Pineapple,Fresh,Fresh,97.52,True
D:/VIT TY SEM5/ML Project/FOODFRESHAI/data/raw/AgriFreshNET Freshness and Shelf-Life Image Datase/Processed Data/Processed Data/Fresh pineapple(1-15)/aug_268_IMG-20251130-WA0005.jpg,Pineapple,Fresh,Fresh,100.0,True
D:/VIT TY SEM5/ML Project/FOODFRESHAI/data/raw/AgriFreshNET Freshness and Shelf-Life Image Datase/Processed Data/Processed Data/Fresh pineapple(1-15)/aug_271_IMG-20251128-WA0017.jpg,Pineapple,Fresh,Fresh,100.0,True
D:/VIT TY SEM5/ML Project/FOODFRESHAI/data/raw/AgriFreshNET Freshness and Shelf-Life Image Datase/Processed Data/Processed Data/Fresh pineapple(1-15)/aug_274_IMG-20251125-WA0002.jpg,Pineapple,Fresh,Fresh,100.0,True
D:/VIT TY SEM5/ML Project/FOODFRESHAI/data/raw/AgriFreshNET Freshness and Shelf-Life Image Datase/Processed Data/Processed Data/Fresh pineapple(1-15)/aug_277_pineapple(18).jpeg,Pineapple,Fresh,Fresh,100.0,True
D:/VIT TY SEM5/ML Project/FOODFRESHAI/data/raw/AgriFreshNET Freshness and Shelf-Life Image Datase/Processed Data/Processed Data/Fresh pineapple(1-15)/aug_27_IMG-20251130-WA0005.jpg,Pineapple,Fresh,Fresh,100.0,True
D:/VIT TY SEM5/ML Project/FOODFRESHAI/data/raw/AgriFreshNET Freshness and Shelf-Life Image Datase/Processed Data/Processed Data/Fresh pineapple(1-15)/aug_286_IMG-20251128-WA0034.jpg,Pineapple,Fresh,Fresh,100.0,True
D:/VIT TY SEM5/ML Project/FOODFRESHAI/data/raw/AgriFreshNET Freshness and Shelf-Life Image Datase/Processed Data/Processed Data/Fresh pineapple(1-15)/aug_296_IMG-20251125-WA0027.jpg,Pineapple,Fresh,Fresh,100.0,True
D:/VIT TY SEM5/ML Project/FOODFRESHAI/data/raw/AgriFreshNET Freshness and Shelf-Life Image Datase/Processed Data/Processed Data/Fresh pineapple(1-15)/aug_297_IMG-20251125-WA0002.jpg,Pineapple,Fresh,Fresh,100.0,True
D:/VIT TY SEM5/ML Project/FOODFRESHAI/data/raw/AgriFreshNET Freshness and Shelf-Life Image Datase/Processed Data/Processed Data/Fresh pineapple(1-15)/aug_298_IMG-20251130-WA0027.jpg,Pineapple,Fresh,Fresh,100.0,True
D:/VIT TY SEM5/ML Project/FOODFRESHAI/data/raw/AgriFreshNET Freshness and Shelf-Life Image Datase/Processed Data/Processed Data/Fresh pineapple(1-15)/aug_299_pineapple(5).jpeg,Pineapple,Fresh,Fresh,99.83,True
D:/VIT TY SEM5/ML Project/FOODFRESHAI/data/raw/AgriFreshNET Freshness and Shelf-Life Image Datase/Processed Data/Processed Data/Fresh pineapple(1-15)/aug_307_IMG-20251125-WA0007.jpg,Pineapple,Fresh,Fresh,98.98,True
D:/VIT TY SEM5/ML Project/FOODFRESHAI/data/raw/AgriFreshNET Freshness and Shelf-Life Image Datase/Processed Data/Processed Data/Fresh pineapple(1-15)/aug_315_IMG-20251128-WA0034.jpg,Pineapple,Fresh,Fresh,100.0,True
D:/VIT TY SEM5/ML Project/FOODFRESHAI/data/raw/AgriFreshNET Freshness and Shelf-Life Image Datase/Processed Data/Processed Data/Fresh pineapple(1-15)/aug_322_WhatsApp Image 2025-11-01 at 2.54.28 PM (1).jpeg,Pineapple,Fresh,Fresh,100.0,True
D:/VIT TY SEM5/ML Project/FOODFRESHAI/data/raw/AgriFreshNET Freshness and Shelf-Life Image Datase/Processed Data/Processed Data/Fresh pineapple(1-15)/aug_323_IMG_20251102_081423708_HDR_AE.jpg,Pineapple,Fresh,Fresh,100.0,True
D:/VIT TY SEM5/ML Project/FOODFRESHAI/data/raw/AgriFreshNET Freshness and Shelf-Life Image Datase/Processed Data/Processed Data/Fresh pineapple(1-15)/aug_325_IMG-20251127-WA0032.jpg,Pineapple,Fresh,Fresh,100.0,True
D:/VIT TY SEM5/ML Project/FOODFRESHAI/data/raw/AgriFreshNET Freshness and Shelf-Life Image Datase/Processed Data/Processed Data/Fresh pineapple(1-15)/aug_332_pineapple(5).jpeg,Pineapple,Fresh,Fresh,99.97,True
D:/VIT TY SEM5/ML Project/FOODFRESHAI/data/raw/AgriFreshNET Freshness and Shelf-Life Image Datase/Processed Data/Processed Data/Fresh pineapple(1-15)/aug_334_IMG-20251130-WA0009.jpg,Pineapple,Fresh,Fresh,100.0,True
D:/VIT TY SEM5/ML Project/FOODFRESHAI/data/raw/AgriFreshNET Freshness and Shelf-Life Image Datase/Processed Data/Processed Data/Fresh pineapple(1-15)/aug_338_IMG-20251125-WA0002.jpg,Pineapple,Fresh,Fresh,100.0,True
D:/VIT TY SEM5/ML Project/FOODFRESHAI/data/raw/AgriFreshNET Freshness and Shelf-Life Image Datase/Processed Data/Processed Data/Fresh pineapple(1-15)/aug_340_IMG-20251130-WA0019.jpg,Pineapple,Fresh,Fresh,100.0,True
D:/VIT TY SEM5/ML Project/FOODFRESHAI/data/raw/AgriFreshNET Freshness and Shelf-Life Image Datase/Processed Data/Processed Data/Fresh pineapple(1-15)/aug_342_IMG-20251127-WA0025.jpg,Pineapple,Fresh,Fresh,100.0,True
D:/VIT TY SEM5/ML Project/FOODFRESHAI/data/raw/AgriFreshNET Freshness and Shelf-Life Image Datase/Processed Data/Processed Data/Fresh pineapple(1-15)/aug_344_IMG-20251127-WA0006.jpg,Pineapple,Fresh,Fresh,100.0,True
D:/VIT TY SEM5/ML Project/FOODFRESHAI/data/raw/AgriFreshNET Freshness and Shelf-Life Image Datase/Processed Data/Processed Data/Fresh pineapple(1-15)/aug_346_IMG-20251125-WA0027.jpg,Pineapple,Fresh,Fresh,100.0,True
D:/VIT TY SEM5/ML Project/FOODFRESHAI/data/raw/AgriFreshNET Freshness and Shelf-Life Image Datase/Processed Data/Processed Data/Fresh pineapple(1-15)/aug_354_IMG_20251102_081423708_HDR_AE.jpg,Pineapple,Fresh,Fresh,100.0,True
D:/VIT TY SEM5/ML Project/FOODFRESHAI/data/raw/AgriFreshNET Freshness and Shelf-Life Image Datase/Processed Data/Processed Data/Fresh pineapple(1-15)/aug_35_IMG-20251128-WA0030.jpg,Pineapple,Fresh,Fresh,100.0,True
D:/VIT TY SEM5/ML Project/FOODFRESHAI/data/raw/AgriFreshNET Freshness and Shelf-Life Image Datase/Processed Data/Processed Data/Fresh pineapple(1-15)/aug_41_IMG-20251128-WA0039.jpg,Pineapple,Fresh,Fresh,100.0,True
D:/VIT TY SEM5/ML Project/FOODFRESHAI/data/raw/AgriFreshNET Freshness and Shelf-Life Image Datase/Processed Data/Processed Data/Fresh pineapple(1-15)/aug_55_IMG-20251128-WA0040.jpg,Pineapple,Fresh,Fresh,100.0,True
D:/VIT TY SEM5/ML Project/FOODFRESHAI/data/raw/AgriFreshNET Freshness and Shelf-Life Image Datase/Processed Data/Processed Data/Fresh pineapple(1-15)/aug_65_pineapple(3).jpeg,Pineapple,Fresh,Fresh,99.99,True
D:/VIT TY SEM5/ML Project/FOODFRESHAI/data/raw/AgriFreshNET Freshness and Shelf-Life Image Datase/Processed Data/Processed Data/Fresh pineapple(1-15)/aug_66_IMG-20251125-WA0032.jpg,Pineapple,Fresh,Fresh,100.0,True
D:/VIT TY SEM5/ML Project/FOODFRESHAI/data/raw/AgriFreshNET Freshness and Shelf-Life Image Datase/Processed Data/Processed Data/Fresh pineapple(1-15)/aug_68_pineapple(17).jpeg,Pineapple,Fresh,Fresh,100.0,True
D:/VIT TY SEM5/ML Project/FOODFRESHAI/data/raw/AgriFreshNET Freshness and Shelf-Life Image Datase/Processed Data/Processed Data/Fresh pineapple(1-15)/aug_74_IMG-20251130-WA0019.jpg,Pineapple,Fresh,Fresh,100.0,True
D:/VIT TY SEM5/ML Project/FOODFRESHAI/data/raw/AgriFreshNET Freshness and Shelf-Life Image Datase/Processed Data/Processed Data/Fresh pineapple(1-15)/aug_75_IMG-20251125-WA0009.jpg,Pineapple,Fresh,Fresh,100.0,True
D:/VIT TY SEM5/ML Project/FOODFRESHAI/data/raw/AgriFreshNET Freshness and Shelf-Life Image Datase/Processed Data/Processed Data/Fresh pineapple(1-15)/aug_81_IMG-20251127-WA0025.jpg,Pineapple,Fresh,Fresh,100.0,True
D:/VIT TY SEM5/ML Project/FOODFRESHAI/data/raw/AgriFreshNET Freshness and Shelf-Life Image Datase/Processed Data/Processed Data/Fresh pineapple(1-15)/aug_94_IMG-20251125-WA0002.jpg,Pineapple,Fresh,Fresh,100.0,True
D:/VIT TY SEM5/ML Project/FOODFRESHAI/data/raw/AgriFreshNET Freshness and Shelf-Life Image Datase/Processed Data/Processed Data/Fresh pineapple(1-15)/aug_95_IMG-20251125-WA0027.jpg,Pineapple,Fresh,Fresh,100.0,True
D:/VIT TY SEM5/ML Project/FOODFRESHAI/data/raw/AgriFreshNET Freshness and Shelf-Life Image Datase/Processed Data/Processed Data/Fresh pineapple(1-15)/IMG-20251125-WA0002.jpg,Pineapple,Fresh,Fresh,100.0,True
D:/VIT TY SEM5/ML Project/FOODFRESHAI/data/raw/AgriFreshNET Freshness and Shelf-Life Image Datase/Processed Data/Processed Data/Fresh pineapple(1-15)/IMG-20251125-WA0007.jpg,Pineapple,Fresh,Fresh,98.16,True
D:/VIT TY SEM5/ML Project/FOODFRESHAI/data/raw/AgriFreshNET Freshness and Shelf-Life Image Datase/Processed Data/Processed Data/Fresh pineapple(1-15)/IMG-20251125-WA0009.jpg,Pineapple,Fresh,Fresh,100.0,True
D:/VIT TY SEM5/ML Project/FOODFRESHAI/data/raw/AgriFreshNET Freshness and Shelf-Life Image Datase/Processed Data/Processed Data/Fresh pineapple(1-15)/IMG-20251125-WA0027.jpg,Pineapple,Fresh,Fresh,100.0,True
D:/VIT TY SEM5/ML Project/FOODFRESHAI/data/raw/AgriFreshNET Freshness and Shelf-Life Image Datase/Processed Data/Processed Data/Fresh pineapple(1-15)/IMG-20251125-WA0032.jpg,Pineapple,Fresh,Fresh,100.0,True
D:/VIT TY SEM5/ML Project/FOODFRESHAI/data/raw/AgriFreshNET Freshness and Shelf-Life Image Datase/Processed Data/Processed Data/Fresh pineapple(1-15)/IMG-20251127-WA0006.jpg,Pineapple,Fresh,Fresh,100.0,True
D:/VIT TY SEM5/ML Project/FOODFRESHAI/data/raw/AgriFreshNET Freshness and Shelf-Life Image Datase/Processed Data/Processed Data/Fresh pineapple(1-15)/IMG-20251127-WA0007.jpg,Pineapple,Fresh,Fresh,100.0,True
D:/VIT TY SEM5/ML Project/FOODFRESHAI/data/raw/AgriFreshNET Freshness and Shelf-Life Image Datase/Processed Data/Processed Data/Fresh pineapple(1-15)/IMG-20251127-WA0025.jpg,Pineapple,Fresh,Fresh,100.0,True
D:/VIT TY SEM5/ML Project/FOODFRESHAI/data/raw/AgriFreshNET Freshness and Shelf-Life Image Datase/Processed Data/Processed Data/Fresh pineapple(1-15)/IMG-20251127-WA0032.jpg,Pineapple,Fresh,Fresh,100.0,True
D:/VIT TY SEM5/ML Project/FOODFRESHAI/data/raw/AgriFreshNET Freshness and Shelf-Life Image Datase/Processed Data/Processed Data/Fresh pineapple(1-15)/IMG-20251128-WA0017.jpg,Pineapple,Fresh,Fresh,100.0,True
D:/VIT TY SEM5/ML Project/FOODFRESHAI/data/raw/AgriFreshNET Freshness and Shelf-Life Image Datase/Processed Data/Processed Data/Fresh pineapple(1-15)/IMG-20251128-WA0019.jpg,Pineapple,Fresh,Fresh,100.0,True
D:/VIT TY SEM5/ML Project/FOODFRESHAI/data/raw/AgriFreshNET Freshness and Shelf-Life Image Datase/Processed Data/Processed Data/Fresh pineapple(1-15)/IMG-20251128-WA0030.jpg,Pineapple,Fresh,Fresh,100.0,True
D:/VIT TY SEM5/ML Project/FOODFRESHAI/data/raw/AgriFreshNET Freshness and Shelf-Life Image Datase/Processed Data/Processed Data/Fresh pineapple(1-15)/IMG-20251128-WA0034.jpg,Pineapple,Fresh,Fresh,100.0,True
D:/VIT TY SEM5/ML Project/FOODFRESHAI/data/raw/AgriFreshNET Freshness and Shelf-Life Image Datase/Processed Data/Processed Data/Fresh pineapple(1-15)/IMG-20251128-WA0039.jpg,Pineapple,Fresh,Fresh,100.0,True
D:/VIT TY SEM5/ML Project/FOODFRESHAI/data/raw/AgriFreshNET Freshness and Shelf-Life Image Datase/Processed Data/Processed Data/Fresh pineapple(1-15)/IMG-20251128-WA0040.jpg,Pineapple,Fresh,Fresh,100.0,True
D:/VIT TY SEM5/ML Project/FOODFRESHAI/data/raw/AgriFreshNET Freshness and Shelf-Life Image Datase/Processed Data/Processed Data/Fresh pineapple(1-15)/IMG-20251130-WA0002.jpg,Pineapple,Fresh,Fresh,100.0,True
D:/VIT TY SEM5/ML Project/FOODFRESHAI/data/raw/AgriFreshNET Freshness and Shelf-Life Image Datase/Processed Data/Processed Data/Fresh pineapple(1-15)/IMG-20251130-WA0005.jpg,Pineapple,Fresh,Fresh,100.0,True
D:/VIT TY SEM5/ML Project/FOODFRESHAI/data/raw/AgriFreshNET Freshness and Shelf-Life Image Datase/Processed Data/Processed Data/Fresh pineapple(1-15)/IMG-20251130-WA0009.jpg,Pineapple,Fresh,Fresh,100.0,True
D:/VIT TY SEM5/ML Project/FOODFRESHAI/data/raw/AgriFreshNET Freshness and Shelf-Life Image Datase/Processed Data/Processed Data/Fresh pineapple(1-15)/IMG-20251130-WA0019.jpg,Pineapple,Fresh,Fresh,100.0,True
D:/VIT TY SEM5/ML Project/FOODFRESHAI/data/raw/AgriFreshNET Freshness and Shelf-Life Image Datase/Processed Data/Processed Data/Fresh pineapple(1-15)/IMG-20251130-WA0027.jpg,Pineapple,Fresh,Fresh,100.0,True
D:/VIT TY SEM5/ML Project/FOODFRESHAI/data/raw/AgriFreshNET Freshness and Shelf-Life Image Datase/Processed Data/Processed Data/Fresh pineapple(1-15)/IMG-20251130-WA0032.jpg,Pineapple,Fresh,Fresh,100.0,True
D:/VIT TY SEM5/ML Project/FOODFRESHAI/data/raw/AgriFreshNET Freshness and Shelf-Life Image Datase/Processed Data/Processed Data/Fresh pineapple(1-15)/IMG_20251102_081423708_HDR_AE.jpg,Pineapple,Fresh,Fresh,100.0,True
D:/VIT TY SEM5/ML Project/FOODFRESHAI/data/raw/AgriFreshNET Freshness and Shelf-Life Image Datase/Processed Data/Processed Data/Fresh pineapple(1-15)/IMG_20251104_133256599_HDR_AE.jpg,Pineapple,Fresh,Fresh,100.0,True
D:/VIT TY SEM5/ML Project/FOODFRESHAI/data/raw/AgriFreshNET Freshness and Shelf-Life Image Datase/Processed Data/Processed Data/Fresh pineapple(1-15)/IMG_20251104_133311025_HDR_AE.jpg,Pineapple,Fresh,Fresh,100.0,True
D:/VIT TY SEM5/ML Project/FOODFRESHAI/data/raw/AgriFreshNET Freshness and Shelf-Life Image Datase/Processed Data/Processed Data/Fresh pineapple(1-15)/IMG_20251106_160632824_HDR.jpg,Pineapple,Fresh,Fresh,100.0,True
D:/VIT TY SEM5/ML Project/FOODFRESHAI/data/raw/AgriFreshNET Freshness and Shelf-Life Image Datase/Processed Data/Processed Data/Fresh pineapple(1-15)/IMG_20251106_160702974_HDR.jpg,Pineapple,Fresh,Fresh,56.36,True
D:/VIT TY SEM5/ML Project/FOODFRESHAI/data/raw/AgriFreshNET Freshness and Shelf-Life Image Datase/Processed Data/Processed Data/Fresh pineapple(1-15)/IMG_20251110_094523733_HDR_AE.jpg,Pineapple,Fresh,Fresh,100.0,True
D:/VIT TY SEM5/ML Project/FOODFRESHAI/data/raw/AgriFreshNET Freshness and Shelf-Life Image Datase/Processed Data/Processed Data/Fresh pineapple(1-15)/pineapple(12).jpeg,Pineapple,Fresh,Fresh,100.0,True
D:/VIT TY SEM5/ML Project/FOODFRESHAI/data/raw/AgriFreshNET Freshness and Shelf-Life Image Datase/Processed Data/Processed Data/Fresh pineapple(1-15)/pineapple(17).jpeg,Pineapple,Fresh,Fresh,100.0,True
D:/VIT TY SEM5/ML Project/FOODFRESHAI/data/raw/AgriFreshNET Freshness and Shelf-Life Image Datase/Processed Data/Processed Data/Fresh pineapple(1-15)/pineapple(18).jpeg,Pineapple,Fresh,Fresh,100.0,True
D:/VIT TY SEM5/ML Project/FOODFRESHAI/data/raw/AgriFreshNET Freshness and Shelf-Life Image Datase/Processed Data/Processed Data/Fresh pineapple(1-15)/pineapple(3).jpeg,Pineapple,Fresh,Fresh,99.98,True
D:/VIT TY SEM5/ML Project/FOODFRESHAI/data/raw/AgriFreshNET Freshness and Shelf-Life Image Datase/Processed Data/Processed Data/Fresh pineapple(1-15)/pineapple(5).jpeg,Pineapple,Fresh,Fresh,100.0,True
D:/VIT TY SEM5/ML Project/FOODFRESHAI/data/raw/AgriFreshNET Freshness and Shelf-Life Image Datase/Processed Data/Processed Data/Fresh pineapple(1-15)/WhatsApp Image 2025-11-01 at 2.54.28 PM (1).jpeg,Pineapple,Fresh,Fresh,99.99,True
D:/VIT TY SEM5/ML Project/FOODFRESHAI/data/raw/AgriFreshNET Freshness and Shelf-Life Image Datase/Processed Data/Processed Data/Fresh pineapple(1-15)/WhatsApp Image 2025-11-01 at 2.54.29 PM.jpeg,Pineapple,Fresh,Fresh,100.0,True
D:/VIT TY SEM5/ML Project/FOODFRESHAI/data/raw/AgriFreshNET Freshness and Shelf-Life Image Datase/Processed Data/Processed Data/Fresh Tomato(1-10)/IMG_20251102_075409081_HDR_AE.jpg,Tomato,Fresh,Fresh,100.0,True
D:/VIT TY SEM5/ML Project/FOODFRESHAI/data/raw/AgriFreshNET Freshness and Shelf-Life Image Datase/Processed Data/Processed Data/Fresh Tomato(1-10)/IMG_20251104_132742343_HDR_AE.jpg,Tomato,Fresh,Fresh,96.03,True
D:/VIT TY SEM5/ML Project/FOODFRESHAI/data/raw/AgriFreshNET Freshness and Shelf-Life Image Datase/Processed Data/Processed Data/Fresh Tomato(1-10)/IMG_20251104_132751673_HDR_AE.jpg,Tomato,Fresh,Fresh,99.96,True
D:/VIT TY SEM5/ML Project/FOODFRESHAI/data/raw/AgriFreshNET Freshness and Shelf-Life Image Datase/Processed Data/Processed Data/Fresh Tomato(1-10)/IMG_20251104_132810807_HDR_AE.jpg,Tomato,Fresh,Fresh,99.93,True
D:/VIT TY SEM5/ML Project/FOODFRESHAI/data/raw/AgriFreshNET Freshness and Shelf-Life Image Datase/Processed Data/Processed Data/Fresh Tomato(1-10)/IMG_20251104_132946378_HDR_AE.jpg,Tomato,Fresh,Fresh,100.0,True
D:/VIT TY SEM5/ML Project/FOODFRESHAI/data/raw/AgriFreshNET Freshness and Shelf-Life Image Datase/Processed Data/Processed Data/Fresh Tomato(1-10)/IMG_20251106_155717351_HDR_AE.jpg,Tomato,Fresh,Fresh,62.72,True
D:/VIT TY SEM5/ML Project/FOODFRESHAI/data/raw/AgriFreshNET Freshness and Shelf-Life Image Datase/Processed Data/Processed Data/Fresh Tomato(1-10)/IMG_20251106_155815487_HDR_AE.jpg,Tomato,Fresh,Fresh,99.54,True
D:/VIT TY SEM5/ML Project/FOODFRESHAI/data/raw/AgriFreshNET Freshness and Shelf-Life Image Datase/Processed Data/Processed Data/Fresh Tomato(1-10)/IMG_20251106_155825772_HDR_AE.jpg,Tomato,Fresh,Fresh,99.9,True
D:/VIT TY SEM5/ML Project/FOODFRESHAI/data/raw/AgriFreshNET Freshness and Shelf-Life Image Datase/Processed Data/Processed Data/Fresh Tomato(1-10)/IMG_20251106_155839734_HDR_AE.jpg,Tomato,Fresh,Fresh,99.96,True
D:/VIT TY SEM5/ML Project/FOODFRESHAI/data/raw/AgriFreshNET Freshness and Shelf-Life Image Datase/Processed Data/Processed Data/Fresh Tomato(1-10)/IMG_20251107_114134349_HDR_AE.jpg,Tomato,Fresh,Fresh,100.0,True
D:/VIT TY SEM5/ML Project/FOODFRESHAI/data/raw/AgriFreshNET Freshness and Shelf-Life Image Datase/Processed Data/Processed Data/Fresh Tomato(1-10)/IMG_20251107_114253479_HDR_AE.jpg,Tomato,Fresh,Fresh,98.97,True
D:/VIT TY SEM5/ML Project/FOODFRESHAI/data/raw/AgriFreshNET Freshness and Shelf-Life Image Datase/Processed Data/Processed Data/Fresh Tomato(1-10)/IMG_20251107_114306315_HDR_AE.jpg,Tomato,Fresh,Fresh,100.0,True
D:/VIT TY SEM5/ML Project/FOODFRESHAI/data/raw/AgriFreshNET Freshness and Shelf-Life Image Datase/Processed Data/Processed Data/Fresh Tomato(1-10)/IMG_20251107_114339826_HDR_AE.jpg,Tomato,Fresh,Fresh,100.0,True
D:/VIT TY SEM5/ML Project/FOODFRESHAI/data/raw/AgriFreshNET Freshness and Shelf-Life Image Datase/Processed Data/Processed Data/Fresh Tomato(1-10)/IMG_20251108_121422225_HDR_AE.jpg,Tomato,Fresh,Fresh,100.0,True
D:/VIT TY SEM5/ML Project/FOODFRESHAI/data/raw/AgriFreshNET Freshness and Shelf-Life Image Datase/Processed Data/Processed Data/Fresh Tomato(1-10)/IMG_20251108_121458784_HDR_AE.jpg,Tomato,Fresh,Fresh,56.94,True
D:/VIT TY SEM5/ML Project/FOODFRESHAI/data/raw/AgriFreshNET Freshness and Shelf-Life Image Datase/Processed Data/Processed Data/Fresh Tomato(1-10)/IMG_20251108_121558332_HDR_AE.jpg,Tomato,Fresh,Fresh,95.81,True
D:/VIT TY SEM5/ML Project/FOODFRESHAI/data/raw/AgriFreshNET Freshness and Shelf-Life Image Datase/Processed Data/Processed Data/Fresh Tomato(1-10)/IMG_20251109_112714477_HDR_AE.jpg,Tomato,Fresh,Fresh,100.0,True
D:/VIT TY SEM5/ML Project/FOODFRESHAI/data/raw/AgriFreshNET Freshness and Shelf-Life Image Datase/Processed Data/Processed Data/Fresh Tomato(1-10)/IMG_20251109_112837672_HDR_AE.jpg,Tomato,Fresh,Fresh,100.0,True
D:/VIT TY SEM5/ML Project/FOODFRESHAI/data/raw/AgriFreshNET Freshness and Shelf-Life Image Datase/Processed Data/Processed Data/Fresh Tomato(1-10)/IMG_20251118_165805179_HDR.jpg,Tomato,Fresh,Fresh,99.85,True
D:/VIT TY SEM5/ML Project/FOODFRESHAI/data/raw/AgriFreshNET Freshness and Shelf-Life Image Datase/Processed Data/Processed Data/Fresh Tomato(1-10)/IMG_20251118_165831420_HDR.jpg,Tomato,Fresh,Fresh,100.0,True
D:/VIT TY SEM5/ML Project/FOODFRESHAI/data/raw/AgriFreshNET Freshness and Shelf-Life Image Datase/Processed Data/Processed Data/Fresh Tomato(1-10)/IMG_20251118_170133481_HDR.jpg,Tomato,Fresh,Fresh,99.97,True
D:/VIT TY SEM5/ML Project/FOODFRESHAI/data/raw/AgriFreshNET Freshness and Shelf-Life Image Datase/Processed Data/Processed Data/Fresh Tomato(1-10)/IMG_20251119_201816211_HDR.jpg,Tomato,Fresh,Fresh,100.0,True
D:/VIT TY SEM5/ML Project/FOODFRESHAI/data/raw/AgriFreshNET Freshness and Shelf-Life Image Datase/Processed Data/Processed Data/Fresh Tomato(1-10)/IMG_20251119_201927084_HDR.jpg,Tomato,Fresh,Fresh,100.0,True
D:/VIT TY SEM5/ML Project/FOODFRESHAI/data/raw/AgriFreshNET Freshness and Shelf-Life Image Datase/Processed Data/Processed Data/Fresh Tomato(1-10)/IMG_20251119_201936239_HDR.jpg,Tomato,Fresh,Fresh,99.66,True
D:/VIT TY SEM5/ML Project/FOODFRESHAI/data/raw/AgriFreshNET Freshness and Shelf-Life Image Datase/Processed Data/Processed Data/Fresh Tomato(1-10)/IMG_20251120_203708748_HDR.jpg,Tomato,Fresh,Fresh,99.97,True
D:/VIT TY SEM5/ML Project/FOODFRESHAI/data/raw/AgriFreshNET Freshness and Shelf-Life Image Datase/Processed Data/Processed Data/Fresh Tomato(1-10)/IMG_20251120_203815684_HDR.jpg,Tomato,Fresh,Fresh,100.0,True
D:/VIT TY SEM5/ML Project/FOODFRESHAI/data/raw/AgriFreshNET Freshness and Shelf-Life Image Datase/Processed Data/Processed Data/Fresh Tomato(1-10)/IMG_20251120_203905382_HDR.jpg,Tomato,Fresh,Fresh,99.88,True
D:/VIT TY SEM5/ML Project/FOODFRESHAI/data/raw/AgriFreshNET Freshness and Shelf-Life Image Datase/Processed Data/Processed Data/Fresh Tomato(1-10)/IMG_20251120_204040869_HDR.jpg,Tomato,Fresh,Fresh,99.99,True
D:/VIT TY SEM5/ML Project/FOODFRESHAI/data/raw/AgriFreshNET Freshness and Shelf-Life Image Datase/Processed Data/Processed Data/Fresh Tomato(1-10)/IMG_20251121_144909741_HDR_AE.jpg,Tomato,Fresh,Fresh,99.98,True
D:/VIT TY SEM5/ML Project/FOODFRESHAI/data/raw/AgriFreshNET Freshness and Shelf-Life Image Datase/Processed Data/Processed Data/Fresh Tomato(1-10)/IMG_20251121_144938167_HDR_AE.jpg,Tomato,Fresh,Fresh,99.94,True
D:/VIT TY SEM5/ML Project/FOODFRESHAI/data/raw/AgriFreshNET Freshness and Shelf-Life Image Datase/Processed Data/Processed Data/Fresh Tomato(1-10)/IMG_20251122_210317715_HDR.jpg,Tomato,Fresh,Fresh,99.99,True
D:/VIT TY SEM5/ML Project/FOODFRESHAI/data/raw/AgriFreshNET Freshness and Shelf-Life Image Datase/Processed Data/Processed Data/Fresh Tomato(1-10)/IMG_20251122_210348717_HDR.jpg,Tomato,Fresh,Fresh,100.0,True
D:/VIT TY SEM5/ML Project/FOODFRESHAI/data/raw/AgriFreshNET Freshness and Shelf-Life Image Datase/Processed Data/Processed Data/Fresh Tomato(1-10)/IMG_20251122_210601505_HDR.jpg,Tomato,Fresh,Fresh,99.62,True
D:/VIT TY SEM5/ML Project/FOODFRESHAI/data/raw/AgriFreshNET Freshness and Shelf-Life Image Datase/Processed Data/Processed Data/Fresh Tomato(1-10)/IMG_20251122_210726813_HDR.jpg,Tomato,Fresh,Rotten,39.92,False
D:/VIT TY SEM5/ML Project/FOODFRESHAI/data/raw/AgriFreshNET Freshness and Shelf-Life Image Datase/Processed Data/Processed Data/Fresh Tomato(1-10)/IMG_20251122_210733387_HDR.jpg,Tomato,Fresh,Fresh,99.82,True
D:/VIT TY SEM5/ML Project/FOODFRESHAI/data/raw/AgriFreshNET Freshness and Shelf-Life Image Datase/Processed Data/Processed Data/Fresh Tomato(1-10)/IMG_20251122_210738658_HDR.jpg,Tomato,Fresh,Fresh,99.97,True
D:/VIT TY SEM5/ML Project/FOODFRESHAI/data/raw/AgriFreshNET Freshness and Shelf-Life Image Datase/Processed Data/Processed Data/Fresh Tomato(1-10)/IMG_20251123_222459036_HDR.jpg,Tomato,Fresh,Fresh,100.0,True
D:/VIT TY SEM5/ML Project/FOODFRESHAI/data/raw/AgriFreshNET Freshness and Shelf-Life Image Datase/Processed Data/Processed Data/Fresh Tomato(1-10)/IMG_20251123_222635796_HDR.jpg,Tomato,Fresh,Fresh,99.97,True
D:/VIT TY SEM5/ML Project/FOODFRESHAI/data/raw/AgriFreshNET Freshness and Shelf-Life Image Datase/Processed Data/Processed Data/Fresh Tomato(1-10)/IMG_20251123_222643179_HDR.jpg,Tomato,Fresh,Fresh,100.0,True
D:/VIT TY SEM5/ML Project/FOODFRESHAI/data/raw/AgriFreshNET Freshness and Shelf-Life Image Datase/Processed Data/Processed Data/Fresh Tomato(1-10)/IMG_20251123_222725595_HDR.jpg,Tomato,Fresh,Fresh,99.99,True
D:/VIT TY SEM5/ML Project/FOODFRESHAI/data/raw/AgriFreshNET Freshness and Shelf-Life Image Datase/Processed Data/Processed Data/Fresh Tomato(1-10)/IMG_20251123_222738715_HDR.jpg,Tomato,Fresh,Fresh,100.0,True
D:/VIT TY SEM5/ML Project/FOODFRESHAI/data/raw/AgriFreshNET Freshness and Shelf-Life Image Datase/Processed Data/Processed Data/Fresh Tomato(1-10)/IMG_20251123_222808126_HDR.jpg,Tomato,Fresh,Fresh,100.0,True
D:/VIT TY SEM5/ML Project/FOODFRESHAI/data/raw/AgriFreshNET Freshness and Shelf-Life Image Datase/Processed Data/Processed Data/Fresh Tomato(1-10)/IMG_20251123_222825342_HDR.jpg,Tomato,Fresh,Fresh,96.65,True
D:/VIT TY SEM5/ML Project/FOODFRESHAI/data/raw/AgriFreshNET Freshness and Shelf-Life Image Datase/Processed Data/Processed Data/Fresh Tomato(1-10)/IMG_20251123_222848430_HDR.jpg,Tomato,Fresh,Fresh,99.85,True
D:/VIT TY SEM5/ML Project/FOODFRESHAI/data/raw/AgriFreshNET Freshness and Shelf-Life Image Datase/Processed Data/Processed Data/Fresh Tomato(1-10)/IMG_20251123_222918529_HDR.jpg,Tomato,Fresh,Fresh,100.0,True
D:/VIT TY SEM5/ML Project/FOODFRESHAI/data/raw/AgriFreshNET Freshness and Shelf-Life Image Datase/Processed Data/Processed Data/Fresh Tomato(1-10)/IMG_20251123_223044012_HDR.jpg,Tomato,Fresh,Fresh,99.9,True
D:/VIT TY SEM5/ML Project/FOODFRESHAI/data/raw/AgriFreshNET Freshness and Shelf-Life Image Datase/Processed Data/Processed Data/Fresh Tomato(1-10)/IMG_20251124_192028844_HDR.jpg,Tomato,Fresh,Fresh,100.0,True
D:/VIT TY SEM5/ML Project/FOODFRESHAI/data/raw/AgriFreshNET Freshness and Shelf-Life Image Datase/Processed Data/Processed Data/Fresh Tomato(1-10)/IMG_20251124_192218313_HDR.jpg,Tomato,Fresh,Fresh,100.0,True
D:/VIT TY SEM5/ML Project/FOODFRESHAI/data/raw/AgriFreshNET Freshness and Shelf-Life Image Datase/Processed Data/Processed Data/Fresh Tomato(1-10)/IMG_20251124_192247765_HDR.jpg,Tomato,Fresh,Fresh,99.99,True
D:/VIT TY SEM5/ML Project/FOODFRESHAI/data/raw/AgriFreshNET Freshness and Shelf-Life Image Datase/Processed Data/Processed Data/Fresh Tomato(1-10)/IMG_20251124_192405725_HDR.jpg,Tomato,Fresh,Fresh,100.0,True
D:/VIT TY SEM5/ML Project/FOODFRESHAI/data/raw/AgriFreshNET Freshness and Shelf-Life Image Datase/Processed Data/Processed Data/Fresh Tomato(1-10)/IMG_20251124_192432905_HDR.jpg,Tomato,Fresh,Fresh,99.83,True
D:/VIT TY SEM5/ML Project/FOODFRESHAI/data/raw/AgriFreshNET Freshness and Shelf-Life Image Datase/Processed Data/Processed Data/Fresh Tomato(1-10)/IMG_20251124_192445517_HDR.jpg,Tomato,Fresh,Fresh,99.99,True
D:/VIT TY SEM5/ML Project/FOODFRESHAI/data/raw/AgriFreshNET Freshness and Shelf-Life Image Datase/Processed Data/Processed Data/Fresh Tomato(1-10)/IMG_20251124_192530279_HDR.jpg,Tomato,Fresh,Fresh,100.0,True
D:/VIT TY SEM5/ML Project/FOODFRESHAI/data/raw/AgriFreshNET Freshness and Shelf-Life Image Datase/Processed Data/Processed Data/Fresh Tomato(1-10)/IMG_20251125_211544781_HDR.jpg,Tomato,Fresh,Fresh,100.0,True
D:/VIT TY SEM5/ML Project/FOODFRESHAI/data/raw/AgriFreshNET Freshness and Shelf-Life Image Datase/Processed Data/Processed Data/Fresh Tomato(1-10)/IMG_20251125_211552684_HDR.jpg,Tomato,Fresh,Fresh,100.0,True
D:/VIT TY SEM5/ML Project/FOODFRESHAI/data/raw/AgriFreshNET Freshness and Shelf-Life Image Datase/Processed Data/Processed Data/Fresh Tomato(1-10)/IMG_20251125_211611101_HDR.jpg,Tomato,Fresh,Fresh,99.77,True
D:/VIT TY SEM5/ML Project/FOODFRESHAI/data/raw/AgriFreshNET Freshness and Shelf-Life Image Datase/Processed Data/Processed Data/Fresh Tomato(1-10)/IMG_20251125_211637991_HDR.jpg,Tomato,Fresh,Fresh,99.96,True
D:/VIT TY SEM5/ML Project/FOODFRESHAI/data/raw/AgriFreshNET Freshness and Shelf-Life Image Datase/Processed Data/Processed Data/Fresh Tomato(1-10)/IMG_20251125_211651969_HDR.jpg,Tomato,Fresh,Fresh,100.0,True
D:/VIT TY SEM5/ML Project/FOODFRESHAI/data/raw/AgriFreshNET Freshness and Shelf-Life Image Datase/Processed Data/Processed Data/Fresh Tomato(1-10)/IMG_20251125_211839380_HDR.jpg,Tomato,Fresh,Fresh,99.99,True
D:/VIT TY SEM5/ML Project/FOODFRESHAI/data/raw/AgriFreshNET Freshness and Shelf-Life Image Datase/Processed Data/Processed Data/Fresh Tomato(1-10)/IMG_20251125_211911328_HDR.jpg,Tomato,Fresh,Fresh,60.55,True
D:/VIT TY SEM5/ML Project/FOODFRESHAI/data/raw/AgriFreshNET Freshness and Shelf-Life Image Datase/Processed Data/Processed Data/Fresh Tomato(1-10)/IMG_20251125_211924296_HDR.jpg,Tomato,Fresh,Fresh,91.59,True
D:/VIT TY SEM5/ML Project/FOODFRESHAI/data/raw/AgriFreshNET Freshness and Shelf-Life Image Datase/Processed Data/Processed Data/Fresh Tomato(1-10)/IMG_20251125_212016540_HDR.jpg,Tomato,Fresh,Fresh,100.0,True
D:/VIT TY SEM5/ML Project/FOODFRESHAI/data/raw/AgriFreshNET Freshness and Shelf-Life Image Datase/Processed Data/Processed Data/Fresh Tomato(1-10)/IMG_20251125_212024327_HDR.jpg,Tomato,Fresh,Fresh,99.73,True
D:/VIT TY SEM5/ML Project/FOODFRESHAI/data/raw/AgriFreshNET Freshness and Shelf-Life Image Datase/Processed Data/Processed Data/Fresh Tomato(1-10)/IMG_20251126_192429519_HDR.jpg,Tomato,Fresh,Fresh,97.7,True
D:/VIT TY SEM5/ML Project/FOODFRESHAI/data/raw/AgriFreshNET Freshness and Shelf-Life Image Datase/Processed Data/Processed Data/Fresh Tomato(1-10)/IMG_20251126_192443023_HDR.jpg,Tomato,Fresh,Fresh,100.0,True
D:/VIT TY SEM5/ML Project/FOODFRESHAI/data/raw/AgriFreshNET Freshness and Shelf-Life Image Datase/Processed Data/Processed Data/Fresh Tomato(1-10)/IMG_20251126_192526309_HDR.jpg,Tomato,Fresh,Fresh,96.14,True
D:/VIT TY SEM5/ML Project/FOODFRESHAI/data/raw/AgriFreshNET Freshness and Shelf-Life Image Datase/Processed Data/Processed Data/Fresh Tomato(1-10)/IMG_20251126_192636098_HDR.jpg,Tomato,Fresh,Fresh,99.96,True
D:/VIT TY SEM5/ML Project/FOODFRESHAI/data/raw/AgriFreshNET Freshness and Shelf-Life Image Datase/Processed Data/Processed Data/Fresh Tomato(1-10)/IMG_20251126_192724051_HDR.jpg,Tomato,Fresh,Fresh,100.0,True
D:/VIT TY SEM5/ML Project/FOODFRESHAI/data/raw/AgriFreshNET Freshness and Shelf-Life Image Datase/Processed Data/Processed Data/Fresh Tomato(1-10)/IMG_20251126_192804553_HDR.jpg,Tomato,Fresh,Fresh,95.65,True
D:/VIT TY SEM5/ML Project/FOODFRESHAI/data/raw/AgriFreshNET Freshness and Shelf-Life Image Datase/Processed Data/Processed Data/Fresh Tomato(1-10)/IMG_20251126_192834691_HDR.jpg,Tomato,Fresh,Fresh,99.97,True
D:/VIT TY SEM5/ML Project/FOODFRESHAI/data/raw/AgriFreshNET Freshness and Shelf-Life Image Datase/Processed Data/Processed Data/Fresh Tomato(1-10)/IMG_20251126_192840181_HDR.jpg,Tomato,Fresh,Fresh,99.96,True
D:/VIT TY SEM5/ML Project/FOODFRESHAI/data/raw/AgriFreshNET Freshness and Shelf-Life Image Datase/Processed Data/Processed Data/Fresh Tomato(1-10)/IMG_20251127_191810915_HDR.jpg,Tomato,Fresh,Fresh,96.64,True
D:/VIT TY SEM5/ML Project/FOODFRESHAI/data/raw/AgriFreshNET Freshness and Shelf-Life Image Datase/Processed Data/Processed Data/Fresh Tomato(1-10)/IMG_20251127_191827401_HDR.jpg,Tomato,Fresh,Fresh,98.18,True
D:/VIT TY SEM5/ML Project/FOODFRESHAI/data/raw/AgriFreshNET Freshness and Shelf-Life Image Datase/Processed Data/Processed Data/Fresh Tomato(1-10)/IMG_20251127_191947087_HDR.jpg,Tomato,Fresh,Fresh,99.81,True
D:/VIT TY SEM5/ML Project/FOODFRESHAI/data/raw/AgriFreshNET Freshness and Shelf-Life Image Datase/Processed Data/Processed Data/Fresh Tomato(1-10)/IMG_20251127_192049897_HDR.jpg,Tomato,Fresh,Fresh,99.96,True
D:/VIT TY SEM5/ML Project/FOODFRESHAI/data/raw/AgriFreshNET Freshness and Shelf-Life Image Datase/Processed Data/Processed Data/Fresh Tomato(1-10)/IMG_20251127_192110366_HDR.jpg,Tomato,Fresh,Fresh,100.0,True
D:/VIT TY SEM5/ML Project/FOODFRESHAI/data/raw/AgriFreshNET Freshness and Shelf-Life Image Datase/Processed Data/Processed Data/Fresh Tomato(1-10)/IMG_20251130_181244441_HDR.jpg,Tomato,Fresh,Fresh,100.0,True
D:/VIT TY SEM5/ML Project/FOODFRESHAI/data/raw/AgriFreshNET Freshness and Shelf-Life Image Datase/Processed Data/Processed Data/Fresh Tomato(1-10)/IMG_20251130_181350969_HDR.jpg,Tomato,Fresh,Fresh,98.24,True
D:/VIT TY SEM5/ML Project/FOODFRESHAI/data/raw/AgriFreshNET Freshness and Shelf-Life Image Datase/Processed Data/Processed Data/Fresh Tomato(1-10)/IMG_20251130_181431008_HDR.jpg,Tomato,Fresh,Fresh,52.34,True
D:/VIT TY SEM5/ML Project/FOODFRESHAI/data/raw/AgriFreshNET Freshness and Shelf-Life Image Datase/Processed Data/Processed Data/Fresh Tomato(1-10)/IMG_20251201_184510266_HDR.jpg,Tomato,Fresh,Fresh,99.13,True
D:/VIT TY SEM5/ML Project/FOODFRESHAI/data/raw/AgriFreshNET Freshness and Shelf-Life Image Datase/Processed Data/Processed Data/Fresh Tomato(1-10)/IMG_20251201_184641283_HDR.jpg,Tomato,Fresh,Fresh,99.98,True
D:/VIT TY SEM5/ML Project/FOODFRESHAI/data/raw/AgriFreshNET Freshness and Shelf-Life Image Datase/Processed Data/Processed Data/Fresh Tomato(1-10)/IMG_20251201_184705732_HDR.jpg,Tomato,Fresh,Fresh,99.14,True
D:/VIT TY SEM5/ML Project/FOODFRESHAI/data/raw/AgriFreshNET Freshness and Shelf-Life Image Datase/Processed Data/Processed Data/Fresh Tomato(1-10)/IMG_20260120_095749466_HDR_AE.jpg,Tomato,Fresh,Fresh,99.83,True
D:/VIT TY SEM5/ML Project/FOODFRESHAI/data/raw/AgriFreshNET Freshness and Shelf-Life Image Datase/Processed Data/Processed Data/Fresh Tomato(1-10)/IMG_20260120_095801010_HDR_AE.jpg,Tomato,Fresh,Fresh,99.34,True
D:/VIT TY SEM5/ML Project/FOODFRESHAI/data/raw/AgriFreshNET Freshness and Shelf-Life Image Datase/Processed Data/Processed Data/Fresh Tomato(1-10)/IMG_20260120_095816793_HDR_AE.jpg,Tomato,Fresh,Fresh,99.93,True
D:/VIT TY SEM5/ML Project/FOODFRESHAI/data/raw/AgriFreshNET Freshness and Shelf-Life Image Datase/Processed Data/Processed Data/Fresh Tomato(1-10)/Tomato (2).jpeg,Tomato,Fresh,Fresh,71.09,True
D:/VIT TY SEM5/ML Project/FOODFRESHAI/data/raw/AgriFreshNET Freshness and Shelf-Life Image Datase/Processed Data/Processed Data/Fresh Tomato(1-10)/Tomato (4).jpeg,Tomato,Fresh,Fresh,100.0,True
D:/VIT TY SEM5/ML Project/FOODFRESHAI/data/raw/AgriFreshNET Freshness and Shelf-Life Image Datase/Processed Data/Processed Data/Fresh Tomato(1-10)/Tomato (5).jpeg,Tomato,Fresh,Fresh,100.0,True
D:/VIT TY SEM5/ML Project/FOODFRESHAI/data/raw/AgriFreshNET Freshness and Shelf-Life Image Datase/Processed Data/Processed Data/Fresh Tomato(1-10)/Tomato (8).jpeg,Tomato,Fresh,Fresh,99.98,True
D:/VIT TY SEM5/ML Project/FOODFRESHAI/data/raw/AgriFreshNET Freshness and Shelf-Life Image Datase/Processed Data/Processed Data/Rotten banana(7-13)/aug_107_IMG_20251130_175441112_HDR.jpg,Banana,Rotten,Rotten,99.98,True
D:/VIT TY SEM5/ML Project/FOODFRESHAI/data/raw/AgriFreshNET Freshness and Shelf-Life Image Datase/Processed Data/Processed Data/Rotten banana(7-13)/aug_114_IMG_20251130_175625064_HDR.jpg,Banana,Rotten,Rotten,99.97,True
D:/VIT TY SEM5/ML Project/FOODFRESHAI/data/raw/AgriFreshNET Freshness and Shelf-Life Image Datase/Processed Data/Processed Data/Rotten banana(7-13)/aug_115_IMG_20260128_095201087_HDR_AE.jpg,Banana,Rotten,Rotten,100.0,True
D:/VIT TY SEM5/ML Project/FOODFRESHAI/data/raw/AgriFreshNET Freshness and Shelf-Life Image Datase/Processed Data/Processed Data/Rotten banana(7-13)/aug_117_IMG_20260128_095201087_HDR_AE.jpg,Banana,Rotten,Rotten,100.0,True
D:/VIT TY SEM5/ML Project/FOODFRESHAI/data/raw/AgriFreshNET Freshness and Shelf-Life Image Datase/Processed Data/Processed Data/Rotten banana(7-13)/aug_120_IMG_20251126_190528816_HDR.jpg,Banana,Rotten,Rotten,99.55,True
D:/VIT TY SEM5/ML Project/FOODFRESHAI/data/raw/AgriFreshNET Freshness and Shelf-Life Image Datase/Processed Data/Processed Data/Rotten banana(7-13)/aug_130_IMG_20251201_132819447_HDR.jpg,Banana,Rotten,Rotten,99.86,True
D:/VIT TY SEM5/ML Project/FOODFRESHAI/data/raw/AgriFreshNET Freshness and Shelf-Life Image Datase/Processed Data/Processed Data/Rotten banana(7-13)/aug_134_IMG_20251126_190624986_HDR.jpg,Banana,Rotten,Rotten,99.98,True
D:/VIT TY SEM5/ML Project/FOODFRESHAI/data/raw/AgriFreshNET Freshness and Shelf-Life Image Datase/Processed Data/Processed Data/Rotten banana(7-13)/aug_135_IMG_20251201_132554148_HDR.jpg,Banana,Rotten,Rotten,99.97,True
D:/VIT TY SEM5/ML Project/FOODFRESHAI/data/raw/AgriFreshNET Freshness and Shelf-Life Image Datase/Processed Data/Processed Data/Rotten banana(7-13)/aug_137_IMG_20251127_190649690_HDR.jpg,Banana,Rotten,Rotten,99.95,True
D:/VIT TY SEM5/ML Project/FOODFRESHAI/data/raw/AgriFreshNET Freshness and Shelf-Life Image Datase/Processed Data/Processed Data/Rotten banana(7-13)/aug_138_IMG_20251109_111926547_HDR_AE.jpg,Banana,Rotten,Rotten,57.51,True
D:/VIT TY SEM5/ML Project/FOODFRESHAI/data/raw/AgriFreshNET Freshness and Shelf-Life Image Datase/Processed Data/Processed Data/Rotten banana(7-13)/aug_13_IMG_20260126_223355951_HDR.jpg,Banana,Rotten,Rotten,99.95,True
D:/VIT TY SEM5/ML Project/FOODFRESHAI/data/raw/AgriFreshNET Freshness and Shelf-Life Image Datase/Processed Data/Processed Data/Rotten banana(7-13)/aug_140_IMG_20251126_190320232_HDR.jpg,Banana,Rotten,Rotten,99.9,True
D:/VIT TY SEM5/ML Project/FOODFRESHAI/data/raw/AgriFreshNET Freshness and Shelf-Life Image Datase/Processed Data/Processed Data/Rotten banana(7-13)/aug_158_IMG_20260124_113207851_HDR_AE.jpg,Banana,Rotten,Rotten,99.91,True
D:/VIT TY SEM5/ML Project/FOODFRESHAI/data/raw/AgriFreshNET Freshness and Shelf-Life Image Datase/Processed Data/Processed Data/Rotten banana(7-13)/aug_160_IMG_20251109_112010685_HDR_AE.jpg,Banana,Rotten,Rotten,99.25,True
D:/VIT TY SEM5/ML Project/FOODFRESHAI/data/raw/AgriFreshNET Freshness and Shelf-Life Image Datase/Processed Data/Processed Data/Rotten banana(7-13)/aug_162_IMG_20251125_210433613_HDR.jpg,Banana,Rotten,Rotten,98.51,True
D:/VIT TY SEM5/ML Project/FOODFRESHAI/data/raw/AgriFreshNET Freshness and Shelf-Life Image Datase/Processed Data/Processed Data/Rotten banana(7-13)/aug_173_IMG_20251127_190535180_HDR.jpg,Banana,Rotten,Rotten,99.98,True
D:/VIT TY SEM5/ML Project/FOODFRESHAI/data/raw/AgriFreshNET Freshness and Shelf-Life Image Datase/Processed Data/Processed Data/Rotten banana(7-13)/aug_175_IMG_20251109_112010685_HDR_AE.jpg,Banana,Rotten,Rotten,96.4,True
D:/VIT TY SEM5/ML Project/FOODFRESHAI/data/raw/AgriFreshNET Freshness and Shelf-Life Image Datase/Processed Data/Processed Data/Rotten banana(7-13)/aug_182_IMG_20251126_190424660_HDR.jpg,Banana,Rotten,Rotten,99.83,True
D:/VIT TY SEM5/ML Project/FOODFRESHAI/data/raw/AgriFreshNET Freshness and Shelf-Life Image Datase/Processed Data/Processed Data/Rotten banana(7-13)/aug_187_IMG_20251115_121142682_HDR_AE.jpg,Banana,Rotten,Rotten,99.97,True
D:/VIT TY SEM5/ML Project/FOODFRESHAI/data/raw/AgriFreshNET Freshness and Shelf-Life Image Datase/Processed Data/Processed Data/Rotten banana(7-13)/aug_205_IMG_20251113_123330916_HDR_AE.jpg,Banana,Rotten,Rotten,100.0,True
D:/VIT TY SEM5/ML Project/FOODFRESHAI/data/raw/AgriFreshNET Freshness and Shelf-Life Image Datase/Processed Data/Processed Data/Rotten banana(7-13)/aug_218_IMG_20251126_190424660_HDR.jpg,Banana,Rotten,Rotten,99.93,True
D:/VIT TY SEM5/ML Project/FOODFRESHAI/data/raw/AgriFreshNET Freshness and Shelf-Life Image Datase/Processed Data/Processed Data/Rotten banana(7-13)/aug_224_IMG_20251115_121142682_HDR_AE.jpg,Banana,Rotten,Rotten,100.0,True
D:/VIT TY SEM5/ML Project/FOODFRESHAI/data/raw/AgriFreshNET Freshness and Shelf-Life Image Datase/Processed Data/Processed Data/Rotten banana(7-13)/aug_228_IMG_20260124_113304483_HDR_AE.jpg,Banana,Rotten,Rotten,95.17,True
D:/VIT TY SEM5/ML Project/FOODFRESHAI/data/raw/AgriFreshNET Freshness and Shelf-Life Image Datase/Processed Data/Processed Data/Rotten banana(7-13)/aug_231_IMG_20251115_121149114_HDR_AE.jpg,Banana,Rotten,Rotten,100.0,True
D:/VIT TY SEM5/ML Project/FOODFRESHAI/data/raw/AgriFreshNET Freshness and Shelf-Life Image Datase/Processed Data/Processed Data/Rotten banana(7-13)/aug_234_IMG_20251113_123301246_HDR_AE.jpg,Banana,Rotten,Rotten,99.94,True
D:/VIT TY SEM5/ML Project/FOODFRESHAI/data/raw/AgriFreshNET Freshness and Shelf-Life Image Datase/Processed Data/Processed Data/Rotten banana(7-13)/aug_235_IMG_20251201_132716400_HDR.jpg,Banana,Rotten,Rotten,100.0,True
D:/VIT TY SEM5/ML Project/FOODFRESHAI/data/raw/AgriFreshNET Freshness and Shelf-Life Image Datase/Processed Data/Processed Data/Rotten banana(7-13)/aug_238_IMG_20251125_210433613_HDR.jpg,Banana,Rotten,Rotten,99.6,True
D:/VIT TY SEM5/ML Project/FOODFRESHAI/data/raw/AgriFreshNET Freshness and Shelf-Life Image Datase/Processed Data/Processed Data/Rotten banana(7-13)/aug_243_IMG_20260126_223447760_HDR.jpg,Banana,Rotten,Rotten,99.84,True
D:/VIT TY SEM5/ML Project/FOODFRESHAI/data/raw/AgriFreshNET Freshness and Shelf-Life Image Datase/Processed Data/Processed Data/Rotten banana(7-13)/aug_247_IMG_20251111_142358166_HDR_AE.jpg,Banana,Rotten,Rotten,100.0,True
D:/VIT TY SEM5/ML Project/FOODFRESHAI/data/raw/AgriFreshNET Freshness and Shelf-Life Image Datase/Processed Data/Processed Data/Rotten banana(7-13)/aug_24_IMG_20251111_142312568_HDR_AE.jpg,Banana,Rotten,Rotten,99.94,True
D:/VIT TY SEM5/ML Project/FOODFRESHAI/data/raw/AgriFreshNET Freshness and Shelf-Life Image Datase/Processed Data/Processed Data/Rotten banana(7-13)/aug_261_IMG_20251112_112850672_HDR_AE.jpg,Banana,Rotten,Rotten,99.96,True
D:/VIT TY SEM5/ML Project/FOODFRESHAI/data/raw/AgriFreshNET Freshness and Shelf-Life Image Datase/Processed Data/Processed Data/Rotten banana(7-13)/aug_268_IMG_20251112_112614226_HDR_AE.jpg,Banana,Rotten,Rotten,100.0,True
D:/VIT TY SEM5/ML Project/FOODFRESHAI/data/raw/AgriFreshNET Freshness and Shelf-Life Image Datase/Processed Data/Processed Data/Rotten banana(7-13)/aug_273_IMG_20251201_132819447_HDR.jpg,Banana,Rotten,Rotten,99.77,True
D:/VIT TY SEM5/ML Project/FOODFRESHAI/data/raw/AgriFreshNET Freshness and Shelf-Life Image Datase/Processed Data/Processed Data/Rotten banana(7-13)/aug_274_IMG_20251127_190535180_HDR.jpg,Banana,Rotten,Rotten,99.98,True
D:/VIT TY SEM5/ML Project/FOODFRESHAI/data/raw/AgriFreshNET Freshness and Shelf-Life Image Datase/Processed Data/Processed Data/Rotten banana(7-13)/aug_275_IMG_20260126_223355951_HDR.jpg,Banana,Rotten,Rotten,99.98,True
D:/VIT TY SEM5/ML Project/FOODFRESHAI/data/raw/AgriFreshNET Freshness and Shelf-Life Image Datase/Processed Data/Processed Data/Rotten banana(7-13)/aug_276_IMG_20260128_095201087_HDR_AE.jpg,Banana,Rotten,Rotten,100.0,True
D:/VIT TY SEM5/ML Project/FOODFRESHAI/data/raw/AgriFreshNET Freshness and Shelf-Life Image Datase/Processed Data/Processed Data/Rotten banana(7-13)/aug_33_IMG_20251113_123338760_HDR_AE.jpg,Banana,Rotten,Rotten,100.0,True
D:/VIT TY SEM5/ML Project/FOODFRESHAI/data/raw/AgriFreshNET Freshness and Shelf-Life Image Datase/Processed Data/Processed Data/Rotten banana(7-13)/aug_43_IMG_20251130_175441112_HDR.jpg,Banana,Rotten,Rotten,99.98,True
D:/VIT TY SEM5/ML Project/FOODFRESHAI/data/raw/AgriFreshNET Freshness and Shelf-Life Image Datase/Processed Data/Processed Data/Rotten banana(7-13)/aug_45_IMG_20251126_190320232_HDR.jpg,Banana,Rotten,Rotten,99.95,True
D:/VIT TY SEM5/ML Project/FOODFRESHAI/data/raw/AgriFreshNET Freshness and Shelf-Life Image Datase/Processed Data/Processed Data/Rotten banana(7-13)/aug_48_IMG_20260126_223447760_HDR.jpg,Banana,Rotten,Rotten,99.87,True
D:/VIT TY SEM5/ML Project/FOODFRESHAI/data/raw/AgriFreshNET Freshness and Shelf-Life Image Datase/Processed Data/Processed Data/Rotten banana(7-13)/aug_49_IMG_20251201_132554148_HDR.jpg,Banana,Rotten,Rotten,99.97,True
D:/VIT TY SEM5/ML Project/FOODFRESHAI/data/raw/AgriFreshNET Freshness and Shelf-Life Image Datase/Processed Data/Processed Data/Rotten banana(7-13)/aug_51_IMG_20251112_112850672_HDR_AE.jpg,Banana,Rotten,Rotten,99.96,True
D:/VIT TY SEM5/ML Project/FOODFRESHAI/data/raw/AgriFreshNET Freshness and Shelf-Life Image Datase/Processed Data/Processed Data/Rotten banana(7-13)/aug_53_IMG_20251126_190528816_HDR.jpg,Banana,Rotten,Rotten,99.73,True
D:/VIT TY SEM5/ML Project/FOODFRESHAI/data/raw/AgriFreshNET Freshness and Shelf-Life Image Datase/Processed Data/Processed Data/Rotten banana(7-13)/aug_55_IMG_20260126_223434542_HDR.jpg,Banana,Rotten,Rotten,99.13,True
D:/VIT TY SEM5/ML Project/FOODFRESHAI/data/raw/AgriFreshNET Freshness and Shelf-Life Image Datase/Processed Data/Processed Data/Rotten banana(7-13)/aug_65_IMG_20251126_190320232_HDR.jpg,Banana,Rotten,Rotten,99.92,True
D:/VIT TY SEM5/ML Project/FOODFRESHAI/data/raw/AgriFreshNET Freshness and Shelf-Life Image Datase/Processed Data/Processed Data/Rotten banana(7-13)/aug_66_IMG_20251109_112010685_HDR_AE.jpg,Banana,Rotten,Rotten,99.36,True
D:/VIT TY SEM5/ML Project/FOODFRESHAI/data/raw/AgriFreshNET Freshness and Shelf-Life Image Datase/Processed Data/Processed Data/Rotten banana(7-13)/aug_6_IMG_20251111_142312568_HDR_AE.jpg,Banana,Rotten,Rotten,99.97,True
D:/VIT TY SEM5/ML Project/FOODFRESHAI/data/raw/AgriFreshNET Freshness and Shelf-Life Image Datase/Processed Data/Processed Data/Rotten banana(7-13)/aug_73_IMG_20251111_142312568_HDR_AE.jpg,Banana,Rotten,Rotten,99.96,True
D:/VIT TY SEM5/ML Project/FOODFRESHAI/data/raw/AgriFreshNET Freshness and Shelf-Life Image Datase/Processed Data/Processed Data/Rotten banana(7-13)/aug_78_IMG_20251115_121149114_HDR_AE.jpg,Banana,Rotten,Rotten,100.0,True
D:/VIT TY SEM5/ML Project/FOODFRESHAI/data/raw/AgriFreshNET Freshness and Shelf-Life Image Datase/Processed Data/Processed Data/Rotten banana(7-13)/aug_79_IMG_20251126_190624986_HDR.jpg,Banana,Rotten,Rotten,99.99,True
D:/VIT TY SEM5/ML Project/FOODFRESHAI/data/raw/AgriFreshNET Freshness and Shelf-Life Image Datase/Processed Data/Processed Data/Rotten banana(7-13)/aug_96_IMG_20251110_093516804_HDR_AE.jpg,Banana,Rotten,Rotten,99.83,True
D:/VIT TY SEM5/ML Project/FOODFRESHAI/data/raw/AgriFreshNET Freshness and Shelf-Life Image Datase/Processed Data/Processed Data/Rotten banana(7-13)/IMG_20251109_111926547_HDR_AE.jpg,Banana,Rotten,Rotten,67.19,True
D:/VIT TY SEM5/ML Project/FOODFRESHAI/data/raw/AgriFreshNET Freshness and Shelf-Life Image Datase/Processed Data/Processed Data/Rotten banana(7-13)/IMG_20251109_112010685_HDR_AE.jpg,Banana,Rotten,Rotten,99.04,True
D:/VIT TY SEM5/ML Project/FOODFRESHAI/data/raw/AgriFreshNET Freshness and Shelf-Life Image Datase/Processed Data/Processed Data/Rotten banana(7-13)/IMG_20251110_093516804_HDR_AE.jpg,Banana,Rotten,Rotten,99.84,True
D:/VIT TY SEM5/ML Project/FOODFRESHAI/data/raw/AgriFreshNET Freshness and Shelf-Life Image Datase/Processed Data/Processed Data/Rotten banana(7-13)/IMG_20251111_142312568_HDR_AE.jpg,Banana,Rotten,Rotten,99.97,True
D:/VIT TY SEM5/ML Project/FOODFRESHAI/data/raw/AgriFreshNET Freshness and Shelf-Life Image Datase/Processed Data/Processed Data/Rotten banana(7-13)/IMG_20251111_142358166_HDR_AE.jpg,Banana,Rotten,Rotten,100.0,True
D:/VIT TY SEM5/ML Project/FOODFRESHAI/data/raw/AgriFreshNET Freshness and Shelf-Life Image Datase/Processed Data/Processed Data/Rotten banana(7-13)/IMG_20251112_112614226_HDR_AE.jpg,Banana,Rotten,Rotten,100.0,True
D:/VIT TY SEM5/ML Project/FOODFRESHAI/data/raw/AgriFreshNET Freshness and Shelf-Life Image Datase/Processed Data/Processed Data/Rotten banana(7-13)/IMG_20251112_112850672_HDR_AE.jpg,Banana,Rotten,Rotten,99.92,True
D:/VIT TY SEM5/ML Project/FOODFRESHAI/data/raw/AgriFreshNET Freshness and Shelf-Life Image Datase/Processed Data/Processed Data/Rotten banana(7-13)/IMG_20251113_123301246_HDR_AE.jpg,Banana,Rotten,Rotten,99.99,True
D:/VIT TY SEM5/ML Project/FOODFRESHAI/data/raw/AgriFreshNET Freshness and Shelf-Life Image Datase/Processed Data/Processed Data/Rotten banana(7-13)/IMG_20251113_123330916_HDR_AE.jpg,Banana,Rotten,Rotten,100.0,True
D:/VIT TY SEM5/ML Project/FOODFRESHAI/data/raw/AgriFreshNET Freshness and Shelf-Life Image Datase/Processed Data/Processed Data/Rotten banana(7-13)/IMG_20251113_123338760_HDR_AE.jpg,Banana,Rotten,Rotten,100.0,True
D:/VIT TY SEM5/ML Project/FOODFRESHAI/data/raw/AgriFreshNET Freshness and Shelf-Life Image Datase/Processed Data/Processed Data/Rotten banana(7-13)/IMG_20251114_213930892_HDR.jpg,Banana,Rotten,Rotten,99.97,True
D:/VIT TY SEM5/ML Project/FOODFRESHAI/data/raw/AgriFreshNET Freshness and Shelf-Life Image Datase/Processed Data/Processed Data/Rotten banana(7-13)/IMG_20251115_121142682_HDR_AE.jpg,Banana,Rotten,Rotten,100.0,True
D:/VIT TY SEM5/ML Project/FOODFRESHAI/data/raw/AgriFreshNET Freshness and Shelf-Life Image Datase/Processed Data/Processed Data/Rotten banana(7-13)/IMG_20251115_121149114_HDR_AE.jpg,Banana,Rotten,Rotten,100.0,True
D:/VIT TY SEM5/ML Project/FOODFRESHAI/data/raw/AgriFreshNET Freshness and Shelf-Life Image Datase/Processed Data/Processed Data/Rotten banana(7-13)/IMG_20251125_210259490_HDR.jpg,Banana,Rotten,Rotten,99.04,True
D:/VIT TY SEM5/ML Project/FOODFRESHAI/data/raw/AgriFreshNET Freshness and Shelf-Life Image Datase/Processed Data/Processed Data/Rotten banana(7-13)/IMG_20251125_210433613_HDR.jpg,Banana,Rotten,Rotten,99.14,True
D:/VIT TY SEM5/ML Project/FOODFRESHAI/data/raw/AgriFreshNET Freshness and Shelf-Life Image Datase/Processed Data/Processed Data/Rotten banana(7-13)/IMG_20251125_210438895_HDR.jpg,Banana,Rotten,Semi-Fresh,91.28,False
D:/VIT TY SEM5/ML Project/FOODFRESHAI/data/raw/AgriFreshNET Freshness and Shelf-Life Image Datase/Processed Data/Processed Data/Rotten banana(7-13)/IMG_20251125_210542474_HDR.jpg,Banana,Rotten,Semi-Fresh,89.31,False
D:/VIT TY SEM5/ML Project/FOODFRESHAI/data/raw/AgriFreshNET Freshness and Shelf-Life Image Datase/Processed Data/Processed Data/Rotten banana(7-13)/IMG_20251126_190320232_HDR.jpg,Banana,Rotten,Rotten,99.9,True
D:/VIT TY SEM5/ML Project/FOODFRESHAI/data/raw/AgriFreshNET Freshness and Shelf-Life Image Datase/Processed Data/Processed Data/Rotten banana(7-13)/IMG_20251126_190327968_HDR.jpg,Banana,Rotten,Rotten,99.74,True
D:/VIT TY SEM5/ML Project/FOODFRESHAI/data/raw/AgriFreshNET Freshness and Shelf-Life Image Datase/Processed Data/Processed Data/Rotten banana(7-13)/IMG_20251126_190424660_HDR.jpg,Banana,Rotten,Rotten,99.94,True
D:/VIT TY SEM5/ML Project/FOODFRESHAI/data/raw/AgriFreshNET Freshness and Shelf-Life Image Datase/Processed Data/Processed Data/Rotten banana(7-13)/IMG_20251126_190528816_HDR.jpg,Banana,Rotten,Rotten,99.78,True
D:/VIT TY SEM5/ML Project/FOODFRESHAI/data/raw/AgriFreshNET Freshness and Shelf-Life Image Datase/Processed Data/Processed Data/Rotten banana(7-13)/IMG_20251126_190624986_HDR.jpg,Banana,Rotten,Rotten,99.99,True
D:/VIT TY SEM5/ML Project/FOODFRESHAI/data/raw/AgriFreshNET Freshness and Shelf-Life Image Datase/Processed Data/Processed Data/Rotten banana(7-13)/IMG_20251127_190535180_HDR.jpg,Banana,Rotten,Rotten,99.98,True
D:/VIT TY SEM5/ML Project/FOODFRESHAI/data/raw/AgriFreshNET Freshness and Shelf-Life Image Datase/Processed Data/Processed Data/Rotten banana(7-13)/IMG_20251127_190649690_HDR.jpg,Banana,Rotten,Rotten,99.93,True
D:/VIT TY SEM5/ML Project/FOODFRESHAI/data/raw/AgriFreshNET Freshness and Shelf-Life Image Datase/Processed Data/Processed Data/Rotten banana(7-13)/IMG_20251127_190725481_HDR.jpg,Banana,Rotten,Rotten,99.94,True
D:/VIT TY SEM5/ML Project/FOODFRESHAI/data/raw/AgriFreshNET Freshness and Shelf-Life Image Datase/Processed Data/Processed Data/Rotten banana(7-13)/IMG_20251127_190745468_HDR.jpg,Banana,Rotten,Rotten,99.89,True
D:/VIT TY SEM5/ML Project/FOODFRESHAI/data/raw/AgriFreshNET Freshness and Shelf-Life Image Datase/Processed Data/Processed Data/Rotten banana(7-13)/IMG_20251130_175441112_HDR.jpg,Banana,Rotten,Rotten,99.98,True
D:/VIT TY SEM5/ML Project/FOODFRESHAI/data/raw/AgriFreshNET Freshness and Shelf-Life Image Datase/Processed Data/Processed Data/Rotten banana(7-13)/IMG_20251130_175625064_HDR.jpg,Banana,Rotten,Rotten,99.97,True
D:/VIT TY SEM5/ML Project/FOODFRESHAI/data/raw/AgriFreshNET Freshness and Shelf-Life Image Datase/Processed Data/Processed Data/Rotten banana(7-13)/IMG_20251201_132554148_HDR.jpg,Banana,Rotten,Rotten,99.96,True
D:/VIT TY SEM5/ML Project/FOODFRESHAI/data/raw/AgriFreshNET Freshness and Shelf-Life Image Datase/Processed Data/Processed Data/Rotten banana(7-13)/IMG_20251201_132700624_HDR.jpg,Banana,Rotten,Rotten,99.99,True
D:/VIT TY SEM5/ML Project/FOODFRESHAI/data/raw/AgriFreshNET Freshness and Shelf-Life Image Datase/Processed Data/Processed Data/Rotten banana(7-13)/IMG_20251201_132716400_HDR.jpg,Banana,Rotten,Rotten,100.0,True
D:/VIT TY SEM5/ML Project/FOODFRESHAI/data/raw/AgriFreshNET Freshness and Shelf-Life Image Datase/Processed Data/Processed Data/Rotten banana(7-13)/IMG_20251201_132802273_HDR.jpg,Banana,Rotten,Rotten,100.0,True
D:/VIT TY SEM5/ML Project/FOODFRESHAI/data/raw/AgriFreshNET Freshness and Shelf-Life Image Datase/Processed Data/Processed Data/Rotten banana(7-13)/IMG_20251201_132819447_HDR.jpg,Banana,Rotten,Rotten,99.77,True
D:/VIT TY SEM5/ML Project/FOODFRESHAI/data/raw/AgriFreshNET Freshness and Shelf-Life Image Datase/Processed Data/Processed Data/Rotten banana(7-13)/IMG_20260124_113111469_HDR_AE.jpg,Banana,Rotten,Rotten,99.48,True
D:/VIT TY SEM5/ML Project/FOODFRESHAI/data/raw/AgriFreshNET Freshness and Shelf-Life Image Datase/Processed Data/Processed Data/Rotten banana(7-13)/IMG_20260124_113207851_HDR_AE.jpg,Banana,Rotten,Rotten,99.91,True
D:/VIT TY SEM5/ML Project/FOODFRESHAI/data/raw/AgriFreshNET Freshness and Shelf-Life Image Datase/Processed Data/Processed Data/Rotten banana(7-13)/IMG_20260124_113304483_HDR_AE.jpg,Banana,Rotten,Rotten,99.18,True
D:/VIT TY SEM5/ML Project/FOODFRESHAI/data/raw/AgriFreshNET Freshness and Shelf-Life Image Datase/Processed Data/Processed Data/Rotten banana(7-13)/IMG_20260126_223355951_HDR.jpg,Banana,Rotten,Rotten,99.98,True
D:/VIT TY SEM5/ML Project/FOODFRESHAI/data/raw/AgriFreshNET Freshness and Shelf-Life Image Datase/Processed Data/Processed Data/Rotten banana(7-13)/IMG_20260126_223434542_HDR.jpg,Banana,Rotten,Rotten,99.54,True
D:/VIT TY SEM5/ML Project/FOODFRESHAI/data/raw/AgriFreshNET Freshness and Shelf-Life Image Datase/Processed Data/Processed Data/Rotten banana(7-13)/IMG_20260126_223447760_HDR.jpg,Banana,Rotten,Rotten,99.54,True
D:/VIT TY SEM5/ML Project/FOODFRESHAI/data/raw/AgriFreshNET Freshness and Shelf-Life Image Datase/Processed Data/Processed Data/Rotten banana(7-13)/IMG_20260128_095201087_HDR_AE.jpg,Banana,Rotten,Rotten,100.0,True
D:/VIT TY SEM5/ML Project/FOODFRESHAI/data/raw/AgriFreshNET Freshness and Shelf-Life Image Datase/Processed Data/Processed Data/Rotten Bittermelon(5-8)/aug_117_IMG_20251123_013301.jpg,Bittermelon,Rotten,Semi-Fresh,79.15,False
D:/VIT TY SEM5/ML Project/FOODFRESHAI/data/raw/AgriFreshNET Freshness and Shelf-Life Image Datase/Processed Data/Processed Data/Rotten Bittermelon(5-8)/aug_119_IMG_20251124_022001.jpg,Bittermelon,Rotten,Rotten,100.0,True
D:/VIT TY SEM5/ML Project/FOODFRESHAI/data/raw/AgriFreshNET Freshness and Shelf-Life Image Datase/Processed Data/Processed Data/Rotten Bittermelon(5-8)/aug_121_IMG_20251124_021249.jpg,Bittermelon,Rotten,Rotten,99.3,True
D:/VIT TY SEM5/ML Project/FOODFRESHAI/data/raw/AgriFreshNET Freshness and Shelf-Life Image Datase/Processed Data/Processed Data/Rotten Bittermelon(5-8)/aug_125_IMG_20251124_022254.jpg,Bittermelon,Rotten,Rotten,100.0,True
D:/VIT TY SEM5/ML Project/FOODFRESHAI/data/raw/AgriFreshNET Freshness and Shelf-Life Image Datase/Processed Data/Processed Data/Rotten Bittermelon(5-8)/aug_126_IMG_20251031_164254.jpg,Bittermelon,Rotten,Rotten,99.89,True
D:/VIT TY SEM5/ML Project/FOODFRESHAI/data/raw/AgriFreshNET Freshness and Shelf-Life Image Datase/Processed Data/Processed Data/Rotten Bittermelon(5-8)/aug_135_IMG_20251202_020346.jpg,Bittermelon,Rotten,Rotten,99.98,True
D:/VIT TY SEM5/ML Project/FOODFRESHAI/data/raw/AgriFreshNET Freshness and Shelf-Life Image Datase/Processed Data/Processed Data/Rotten Bittermelon(5-8)/aug_138_IMG_20260125_005617.jpg,Bittermelon,Rotten,Rotten,99.98,True
D:/VIT TY SEM5/ML Project/FOODFRESHAI/data/raw/AgriFreshNET Freshness and Shelf-Life Image Datase/Processed Data/Processed Data/Rotten Bittermelon(5-8)/aug_140_IMG_20260120_005020.jpg,Bittermelon,Rotten,Rotten,99.99,True
D:/VIT TY SEM5/ML Project/FOODFRESHAI/data/raw/AgriFreshNET Freshness and Shelf-Life Image Datase/Processed Data/Processed Data/Rotten Bittermelon(5-8)/aug_141_IMG_20260125_005846.jpg,Bittermelon,Rotten,Rotten,100.0,True
D:/VIT TY SEM5/ML Project/FOODFRESHAI/data/raw/AgriFreshNET Freshness and Shelf-Life Image Datase/Processed Data/Processed Data/Rotten Bittermelon(5-8)/aug_152_IMG_20260125_005629.jpg,Bittermelon,Rotten,Rotten,100.0,True
D:/VIT TY SEM5/ML Project/FOODFRESHAI/data/raw/AgriFreshNET Freshness and Shelf-Life Image Datase/Processed Data/Processed Data/Rotten Bittermelon(5-8)/aug_160_IMG_20251202_020346.jpg,Bittermelon,Rotten,Rotten,100.0,True
D:/VIT TY SEM5/ML Project/FOODFRESHAI/data/raw/AgriFreshNET Freshness and Shelf-Life Image Datase/Processed Data/Processed Data/Rotten Bittermelon(5-8)/aug_161_IMG_20251124_022436.jpg,Bittermelon,Rotten,Rotten,99.13,True
D:/VIT TY SEM5/ML Project/FOODFRESHAI/data/raw/AgriFreshNET Freshness and Shelf-Life Image Datase/Processed Data/Processed Data/Rotten Bittermelon(5-8)/aug_162_IMG_20260120_004949.jpg,Bittermelon,Rotten,Rotten,99.81,True
D:/VIT TY SEM5/ML Project/FOODFRESHAI/data/raw/AgriFreshNET Freshness and Shelf-Life Image Datase/Processed Data/Processed Data/Rotten Bittermelon(5-8)/aug_16_IMG_20251202_020421.jpg,Bittermelon,Rotten,Rotten,100.0,True
D:/VIT TY SEM5/ML Project/FOODFRESHAI/data/raw/AgriFreshNET Freshness and Shelf-Life Image Datase/Processed Data/Processed Data/Rotten Bittermelon(5-8)/aug_170_IMG_20251202_020421.jpg,Bittermelon,Rotten,Rotten,100.0,True
D:/VIT TY SEM5/ML Project/FOODFRESHAI/data/raw/AgriFreshNET Freshness and Shelf-Life Image Datase/Processed Data/Processed Data/Rotten Bittermelon(5-8)/aug_180_IMG_20260125_005648.jpg,Bittermelon,Rotten,Rotten,99.95,True
D:/VIT TY SEM5/ML Project/FOODFRESHAI/data/raw/AgriFreshNET Freshness and Shelf-Life Image Datase/Processed Data/Processed Data/Rotten Bittermelon(5-8)/aug_182_IMG_20260125_005617.jpg,Bittermelon,Rotten,Rotten,99.99,True
D:/VIT TY SEM5/ML Project/FOODFRESHAI/data/raw/AgriFreshNET Freshness and Shelf-Life Image Datase/Processed Data/Processed Data/Rotten Bittermelon(5-8)/aug_195_IMG_20251124_022001.jpg,Bittermelon,Rotten,Rotten,100.0,True
D:/VIT TY SEM5/ML Project/FOODFRESHAI/data/raw/AgriFreshNET Freshness and Shelf-Life Image Datase/Processed Data/Processed Data/Rotten Bittermelon(5-8)/aug_196_IMG_20260125_005736.jpg,Bittermelon,Rotten,Rotten,100.0,True
D:/VIT TY SEM5/ML Project/FOODFRESHAI/data/raw/AgriFreshNET Freshness and Shelf-Life Image Datase/Processed Data/Processed Data/Rotten Bittermelon(5-8)/aug_198_IMG_20251031_164254.jpg,Bittermelon,Rotten,Rotten,99.25,True
D:/VIT TY SEM5/ML Project/FOODFRESHAI/data/raw/AgriFreshNET Freshness and Shelf-Life Image Datase/Processed Data/Processed Data/Rotten Bittermelon(5-8)/aug_19_IMG_20260125_005648.jpg,Bittermelon,Rotten,Rotten,99.97,True
D:/VIT TY SEM5/ML Project/FOODFRESHAI/data/raw/AgriFreshNET Freshness and Shelf-Life Image Datase/Processed Data/Processed Data/Rotten Bittermelon(5-8)/aug_206_IMG_20251202_020421.jpg,Bittermelon,Rotten,Rotten,100.0,True
D:/VIT TY SEM5/ML Project/FOODFRESHAI/data/raw/AgriFreshNET Freshness and Shelf-Life Image Datase/Processed Data/Processed Data/Rotten Bittermelon(5-8)/aug_207_IMG_20251124_022254.jpg,Bittermelon,Rotten,Rotten,100.0,True
D:/VIT TY SEM5/ML Project/FOODFRESHAI/data/raw/AgriFreshNET Freshness and Shelf-Life Image Datase/Processed Data/Processed Data/Rotten Bittermelon(5-8)/aug_211_IMG_20251202_020421.jpg,Bittermelon,Rotten,Rotten,100.0,True
D:/VIT TY SEM5/ML Project/FOODFRESHAI/data/raw/AgriFreshNET Freshness and Shelf-Life Image Datase/Processed Data/Processed Data/Rotten Bittermelon(5-8)/aug_218_IMG_20251124_022001.jpg,Bittermelon,Rotten,Rotten,100.0,True
D:/VIT TY SEM5/ML Project/FOODFRESHAI/data/raw/AgriFreshNET Freshness and Shelf-Life Image Datase/Processed Data/Processed Data/Rotten Bittermelon(5-8)/aug_21_IMG_20251124_022254.jpg,Bittermelon,Rotten,Rotten,100.0,True
D:/VIT TY SEM5/ML Project/FOODFRESHAI/data/raw/AgriFreshNET Freshness and Shelf-Life Image Datase/Processed Data/Processed Data/Rotten Bittermelon(5-8)/aug_228_IMG_20251202_020421.jpg,Bittermelon,Rotten,Rotten,100.0,True
D:/VIT TY SEM5/ML Project/FOODFRESHAI/data/raw/AgriFreshNET Freshness and Shelf-Life Image Datase/Processed Data/Processed Data/Rotten Bittermelon(5-8)/aug_230_IMG_20260125_005702.jpg,Bittermelon,Rotten,Rotten,99.92,True
D:/VIT TY SEM5/ML Project/FOODFRESHAI/data/raw/AgriFreshNET Freshness and Shelf-Life Image Datase/Processed Data/Processed Data/Rotten Bittermelon(5-8)/aug_239_IMG_20251124_021300.jpg,Bittermelon,Rotten,Rotten,99.95,True
D:/VIT TY SEM5/ML Project/FOODFRESHAI/data/raw/AgriFreshNET Freshness and Shelf-Life Image Datase/Processed Data/Processed Data/Rotten Bittermelon(5-8)/aug_248_IMG_20260125_005629.jpg,Bittermelon,Rotten,Rotten,100.0,True
D:/VIT TY SEM5/ML Project/FOODFRESHAI/data/raw/AgriFreshNET Freshness and Shelf-Life Image Datase/Processed Data/Processed Data/Rotten Bittermelon(5-8)/aug_24_IMG_20260123_014025.jpg,Bittermelon,Rotten,Rotten,95.83,True
D:/VIT TY SEM5/ML Project/FOODFRESHAI/data/raw/AgriFreshNET Freshness and Shelf-Life Image Datase/Processed Data/Processed Data/Rotten Bittermelon(5-8)/aug_256_IMG_20251124_022254.jpg,Bittermelon,Rotten,Rotten,99.82,True
D:/VIT TY SEM5/ML Project/FOODFRESHAI/data/raw/AgriFreshNET Freshness and Shelf-Life Image Datase/Processed Data/Processed Data/Rotten Bittermelon(5-8)/aug_25_IMG_20260125_005736.jpg,Bittermelon,Rotten,Rotten,100.0,True
D:/VIT TY SEM5/ML Project/FOODFRESHAI/data/raw/AgriFreshNET Freshness and Shelf-Life Image Datase/Processed Data/Processed Data/Rotten Bittermelon(5-8)/aug_264_IMG_20260125_005720.jpg,Bittermelon,Rotten,Rotten,99.97,True
D:/VIT TY SEM5/ML Project/FOODFRESHAI/data/raw/AgriFreshNET Freshness and Shelf-Life Image Datase/Processed Data/Processed Data/Rotten Bittermelon(5-8)/aug_266_IMG_20251202_020421.jpg,Bittermelon,Rotten,Rotten,100.0,True
D:/VIT TY SEM5/ML Project/FOODFRESHAI/data/raw/AgriFreshNET Freshness and Shelf-Life Image Datase/Processed Data/Processed Data/Rotten Bittermelon(5-8)/aug_26_IMG_20251103_090802.jpg,Bittermelon,Rotten,Rotten,99.86,True
D:/VIT TY SEM5/ML Project/FOODFRESHAI/data/raw/AgriFreshNET Freshness and Shelf-Life Image Datase/Processed Data/Processed Data/Rotten Bittermelon(5-8)/aug_278_IMG_20260123_014025.jpg,Bittermelon,Rotten,Rotten,98.2,True
D:/VIT TY SEM5/ML Project/FOODFRESHAI/data/raw/AgriFreshNET Freshness and Shelf-Life Image Datase/Processed Data/Processed Data/Rotten Bittermelon(5-8)/aug_280_IMG_20251202_020346.jpg,Bittermelon,Rotten,Rotten,100.0,True
D:/VIT TY SEM5/ML Project/FOODFRESHAI/data/raw/AgriFreshNET Freshness and Shelf-Life Image Datase/Processed Data/Processed Data/Rotten Bittermelon(5-8)/aug_298_IMG_20251202_015928.jpg,Bittermelon,Rotten,Rotten,94.95,True
D:/VIT TY SEM5/ML Project/FOODFRESHAI/data/raw/AgriFreshNET Freshness and Shelf-Life Image Datase/Processed Data/Processed Data/Rotten Bittermelon(5-8)/aug_300_IMG_20251031_164243.jpg,Bittermelon,Rotten,Rotten,99.63,True
D:/VIT TY SEM5/ML Project/FOODFRESHAI/data/raw/AgriFreshNET Freshness and Shelf-Life Image Datase/Processed Data/Processed Data/Rotten Bittermelon(5-8)/aug_301_IMG_20260125_005736.jpg,Bittermelon,Rotten,Rotten,100.0,True
D:/VIT TY SEM5/ML Project/FOODFRESHAI/data/raw/AgriFreshNET Freshness and Shelf-Life Image Datase/Processed Data/Processed Data/Rotten Bittermelon(5-8)/aug_313_IMG_20260120_004917.jpg,Bittermelon,Rotten,Rotten,100.0,True
D:/VIT TY SEM5/ML Project/FOODFRESHAI/data/raw/AgriFreshNET Freshness and Shelf-Life Image Datase/Processed Data/Processed Data/Rotten Bittermelon(5-8)/aug_314_IMG_20260125_005702.jpg,Bittermelon,Rotten,Rotten,99.92,True
D:/VIT TY SEM5/ML Project/FOODFRESHAI/data/raw/AgriFreshNET Freshness and Shelf-Life Image Datase/Processed Data/Processed Data/Rotten Bittermelon(5-8)/aug_318_IMG_20251124_022001.jpg,Bittermelon,Rotten,Rotten,100.0,True
D:/VIT TY SEM5/ML Project/FOODFRESHAI/data/raw/AgriFreshNET Freshness and Shelf-Life Image Datase/Processed Data/Processed Data/Rotten Bittermelon(5-8)/aug_323_IMG_20251124_021300.jpg,Bittermelon,Rotten,Rotten,99.92,True
D:/VIT TY SEM5/ML Project/FOODFRESHAI/data/raw/AgriFreshNET Freshness and Shelf-Life Image Datase/Processed Data/Processed Data/Rotten Bittermelon(5-8)/aug_326_IMG_20251124_022254.jpg,Bittermelon,Rotten,Rotten,100.0,True
D:/VIT TY SEM5/ML Project/FOODFRESHAI/data/raw/AgriFreshNET Freshness and Shelf-Life Image Datase/Processed Data/Processed Data/Rotten Bittermelon(5-8)/aug_344_IMG_20260125_005717.jpg,Bittermelon,Rotten,Rotten,100.0,True
D:/VIT TY SEM5/ML Project/FOODFRESHAI/data/raw/AgriFreshNET Freshness and Shelf-Life Image Datase/Processed Data/Processed Data/Rotten Bittermelon(5-8)/aug_345_IMG_20251124_022251.jpg,Bittermelon,Rotten,Rotten,100.0,True
D:/VIT TY SEM5/ML Project/FOODFRESHAI/data/raw/AgriFreshNET Freshness and Shelf-Life Image Datase/Processed Data/Processed Data/Rotten Bittermelon(5-8)/aug_34_IMG_20251202_020346.jpg,Bittermelon,Rotten,Rotten,100.0,True
D:/VIT TY SEM5/ML Project/FOODFRESHAI/data/raw/AgriFreshNET Freshness and Shelf-Life Image Datase/Processed Data/Processed Data/Rotten Bittermelon(5-8)/aug_357_IMG_20251124_022005.jpg,Bittermelon,Rotten,Rotten,100.0,True
D:/VIT TY SEM5/ML Project/FOODFRESHAI/data/raw/AgriFreshNET Freshness and Shelf-Life Image Datase/Processed Data/Processed Data/Rotten Bittermelon(5-8)/aug_371_IMG_20251202_020421.jpg,Bittermelon,Rotten,Rotten,100.0,True
D:/VIT TY SEM5/ML Project/FOODFRESHAI/data/raw/AgriFreshNET Freshness and Shelf-Life Image Datase/Processed Data/Processed Data/Rotten Bittermelon(5-8)/aug_38_IMG_20260125_005720.jpg,Bittermelon,Rotten,Rotten,99.98,True
D:/VIT TY SEM5/ML Project/FOODFRESHAI/data/raw/AgriFreshNET Freshness and Shelf-Life Image Datase/Processed Data/Processed Data/Rotten Bittermelon(5-8)/aug_43_IMG_20251124_022001.jpg,Bittermelon,Rotten,Rotten,100.0,True
D:/VIT TY SEM5/ML Project/FOODFRESHAI/data/raw/AgriFreshNET Freshness and Shelf-Life Image Datase/Processed Data/Processed Data/Rotten Bittermelon(5-8)/aug_59_IMG_20251202_015835.jpg,Bittermelon,Rotten,Rotten,99.94,True
D:/VIT TY SEM5/ML Project/FOODFRESHAI/data/raw/AgriFreshNET Freshness and Shelf-Life Image Datase/Processed Data/Processed Data/Rotten Bittermelon(5-8)/aug_80_IMG_20260125_005702.jpg,Bittermelon,Rotten,Rotten,99.99,True
D:/VIT TY SEM5/ML Project/FOODFRESHAI/data/raw/AgriFreshNET Freshness and Shelf-Life Image Datase/Processed Data/Processed Data/Rotten Bittermelon(5-8)/aug_93_IMG_20260125_005744.jpg,Bittermelon,Rotten,Rotten,100.0,True
D:/VIT TY SEM5/ML Project/FOODFRESHAI/data/raw/AgriFreshNET Freshness and Shelf-Life Image Datase/Processed Data/Processed Data/Rotten Bittermelon(5-8)/IMG_20251031_164243.jpg,Bittermelon,Rotten,Rotten,99.63,True
D:/VIT TY SEM5/ML Project/FOODFRESHAI/data/raw/AgriFreshNET Freshness and Shelf-Life Image Datase/Processed Data/Processed Data/Rotten Bittermelon(5-8)/IMG_20251031_164254.jpg,Bittermelon,Rotten,Rotten,99.02,True
D:/VIT TY SEM5/ML Project/FOODFRESHAI/data/raw/AgriFreshNET Freshness and Shelf-Life Image Datase/Processed Data/Processed Data/Rotten Bittermelon(5-8)/IMG_20251103_090802.jpg,Bittermelon,Rotten,Rotten,99.8,True
D:/VIT TY SEM5/ML Project/FOODFRESHAI/data/raw/AgriFreshNET Freshness and Shelf-Life Image Datase/Processed Data/Processed Data/Rotten Bittermelon(5-8)/IMG_20251123_013301.jpg,Bittermelon,Rotten,Rotten,63.03,True
D:/VIT TY SEM5/ML Project/FOODFRESHAI/data/raw/AgriFreshNET Freshness and Shelf-Life Image Datase/Processed Data/Processed Data/Rotten Bittermelon(5-8)/IMG_20251124_021249.jpg,Bittermelon,Rotten,Rotten,98.48,True
D:/VIT TY SEM5/ML Project/FOODFRESHAI/data/raw/AgriFreshNET Freshness and Shelf-Life Image Datase/Processed Data/Processed Data/Rotten Bittermelon(5-8)/IMG_20251124_021300.jpg,Bittermelon,Rotten,Rotten,99.94,True
D:/VIT TY SEM5/ML Project/FOODFRESHAI/data/raw/AgriFreshNET Freshness and Shelf-Life Image Datase/Processed Data/Processed Data/Rotten Bittermelon(5-8)/IMG_20251124_022001.jpg,Bittermelon,Rotten,Rotten,100.0,True
D:/VIT TY SEM5/ML Project/FOODFRESHAI/data/raw/AgriFreshNET Freshness and Shelf-Life Image Datase/Processed Data/Processed Data/Rotten Bittermelon(5-8)/IMG_20251124_022005.jpg,Bittermelon,Rotten,Rotten,100.0,True
D:/VIT TY SEM5/ML Project/FOODFRESHAI/data/raw/AgriFreshNET Freshness and Shelf-Life Image Datase/Processed Data/Processed Data/Rotten Bittermelon(5-8)/IMG_20251124_022251.jpg,Bittermelon,Rotten,Rotten,100.0,True
D:/VIT TY SEM5/ML Project/FOODFRESHAI/data/raw/AgriFreshNET Freshness and Shelf-Life Image Datase/Processed Data/Processed Data/Rotten Bittermelon(5-8)/IMG_20251124_022254.jpg,Bittermelon,Rotten,Rotten,100.0,True
D:/VIT TY SEM5/ML Project/FOODFRESHAI/data/raw/AgriFreshNET Freshness and Shelf-Life Image Datase/Processed Data/Processed Data/Rotten Bittermelon(5-8)/IMG_20251124_022436.jpg,Bittermelon,Rotten,Rotten,99.38,True
D:/VIT TY SEM5/ML Project/FOODFRESHAI/data/raw/AgriFreshNET Freshness and Shelf-Life Image Datase/Processed Data/Processed Data/Rotten Bittermelon(5-8)/IMG_20251202_015835.jpg,Bittermelon,Rotten,Rotten,99.92,True
D:/VIT TY SEM5/ML Project/FOODFRESHAI/data/raw/AgriFreshNET Freshness and Shelf-Life Image Datase/Processed Data/Processed Data/Rotten Bittermelon(5-8)/IMG_20251202_015928.jpg,Bittermelon,Rotten,Rotten,98.49,True
D:/VIT TY SEM5/ML Project/FOODFRESHAI/data/raw/AgriFreshNET Freshness and Shelf-Life Image Datase/Processed Data/Processed Data/Rotten Bittermelon(5-8)/IMG_20251202_020031.jpg,Bittermelon,Rotten,Rotten,99.99,True
D:/VIT TY SEM5/ML Project/FOODFRESHAI/data/raw/AgriFreshNET Freshness and Shelf-Life Image Datase/Processed Data/Processed Data/Rotten Bittermelon(5-8)/IMG_20251202_020346.jpg,Bittermelon,Rotten,Rotten,100.0,True
D:/VIT TY SEM5/ML Project/FOODFRESHAI/data/raw/AgriFreshNET Freshness and Shelf-Life Image Datase/Processed Data/Processed Data/Rotten Bittermelon(5-8)/IMG_20251202_020421.jpg,Bittermelon,Rotten,Rotten,100.0,True
D:/VIT TY SEM5/ML Project/FOODFRESHAI/data/raw/AgriFreshNET Freshness and Shelf-Life Image Datase/Processed Data/Processed Data/Rotten Bittermelon(5-8)/IMG_20260120_004917.jpg,Bittermelon,Rotten,Rotten,100.0,True
D:/VIT TY SEM5/ML Project/FOODFRESHAI/data/raw/AgriFreshNET Freshness and Shelf-Life Image Datase/Processed Data/Processed Data/Rotten Bittermelon(5-8)/IMG_20260120_004949.jpg,Bittermelon,Rotten,Rotten,99.85,True
D:/VIT TY SEM5/ML Project/FOODFRESHAI/data/raw/AgriFreshNET Freshness and Shelf-Life Image Datase/Processed Data/Processed Data/Rotten Bittermelon(5-8)/IMG_20260120_005020.jpg,Bittermelon,Rotten,Rotten,99.99,True
D:/VIT TY SEM5/ML Project/FOODFRESHAI/data/raw/AgriFreshNET Freshness and Shelf-Life Image Datase/Processed Data/Processed Data/Rotten Bittermelon(5-8)/IMG_20260122_003357.jpg,Bittermelon,Rotten,Rotten,100.0,True
D:/VIT TY SEM5/ML Project/FOODFRESHAI/data/raw/AgriFreshNET Freshness and Shelf-Life Image Datase/Processed Data/Processed Data/Rotten Bittermelon(5-8)/IMG_20260123_014007.jpg,Bittermelon,Rotten,Rotten,100.0,True
D:/VIT TY SEM5/ML Project/FOODFRESHAI/data/raw/AgriFreshNET Freshness and Shelf-Life Image Datase/Processed Data/Processed Data/Rotten Bittermelon(5-8)/IMG_20260123_014014.jpg,Bittermelon,Rotten,Rotten,99.99,True
D:/VIT TY SEM5/ML Project/FOODFRESHAI/data/raw/AgriFreshNET Freshness and Shelf-Life Image Datase/Processed Data/Processed Data/Rotten Bittermelon(5-8)/IMG_20260123_014025.jpg,Bittermelon,Rotten,Rotten,98.44,True
D:/VIT TY SEM5/ML Project/FOODFRESHAI/data/raw/AgriFreshNET Freshness and Shelf-Life Image Datase/Processed Data/Processed Data/Rotten Bittermelon(5-8)/IMG_20260125_005617.jpg,Bittermelon,Rotten,Rotten,99.99,True
D:/VIT TY SEM5/ML Project/FOODFRESHAI/data/raw/AgriFreshNET Freshness and Shelf-Life Image Datase/Processed Data/Processed Data/Rotten Bittermelon(5-8)/IMG_20260125_005627.jpg,Bittermelon,Rotten,Rotten,100.0,True
D:/VIT TY SEM5/ML Project/FOODFRESHAI/data/raw/AgriFreshNET Freshness and Shelf-Life Image Datase/Processed Data/Processed Data/Rotten Bittermelon(5-8)/IMG_20260125_005629.jpg,Bittermelon,Rotten,Rotten,100.0,True
D:/VIT TY SEM5/ML Project/FOODFRESHAI/data/raw/AgriFreshNET Freshness and Shelf-Life Image Datase/Processed Data/Processed Data/Rotten Bittermelon(5-8)/IMG_20260125_005648.jpg,Bittermelon,Rotten,Rotten,99.98,True
D:/VIT TY SEM5/ML Project/FOODFRESHAI/data/raw/AgriFreshNET Freshness and Shelf-Life Image Datase/Processed Data/Processed Data/Rotten Bittermelon(5-8)/IMG_20260125_005702.jpg,Bittermelon,Rotten,Rotten,100.0,True
D:/VIT TY SEM5/ML Project/FOODFRESHAI/data/raw/AgriFreshNET Freshness and Shelf-Life Image Datase/Processed Data/Processed Data/Rotten Bittermelon(5-8)/IMG_20260125_005717.jpg,Bittermelon,Rotten,Rotten,100.0,True
D:/VIT TY SEM5/ML Project/FOODFRESHAI/data/raw/AgriFreshNET Freshness and Shelf-Life Image Datase/Processed Data/Processed Data/Rotten Bittermelon(5-8)/IMG_20260125_005720.jpg,Bittermelon,Rotten,Rotten,99.98,True
D:/VIT TY SEM5/ML Project/FOODFRESHAI/data/raw/AgriFreshNET Freshness and Shelf-Life Image Datase/Processed Data/Processed Data/Rotten Bittermelon(5-8)/IMG_20260125_005736.jpg,Bittermelon,Rotten,Rotten,100.0,True
D:/VIT TY SEM5/ML Project/FOODFRESHAI/data/raw/AgriFreshNET Freshness and Shelf-Life Image Datase/Processed Data/Processed Data/Rotten Bittermelon(5-8)/IMG_20260125_005737.jpg,Bittermelon,Rotten,Rotten,100.0,True
D:/VIT TY SEM5/ML Project/FOODFRESHAI/data/raw/AgriFreshNET Freshness and Shelf-Life Image Datase/Processed Data/Processed Data/Rotten Bittermelon(5-8)/IMG_20260125_005744.jpg,Bittermelon,Rotten,Rotten,100.0,True
D:/VIT TY SEM5/ML Project/FOODFRESHAI/data/raw/AgriFreshNET Freshness and Shelf-Life Image Datase/Processed Data/Processed Data/Rotten Bittermelon(5-8)/IMG_20260125_005846.jpg,Bittermelon,Rotten,Rotten,100.0,True
D:/VIT TY SEM5/ML Project/FOODFRESHAI/data/raw/AgriFreshNET Freshness and Shelf-Life Image Datase/Processed Data/Processed Data/Rotten Cucumber(12-20)/aug_100_IMG_20251123_012342.jpg,Cucumber,Rotten,Rotten,100.0,True
D:/VIT TY SEM5/ML Project/FOODFRESHAI/data/raw/AgriFreshNET Freshness and Shelf-Life Image Datase/Processed Data/Processed Data/Rotten Cucumber(12-20)/aug_106_IMG_20251121_080624.jpg,Cucumber,Rotten,Rotten,100.0,True
D:/VIT TY SEM5/ML Project/FOODFRESHAI/data/raw/AgriFreshNET Freshness and Shelf-Life Image Datase/Processed Data/Processed Data/Rotten Cucumber(12-20)/aug_109_IMG_20251124_021805.jpg,Cucumber,Rotten,Rotten,99.99,True
D:/VIT TY SEM5/ML Project/FOODFRESHAI/data/raw/AgriFreshNET Freshness and Shelf-Life Image Datase/Processed Data/Processed Data/Rotten Cucumber(12-20)/aug_112_IMG_20251124_021805.jpg,Cucumber,Rotten,Rotten,99.97,True
D:/VIT TY SEM5/ML Project/FOODFRESHAI/data/raw/AgriFreshNET Freshness and Shelf-Life Image Datase/Processed Data/Processed Data/Rotten Cucumber(12-20)/aug_119_IMG_20251121_080624.jpg,Cucumber,Rotten,Rotten,100.0,True
D:/VIT TY SEM5/ML Project/FOODFRESHAI/data/raw/AgriFreshNET Freshness and Shelf-Life Image Datase/Processed Data/Processed Data/Rotten Cucumber(12-20)/aug_124_IMG_20251123_012342.jpg,Cucumber,Rotten,Rotten,100.0,True
D:/VIT TY SEM5/ML Project/FOODFRESHAI/data/raw/AgriFreshNET Freshness and Shelf-Life Image Datase/Processed Data/Processed Data/Rotten Cucumber(12-20)/aug_127_IMG_20260122_003115.jpg,Cucumber,Rotten,Rotten,85.64,True
D:/VIT TY SEM5/ML Project/FOODFRESHAI/data/raw/AgriFreshNET Freshness and Shelf-Life Image Datase/Processed Data/Processed Data/Rotten Cucumber(12-20)/aug_137_IMG_20260122_003115.jpg,Cucumber,Rotten,Rotten,96.6,True
D:/VIT TY SEM5/ML Project/FOODFRESHAI/data/raw/AgriFreshNET Freshness and Shelf-Life Image Datase/Processed Data/Processed Data/Rotten Cucumber(12-20)/aug_141_IMG_20260122_003111.jpg,Cucumber,Rotten,Semi-Fresh,99.96,False
D:/VIT TY SEM5/ML Project/FOODFRESHAI/data/raw/AgriFreshNET Freshness and Shelf-Life Image Datase/Processed Data/Processed Data/Rotten Cucumber(12-20)/aug_143_IMG_20251124_021805.jpg,Cucumber,Rotten,Rotten,99.95,True
D:/VIT TY SEM5/ML Project/FOODFRESHAI/data/raw/AgriFreshNET Freshness and Shelf-Life Image Datase/Processed Data/Processed Data/Rotten Cucumber(12-20)/aug_145_IMG_20260122_003111.jpg,Cucumber,Rotten,Semi-Fresh,99.94,False
D:/VIT TY SEM5/ML Project/FOODFRESHAI/data/raw/AgriFreshNET Freshness and Shelf-Life Image Datase/Processed Data/Processed Data/Rotten Cucumber(12-20)/aug_150_IMG_20251121_080707.jpg,Cucumber,Rotten,Rotten,86.59,True
D:/VIT TY SEM5/ML Project/FOODFRESHAI/data/raw/AgriFreshNET Freshness and Shelf-Life Image Datase/Processed Data/Processed Data/Rotten Cucumber(12-20)/aug_154_IMG_20260122_003111.jpg,Cucumber,Rotten,Semi-Fresh,99.95,False
D:/VIT TY SEM5/ML Project/FOODFRESHAI/data/raw/AgriFreshNET Freshness and Shelf-Life Image Datase/Processed Data/Processed Data/Rotten Cucumber(12-20)/aug_160_IMG_20251124_021805.jpg,Cucumber,Rotten,Rotten,99.98,True
D:/VIT TY SEM5/ML Project/FOODFRESHAI/data/raw/AgriFreshNET Freshness and Shelf-Life Image Datase/Processed Data/Processed Data/Rotten Cucumber(12-20)/aug_170_IMG_20251124_021805.jpg,Cucumber,Rotten,Rotten,99.97,True
D:/VIT TY SEM5/ML Project/FOODFRESHAI/data/raw/AgriFreshNET Freshness and Shelf-Life Image Datase/Processed Data/Processed Data/Rotten Cucumber(12-20)/aug_175_IMG_20251121_080624.jpg,Cucumber,Rotten,Rotten,100.0,True
D:/VIT TY SEM5/ML Project/FOODFRESHAI/data/raw/AgriFreshNET Freshness and Shelf-Life Image Datase/Processed Data/Processed Data/Rotten Cucumber(12-20)/aug_178_IMG_20251124_021805.jpg,Cucumber,Rotten,Rotten,99.96,True
D:/VIT TY SEM5/ML Project/FOODFRESHAI/data/raw/AgriFreshNET Freshness and Shelf-Life Image Datase/Processed Data/Processed Data/Rotten Cucumber(12-20)/aug_17_IMG_20251123_012342.jpg,Cucumber,Rotten,Rotten,100.0,True
D:/VIT TY SEM5/ML Project/FOODFRESHAI/data/raw/AgriFreshNET Freshness and Shelf-Life Image Datase/Processed Data/Processed Data/Rotten Cucumber(12-20)/aug_185_IMG_20251123_012342.jpg,Cucumber,Rotten,Rotten,100.0,True
D:/VIT TY SEM5/ML Project/FOODFRESHAI/data/raw/AgriFreshNET Freshness and Shelf-Life Image Datase/Processed Data/Processed Data/Rotten Cucumber(12-20)/aug_186_IMG_20251123_012406.jpg,Cucumber,Rotten,Rotten,100.0,True
D:/VIT TY SEM5/ML Project/FOODFRESHAI/data/raw/AgriFreshNET Freshness and Shelf-Life Image Datase/Processed Data/Processed Data/Rotten Cucumber(12-20)/aug_189_IMG_20251124_021825.jpg,Cucumber,Rotten,Rotten,99.99,True
D:/VIT TY SEM5/ML Project/FOODFRESHAI/data/raw/AgriFreshNET Freshness and Shelf-Life Image Datase/Processed Data/Processed Data/Rotten Cucumber(12-20)/aug_18_IMG_20260122_003115.jpg,Cucumber,Rotten,Rotten,86.68,True
D:/VIT TY SEM5/ML Project/FOODFRESHAI/data/raw/AgriFreshNET Freshness and Shelf-Life Image Datase/Processed Data/Processed Data/Rotten Cucumber(12-20)/aug_190_IMG_20251124_021825.jpg,Cucumber,Rotten,Rotten,99.99,True
D:/VIT TY SEM5/ML Project/FOODFRESHAI/data/raw/AgriFreshNET Freshness and Shelf-Life Image Datase/Processed Data/Processed Data/Rotten Cucumber(12-20)/aug_19_IMG_20251123_012406.jpg,Cucumber,Rotten,Rotten,100.0,True
D:/VIT TY SEM5/ML Project/FOODFRESHAI/data/raw/AgriFreshNET Freshness and Shelf-Life Image Datase/Processed Data/Processed Data/Rotten Cucumber(12-20)/aug_1_IMG_20251123_012342.jpg,Cucumber,Rotten,Rotten,100.0,True
D:/VIT TY SEM5/ML Project/FOODFRESHAI/data/raw/AgriFreshNET Freshness and Shelf-Life Image Datase/Processed Data/Processed Data/Rotten Cucumber(12-20)/aug_204_IMG_20251124_021805.jpg,Cucumber,Rotten,Rotten,99.99,True
D:/VIT TY SEM5/ML Project/FOODFRESHAI/data/raw/AgriFreshNET Freshness and Shelf-Life Image Datase/Processed Data/Processed Data/Rotten Cucumber(12-20)/aug_206_IMG_20251121_080707.jpg,Cucumber,Rotten,Rotten,82.84,True
D:/VIT TY SEM5/ML Project/FOODFRESHAI/data/raw/AgriFreshNET Freshness and Shelf-Life Image Datase/Processed Data/Processed Data/Rotten Cucumber(12-20)/aug_212_IMG_20251124_021825.jpg,Cucumber,Rotten,Rotten,99.99,True
D:/VIT TY SEM5/ML Project/FOODFRESHAI/data/raw/AgriFreshNET Freshness and Shelf-Life Image Datase/Processed Data/Processed Data/Rotten Cucumber(12-20)/aug_220_IMG_20251123_012406.jpg,Cucumber,Rotten,Rotten,100.0,True
D:/VIT TY SEM5/ML Project/FOODFRESHAI/data/raw/AgriFreshNET Freshness and Shelf-Life Image Datase/Processed Data/Processed Data/Rotten Cucumber(12-20)/aug_237_IMG_20251121_080624.jpg,Cucumber,Rotten,Rotten,100.0,True
D:/VIT TY SEM5/ML Project/FOODFRESHAI/data/raw/AgriFreshNET Freshness and Shelf-Life Image Datase/Processed Data/Processed Data/Rotten Cucumber(12-20)/aug_239_IMG_20251123_012406.jpg,Cucumber,Rotten,Rotten,100.0,True
D:/VIT TY SEM5/ML Project/FOODFRESHAI/data/raw/AgriFreshNET Freshness and Shelf-Life Image Datase/Processed Data/Processed Data/Rotten Cucumber(12-20)/aug_240_IMG_20260122_003115.jpg,Cucumber,Rotten,Rotten,96.73,True
D:/VIT TY SEM5/ML Project/FOODFRESHAI/data/raw/AgriFreshNET Freshness and Shelf-Life Image Datase/Processed Data/Processed Data/Rotten Cucumber(12-20)/aug_242_IMG_20251121_080707.jpg,Cucumber,Rotten,Rotten,85.99,True
D:/VIT TY SEM5/ML Project/FOODFRESHAI/data/raw/AgriFreshNET Freshness and Shelf-Life Image Datase/Processed Data/Processed Data/Rotten Cucumber(12-20)/aug_250_IMG_20251123_012342.jpg,Cucumber,Rotten,Rotten,99.99,True
D:/VIT TY SEM5/ML Project/FOODFRESHAI/data/raw/AgriFreshNET Freshness and Shelf-Life Image Datase/Processed Data/Processed Data/Rotten Cucumber(12-20)/aug_261_IMG_20251123_012342.jpg,Cucumber,Rotten,Rotten,100.0,True
D:/VIT TY SEM5/ML Project/FOODFRESHAI/data/raw/AgriFreshNET Freshness and Shelf-Life Image Datase/Processed Data/Processed Data/Rotten Cucumber(12-20)/aug_270_IMG_20251123_012342.jpg,Cucumber,Rotten,Rotten,100.0,True
D:/VIT TY SEM5/ML Project/FOODFRESHAI/data/raw/AgriFreshNET Freshness and Shelf-Life Image Datase/Processed Data/Processed Data/Rotten Cucumber(12-20)/aug_287_IMG_20251123_012406.jpg,Cucumber,Rotten,Rotten,100.0,True
D:/VIT TY SEM5/ML Project/FOODFRESHAI/data/raw/AgriFreshNET Freshness and Shelf-Life Image Datase/Processed Data/Processed Data/Rotten Cucumber(12-20)/aug_291_IMG_20251123_012406.jpg,Cucumber,Rotten,Rotten,100.0,True
D:/VIT TY SEM5/ML Project/FOODFRESHAI/data/raw/AgriFreshNET Freshness and Shelf-Life Image Datase/Processed Data/Processed Data/Rotten Cucumber(12-20)/aug_294_IMG_20251124_021825.jpg,Cucumber,Rotten,Rotten,99.99,True
D:/VIT TY SEM5/ML Project/FOODFRESHAI/data/raw/AgriFreshNET Freshness and Shelf-Life Image Datase/Processed Data/Processed Data/Rotten Cucumber(12-20)/aug_2_IMG_20251121_080707.jpg,Cucumber,Rotten,Rotten,83.89,True
D:/VIT TY SEM5/ML Project/FOODFRESHAI/data/raw/AgriFreshNET Freshness and Shelf-Life Image Datase/Processed Data/Processed Data/Rotten Cucumber(12-20)/aug_300_IMG_20251124_021805.jpg,Cucumber,Rotten,Rotten,99.98,True
D:/VIT TY SEM5/ML Project/FOODFRESHAI/data/raw/AgriFreshNET Freshness and Shelf-Life Image Datase/Processed Data/Processed Data/Rotten Cucumber(12-20)/aug_304_IMG_20251123_012406.jpg,Cucumber,Rotten,Rotten,100.0,True
D:/VIT TY SEM5/ML Project/FOODFRESHAI/data/raw/AgriFreshNET Freshness and Shelf-Life Image Datase/Processed Data/Processed Data/Rotten Cucumber(12-20)/aug_30_IMG_20251124_021825.jpg,Cucumber,Rotten,Rotten,99.99,True
D:/VIT TY SEM5/ML Project/FOODFRESHAI/data/raw/AgriFreshNET Freshness and Shelf-Life Image Datase/Processed Data/Processed Data/Rotten Cucumber(12-20)/aug_310_IMG_20260122_003115.jpg,Cucumber,Rotten,Rotten,97.93,True
D:/VIT TY SEM5/ML Project/FOODFRESHAI/data/raw/AgriFreshNET Freshness and Shelf-Life Image Datase/Processed Data/Processed Data/Rotten Cucumber(12-20)/aug_323_IMG_20251124_021825.jpg,Cucumber,Rotten,Rotten,99.99,True
D:/VIT TY SEM5/ML Project/FOODFRESHAI/data/raw/AgriFreshNET Freshness and Shelf-Life Image Datase/Processed Data/Processed Data/Rotten Cucumber(12-20)/aug_324_IMG_20260122_003115.jpg,Cucumber,Rotten,Rotten,96.45,True
D:/VIT TY SEM5/ML Project/FOODFRESHAI/data/raw/AgriFreshNET Freshness and Shelf-Life Image Datase/Processed Data/Processed Data/Rotten Cucumber(12-20)/aug_325_IMG_20260122_003111.jpg,Cucumber,Rotten,Semi-Fresh,99.13,False
D:/VIT TY SEM5/ML Project/FOODFRESHAI/data/raw/AgriFreshNET Freshness and Shelf-Life Image Datase/Processed Data/Processed Data/Rotten Cucumber(12-20)/aug_326_IMG_20260122_003111.jpg,Cucumber,Rotten,Semi-Fresh,99.94,False
D:/VIT TY SEM5/ML Project/FOODFRESHAI/data/raw/AgriFreshNET Freshness and Shelf-Life Image Datase/Processed Data/Processed Data/Rotten Cucumber(12-20)/aug_330_IMG_20260122_003115.jpg,Cucumber,Rotten,Rotten,98.46,True
D:/VIT TY SEM5/ML Project/FOODFRESHAI/data/raw/AgriFreshNET Freshness and Shelf-Life Image Datase/Processed Data/Processed Data/Rotten Cucumber(12-20)/aug_33_IMG_20260122_003111.jpg,Cucumber,Rotten,Semi-Fresh,98.99,False
D:/VIT TY SEM5/ML Project/FOODFRESHAI/data/raw/AgriFreshNET Freshness and Shelf-Life Image Datase/Processed Data/Processed Data/Rotten Cucumber(12-20)/aug_343_IMG_20251123_012342.jpg,Cucumber,Rotten,Rotten,100.0,True
D:/VIT TY SEM5/ML Project/FOODFRESHAI/data/raw/AgriFreshNET Freshness and Shelf-Life Image Datase/Processed Data/Processed Data/Rotten Cucumber(12-20)/aug_346_IMG_20251124_021805.jpg,Cucumber,Rotten,Rotten,99.99,True
D:/VIT TY SEM5/ML Project/FOODFRESHAI/data/raw/AgriFreshNET Freshness and Shelf-Life Image Datase/Processed Data/Processed Data/Rotten Cucumber(12-20)/aug_348_IMG_20260122_003111.jpg,Cucumber,Rotten,Semi-Fresh,99.95,False
D:/VIT TY SEM5/ML Project/FOODFRESHAI/data/raw/AgriFreshNET Freshness and Shelf-Life Image Datase/Processed Data/Processed Data/Rotten Cucumber(12-20)/aug_349_IMG_20251121_080624.jpg,Cucumber,Rotten,Rotten,100.0,True
D:/VIT TY SEM5/ML Project/FOODFRESHAI/data/raw/AgriFreshNET Freshness and Shelf-Life Image Datase/Processed Data/Processed Data/Rotten Cucumber(12-20)/aug_353_IMG_20251121_080707.jpg,Cucumber,Rotten,Rotten,83.87,True
D:/VIT TY SEM5/ML Project/FOODFRESHAI/data/raw/AgriFreshNET Freshness and Shelf-Life Image Datase/Processed Data/Processed Data/Rotten Cucumber(12-20)/aug_355_IMG_20251123_012406.jpg,Cucumber,Rotten,Rotten,100.0,True
D:/VIT TY SEM5/ML Project/FOODFRESHAI/data/raw/AgriFreshNET Freshness and Shelf-Life Image Datase/Processed Data/Processed Data/Rotten Cucumber(12-20)/aug_365_IMG_20251121_080624.jpg,Cucumber,Rotten,Rotten,100.0,True
D:/VIT TY SEM5/ML Project/FOODFRESHAI/data/raw/AgriFreshNET Freshness and Shelf-Life Image Datase/Processed Data/Processed Data/Rotten Cucumber(12-20)/aug_36_IMG_20260122_003111.jpg,Cucumber,Rotten,Semi-Fresh,95.08,False
D:/VIT TY SEM5/ML Project/FOODFRESHAI/data/raw/AgriFreshNET Freshness and Shelf-Life Image Datase/Processed Data/Processed Data/Rotten Cucumber(12-20)/aug_375_IMG_20251123_012342.jpg,Cucumber,Rotten,Rotten,100.0,True
D:/VIT TY SEM5/ML Project/FOODFRESHAI/data/raw/AgriFreshNET Freshness and Shelf-Life Image Datase/Processed Data/Processed Data/Rotten Cucumber(12-20)/aug_376_IMG_20251123_012406.jpg,Cucumber,Rotten,Rotten,100.0,True
D:/VIT TY SEM5/ML Project/FOODFRESHAI/data/raw/AgriFreshNET Freshness and Shelf-Life Image Datase/Processed Data/Processed Data/Rotten Cucumber(12-20)/aug_400_IMG_20251124_021825.jpg,Cucumber,Rotten,Rotten,100.0,True
D:/VIT TY SEM5/ML Project/FOODFRESHAI/data/raw/AgriFreshNET Freshness and Shelf-Life Image Datase/Processed Data/Processed Data/Rotten Cucumber(12-20)/aug_414_IMG_20251121_080707.jpg,Cucumber,Rotten,Rotten,84.42,True
D:/VIT TY SEM5/ML Project/FOODFRESHAI/data/raw/AgriFreshNET Freshness and Shelf-Life Image Datase/Processed Data/Processed Data/Rotten Cucumber(12-20)/aug_415_IMG_20251121_080707.jpg,Cucumber,Rotten,Rotten,83.88,True
D:/VIT TY SEM5/ML Project/FOODFRESHAI/data/raw/AgriFreshNET Freshness and Shelf-Life Image Datase/Processed Data/Processed Data/Rotten Cucumber(12-20)/aug_416_IMG_20251121_080707.jpg,Cucumber,Rotten,Rotten,83.75,True
D:/VIT TY SEM5/ML Project/FOODFRESHAI/data/raw/AgriFreshNET Freshness and Shelf-Life Image Datase/Processed Data/Processed Data/Rotten Cucumber(12-20)/aug_419_IMG_20260122_003115.jpg,Cucumber,Rotten,Rotten,98.58,True
D:/VIT TY SEM5/ML Project/FOODFRESHAI/data/raw/AgriFreshNET Freshness and Shelf-Life Image Datase/Processed Data/Processed Data/Rotten Cucumber(12-20)/aug_421_IMG_20251121_080707.jpg,Cucumber,Rotten,Rotten,85.22,True
D:/VIT TY SEM5/ML Project/FOODFRESHAI/data/raw/AgriFreshNET Freshness and Shelf-Life Image Datase/Processed Data/Processed Data/Rotten Cucumber(12-20)/aug_422_IMG_20260122_003111.jpg,Cucumber,Rotten,Semi-Fresh,99.94,False
D:/VIT TY SEM5/ML Project/FOODFRESHAI/data/raw/AgriFreshNET Freshness and Shelf-Life Image Datase/Processed Data/Processed Data/Rotten Cucumber(12-20)/aug_426_IMG_20251121_080624.jpg,Cucumber,Rotten,Rotten,100.0,True
D:/VIT TY SEM5/ML Project/FOODFRESHAI/data/raw/AgriFreshNET Freshness and Shelf-Life Image Datase/Processed Data/Processed Data/Rotten Cucumber(12-20)/aug_436_IMG_20251123_012406.jpg,Cucumber,Rotten,Rotten,100.0,True
D:/VIT TY SEM5/ML Project/FOODFRESHAI/data/raw/AgriFreshNET Freshness and Shelf-Life Image Datase/Processed Data/Processed Data/Rotten Cucumber(12-20)/aug_447_IMG_20260122_003111.jpg,Cucumber,Rotten,Semi-Fresh,98.45,False
D:/VIT TY SEM5/ML Project/FOODFRESHAI/data/raw/AgriFreshNET Freshness and Shelf-Life Image Datase/Processed Data/Processed Data/Rotten Cucumber(12-20)/aug_449_IMG_20260122_003111.jpg,Cucumber,Rotten,Semi-Fresh,98.19,False
D:/VIT TY SEM5/ML Project/FOODFRESHAI/data/raw/AgriFreshNET Freshness and Shelf-Life Image Datase/Processed Data/Processed Data/Rotten Cucumber(12-20)/aug_452_IMG_20260122_003111.jpg,Cucumber,Rotten,Semi-Fresh,98.02,False
D:/VIT TY SEM5/ML Project/FOODFRESHAI/data/raw/AgriFreshNET Freshness and Shelf-Life Image Datase/Processed Data/Processed Data/Rotten Cucumber(12-20)/aug_466_IMG_20251123_012342.jpg,Cucumber,Rotten,Rotten,100.0,True
D:/VIT TY SEM5/ML Project/FOODFRESHAI/data/raw/AgriFreshNET Freshness and Shelf-Life Image Datase/Processed Data/Processed Data/Rotten Cucumber(12-20)/aug_467_IMG_20251124_021805.jpg,Cucumber,Rotten,Rotten,99.97,True
D:/VIT TY SEM5/ML Project/FOODFRESHAI/data/raw/AgriFreshNET Freshness and Shelf-Life Image Datase/Processed Data/Processed Data/Rotten Cucumber(12-20)/aug_468_IMG_20260122_003111.jpg,Cucumber,Rotten,Semi-Fresh,99.95,False
D:/VIT TY SEM5/ML Project/FOODFRESHAI/data/raw/AgriFreshNET Freshness and Shelf-Life Image Datase/Processed Data/Processed Data/Rotten Cucumber(12-20)/aug_469_IMG_20260122_003111.jpg,Cucumber,Rotten,Semi-Fresh,99.38,False
D:/VIT TY SEM5/ML Project/FOODFRESHAI/data/raw/AgriFreshNET Freshness and Shelf-Life Image Datase/Processed Data/Processed Data/Rotten Cucumber(12-20)/aug_496_IMG_20260122_003111.jpg,Cucumber,Rotten,Semi-Fresh,99.95,False
D:/VIT TY SEM5/ML Project/FOODFRESHAI/data/raw/AgriFreshNET Freshness and Shelf-Life Image Datase/Processed Data/Processed Data/Rotten Cucumber(12-20)/aug_497_IMG_20251121_080624.jpg,Cucumber,Rotten,Rotten,100.0,True
D:/VIT TY SEM5/ML Project/FOODFRESHAI/data/raw/AgriFreshNET Freshness and Shelf-Life Image Datase/Processed Data/Processed Data/Rotten Cucumber(12-20)/aug_508_IMG_20251121_080707.jpg,Cucumber,Rotten,Rotten,86.67,True
D:/VIT TY SEM5/ML Project/FOODFRESHAI/data/raw/AgriFreshNET Freshness and Shelf-Life Image Datase/Processed Data/Processed Data/Rotten Cucumber(12-20)/aug_510_IMG_20251124_021825.jpg,Cucumber,Rotten,Rotten,99.99,True
D:/VIT TY SEM5/ML Project/FOODFRESHAI/data/raw/AgriFreshNET Freshness and Shelf-Life Image Datase/Processed Data/Processed Data/Rotten Cucumber(12-20)/aug_516_IMG_20251123_012342.jpg,Cucumber,Rotten,Rotten,100.0,True
D:/VIT TY SEM5/ML Project/FOODFRESHAI/data/raw/AgriFreshNET Freshness and Shelf-Life Image Datase/Processed Data/Processed Data/Rotten Cucumber(12-20)/aug_51_IMG_20251123_012406.jpg,Cucumber,Rotten,Rotten,100.0,True
D:/VIT TY SEM5/ML Project/FOODFRESHAI/data/raw/AgriFreshNET Freshness and Shelf-Life Image Datase/Processed Data/Processed Data/Rotten Cucumber(12-20)/aug_527_IMG_20260122_003111.jpg,Cucumber,Rotten,Semi-Fresh,99.96,False
D:/VIT TY SEM5/ML Project/FOODFRESHAI/data/raw/AgriFreshNET Freshness and Shelf-Life Image Datase/Processed Data/Processed Data/Rotten Cucumber(12-20)/aug_528_IMG_20251121_080624.jpg,Cucumber,Rotten,Rotten,100.0,True
D:/VIT TY SEM5/ML Project/FOODFRESHAI/data/raw/AgriFreshNET Freshness and Shelf-Life Image Datase/Processed Data/Processed Data/Rotten Cucumber(12-20)/aug_52_IMG_20260122_003111.jpg,Cucumber,Rotten,Semi-Fresh,99.95,False
D:/VIT TY SEM5/ML Project/FOODFRESHAI/data/raw/AgriFreshNET Freshness and Shelf-Life Image Datase/Processed Data/Processed Data/Rotten Cucumber(12-20)/aug_534_IMG_20251121_080624.jpg,Cucumber,Rotten,Rotten,100.0,True
D:/VIT TY SEM5/ML Project/FOODFRESHAI/data/raw/AgriFreshNET Freshness and Shelf-Life Image Datase/Processed Data/Processed Data/Rotten Cucumber(12-20)/aug_58_IMG_20251123_012342.jpg,Cucumber,Rotten,Rotten,100.0,True
D:/VIT TY SEM5/ML Project/FOODFRESHAI/data/raw/AgriFreshNET Freshness and Shelf-Life Image Datase/Processed Data/Processed Data/Rotten Cucumber(12-20)/aug_5_IMG_20251123_012406.jpg,Cucumber,Rotten,Rotten,100.0,True
D:/VIT TY SEM5/ML Project/FOODFRESHAI/data/raw/AgriFreshNET Freshness and Shelf-Life Image Datase/Processed Data/Processed Data/Rotten Cucumber(12-20)/aug_8_IMG_20251123_012406.jpg,Cucumber,Rotten,Rotten,100.0,True
D:/VIT TY SEM5/ML Project/FOODFRESHAI/data/raw/AgriFreshNET Freshness and Shelf-Life Image Datase/Processed Data/Processed Data/Rotten Cucumber(12-20)/aug_94_IMG_20251121_080707.jpg,Cucumber,Rotten,Rotten,85.47,True
D:/VIT TY SEM5/ML Project/FOODFRESHAI/data/raw/AgriFreshNET Freshness and Shelf-Life Image Datase/Processed Data/Processed Data/Rotten Cucumber(12-20)/aug_97_IMG_20251121_080707.jpg,Cucumber,Rotten,Rotten,86.82,True
D:/VIT TY SEM5/ML Project/FOODFRESHAI/data/raw/AgriFreshNET Freshness and Shelf-Life Image Datase/Processed Data/Processed Data/Rotten Cucumber(12-20)/IMG_20251121_080624.jpg,Cucumber,Rotten,Rotten,100.0,True
D:/VIT TY SEM5/ML Project/FOODFRESHAI/data/raw/AgriFreshNET Freshness and Shelf-Life Image Datase/Processed Data/Processed Data/Rotten Cucumber(12-20)/IMG_20251121_080707.jpg,Cucumber,Rotten,Rotten,87.51,True
D:/VIT TY SEM5/ML Project/FOODFRESHAI/data/raw/AgriFreshNET Freshness and Shelf-Life Image Datase/Processed Data/Processed Data/Rotten Cucumber(12-20)/IMG_20251123_012342.jpg,Cucumber,Rotten,Rotten,100.0,True
D:/VIT TY SEM5/ML Project/FOODFRESHAI/data/raw/AgriFreshNET Freshness and Shelf-Life Image Datase/Processed Data/Processed Data/Rotten Cucumber(12-20)/IMG_20251123_012406.jpg,Cucumber,Rotten,Rotten,100.0,True
D:/VIT TY SEM5/ML Project/FOODFRESHAI/data/raw/AgriFreshNET Freshness and Shelf-Life Image Datase/Processed Data/Processed Data/Rotten Cucumber(12-20)/IMG_20251124_021805.jpg,Cucumber,Rotten,Rotten,99.98,True
D:/VIT TY SEM5/ML Project/FOODFRESHAI/data/raw/AgriFreshNET Freshness and Shelf-Life Image Datase/Processed Data/Processed Data/Rotten Cucumber(12-20)/IMG_20251124_021825.jpg,Cucumber,Rotten,Rotten,99.99,True
D:/VIT TY SEM5/ML Project/FOODFRESHAI/data/raw/AgriFreshNET Freshness and Shelf-Life Image Datase/Processed Data/Processed Data/Rotten Cucumber(12-20)/IMG_20260122_003111.jpg,Cucumber,Rotten,Semi-Fresh,99.94,False
D:/VIT TY SEM5/ML Project/FOODFRESHAI/data/raw/AgriFreshNET Freshness and Shelf-Life Image Datase/Processed Data/Processed Data/Rotten Cucumber(12-20)/IMG_20260122_003115.jpg,Cucumber,Rotten,Rotten,97.86,True
D:/VIT TY SEM5/ML Project/FOODFRESHAI/data/raw/AgriFreshNET Freshness and Shelf-Life Image Datase/Processed Data/Processed Data/Rotten eggplant(8-15)/aug_103_IMG_20251118_165218913_HDR.jpg,Eggplant,Rotten,Rotten,100.0,True
D:/VIT TY SEM5/ML Project/FOODFRESHAI/data/raw/AgriFreshNET Freshness and Shelf-Life Image Datase/Processed Data/Processed Data/Rotten eggplant(8-15)/aug_110_IMG_20251114_214415697_HDR.jpg,Eggplant,Rotten,Rotten,99.96,True
D:/VIT TY SEM5/ML Project/FOODFRESHAI/data/raw/AgriFreshNET Freshness and Shelf-Life Image Datase/Processed Data/Processed Data/Rotten eggplant(8-15)/aug_121_IMG_20251114_214415697_HDR.jpg,Eggplant,Rotten,Rotten,95.59,True
D:/VIT TY SEM5/ML Project/FOODFRESHAI/data/raw/AgriFreshNET Freshness and Shelf-Life Image Datase/Processed Data/Processed Data/Rotten eggplant(8-15)/aug_122_IMG_20251123_222327835_HDR.jpg,Eggplant,Rotten,Rotten,100.0,True
D:/VIT TY SEM5/ML Project/FOODFRESHAI/data/raw/AgriFreshNET Freshness and Shelf-Life Image Datase/Processed Data/Processed Data/Rotten eggplant(8-15)/aug_128_IMG_20251106_160420461_HDR_AE.jpg,Eggplant,Rotten,Rotten,99.93,True
D:/VIT TY SEM5/ML Project/FOODFRESHAI/data/raw/AgriFreshNET Freshness and Shelf-Life Image Datase/Processed Data/Processed Data/Rotten eggplant(8-15)/aug_129_IMG_20251105_103206945_HDR_AE.jpg,Eggplant,Rotten,Rotten,99.94,True
D:/VIT TY SEM5/ML Project/FOODFRESHAI/data/raw/AgriFreshNET Freshness and Shelf-Life Image Datase/Processed Data/Processed Data/Rotten eggplant(8-15)/aug_12_IMG_20251105_103206945_HDR_AE.jpg,Eggplant,Rotten,Rotten,99.95,True
D:/VIT TY SEM5/ML Project/FOODFRESHAI/data/raw/AgriFreshNET Freshness and Shelf-Life Image Datase/Processed Data/Processed Data/Rotten eggplant(8-15)/aug_137_IMG_20251124_191928382_HDR.jpg,Eggplant,Rotten,Rotten,99.99,True
D:/VIT TY SEM5/ML Project/FOODFRESHAI/data/raw/AgriFreshNET Freshness and Shelf-Life Image Datase/Processed Data/Processed Data/Rotten eggplant(8-15)/aug_141_IMG_20251112_113346991_HDR_AE.jpg,Eggplant,Rotten,Rotten,99.99,True
D:/VIT TY SEM5/ML Project/FOODFRESHAI/data/raw/AgriFreshNET Freshness and Shelf-Life Image Datase/Processed Data/Processed Data/Rotten eggplant(8-15)/aug_182_IMG_20251105_103206945_HDR_AE.jpg,Eggplant,Rotten,Rotten,99.97,True
D:/VIT TY SEM5/ML Project/FOODFRESHAI/data/raw/AgriFreshNET Freshness and Shelf-Life Image Datase/Processed Data/Processed Data/Rotten eggplant(8-15)/aug_189_IMG_20251114_214415697_HDR.jpg,Eggplant,Rotten,Rotten,97.69,True
D:/VIT TY SEM5/ML Project/FOODFRESHAI/data/raw/AgriFreshNET Freshness and Shelf-Life Image Datase/Processed Data/Processed Data/Rotten eggplant(8-15)/aug_195_IMG_20251112_113346991_HDR_AE.jpg,Eggplant,Rotten,Rotten,99.99,True
D:/VIT TY SEM5/ML Project/FOODFRESHAI/data/raw/AgriFreshNET Freshness and Shelf-Life Image Datase/Processed Data/Processed Data/Rotten eggplant(8-15)/aug_199_IMG_20251116_215929652_HDR.jpg,Eggplant,Rotten,Rotten,100.0,True
D:/VIT TY SEM5/ML Project/FOODFRESHAI/data/raw/AgriFreshNET Freshness and Shelf-Life Image Datase/Processed Data/Processed Data/Rotten eggplant(8-15)/aug_19_IMG_20251126_194051670_HDR.jpg,Eggplant,Rotten,Rotten,99.99,True
D:/VIT TY SEM5/ML Project/FOODFRESHAI/data/raw/AgriFreshNET Freshness and Shelf-Life Image Datase/Processed Data/Processed Data/Rotten eggplant(8-15)/aug_201_IMG_20251120_204424239_HDR.jpg,Eggplant,Rotten,Fresh,76.87,False
D:/VIT TY SEM5/ML Project/FOODFRESHAI/data/raw/AgriFreshNET Freshness and Shelf-Life Image Datase/Processed Data/Processed Data/Rotten eggplant(8-15)/aug_215_IMG_20251122_210823321_HDR.jpg,Eggplant,Rotten,Rotten,99.92,True
D:/VIT TY SEM5/ML Project/FOODFRESHAI/data/raw/AgriFreshNET Freshness and Shelf-Life Image Datase/Processed Data/Processed Data/Rotten eggplant(8-15)/aug_220_IMG_20251112_113346991_HDR_AE.jpg,Eggplant,Rotten,Rotten,99.99,True
D:/VIT TY SEM5/ML Project/FOODFRESHAI/data/raw/AgriFreshNET Freshness and Shelf-Life Image Datase/Processed Data/Processed Data/Rotten eggplant(8-15)/aug_223_IMG_20251104_133035963_HDR_AE.jpg,Eggplant,Rotten,Rotten,100.0,True
D:/VIT TY SEM5/ML Project/FOODFRESHAI/data/raw/AgriFreshNET Freshness and Shelf-Life Image Datase/Processed Data/Processed Data/Rotten eggplant(8-15)/aug_225_IMG_20251114_214415697_HDR.jpg,Eggplant,Rotten,Rotten,99.86,True
D:/VIT TY SEM5/ML Project/FOODFRESHAI/data/raw/AgriFreshNET Freshness and Shelf-Life Image Datase/Processed Data/Processed Data/Rotten eggplant(8-15)/aug_230_IMG_20251126_194051670_HDR.jpg,Eggplant,Rotten,Rotten,99.97,True
D:/VIT TY SEM5/ML Project/FOODFRESHAI/data/raw/AgriFreshNET Freshness and Shelf-Life Image Datase/Processed Data/Processed Data/Rotten eggplant(8-15)/aug_240_IMG_20251105_103206945_HDR_AE.jpg,Eggplant,Rotten,Rotten,99.95,True
D:/VIT TY SEM5/ML Project/FOODFRESHAI/data/raw/AgriFreshNET Freshness and Shelf-Life Image Datase/Processed Data/Processed Data/Rotten eggplant(8-15)/aug_242_IMG_20251104_133035963_HDR_AE.jpg,Eggplant,Rotten,Rotten,100.0,True
D:/VIT TY SEM5/ML Project/FOODFRESHAI/data/raw/AgriFreshNET Freshness and Shelf-Life Image Datase/Processed Data/Processed Data/Rotten eggplant(8-15)/aug_245_IMG_20251122_210834998_HDR.jpg,Eggplant,Rotten,Rotten,99.99,True
D:/VIT TY SEM5/ML Project/FOODFRESHAI/data/raw/AgriFreshNET Freshness and Shelf-Life Image Datase/Processed Data/Processed Data/Rotten eggplant(8-15)/aug_253_IMG_20251124_191928382_HDR.jpg,Eggplant,Rotten,Rotten,99.99,True
D:/VIT TY SEM5/ML Project/FOODFRESHAI/data/raw/AgriFreshNET Freshness and Shelf-Life Image Datase/Processed Data/Processed Data/Rotten eggplant(8-15)/aug_261_IMG_20251121_145935596_HDR_AE.jpg,Eggplant,Rotten,Rotten,99.98,True
D:/VIT TY SEM5/ML Project/FOODFRESHAI/data/raw/AgriFreshNET Freshness and Shelf-Life Image Datase/Processed Data/Processed Data/Rotten eggplant(8-15)/aug_264_IMG_20251120_204424239_HDR.jpg,Eggplant,Rotten,Rotten,90.09,True
D:/VIT TY SEM5/ML Project/FOODFRESHAI/data/raw/AgriFreshNET Freshness and Shelf-Life Image Datase/Processed Data/Processed Data/Rotten eggplant(8-15)/aug_268_IMG_20251124_191928382_HDR.jpg,Eggplant,Rotten,Rotten,99.99,True
D:/VIT TY SEM5/ML Project/FOODFRESHAI/data/raw/AgriFreshNET Freshness and Shelf-Life Image Datase/Processed Data/Processed Data/Rotten eggplant(8-15)/aug_272_IMG_20251124_191914370_HDR.jpg,Eggplant,Rotten,Rotten,99.52,True
D:/VIT TY SEM5/ML Project/FOODFRESHAI/data/raw/AgriFreshNET Freshness and Shelf-Life Image Datase/Processed Data/Processed Data/Rotten eggplant(8-15)/aug_274_IMG_20251112_113346991_HDR_AE.jpg,Eggplant,Rotten,Rotten,99.99,True
D:/VIT TY SEM5/ML Project/FOODFRESHAI/data/raw/AgriFreshNET Freshness and Shelf-Life Image Datase/Processed Data/Processed Data/Rotten eggplant(8-15)/aug_277_IMG_20251114_214415697_HDR.jpg,Eggplant,Rotten,Rotten,99.76,True
D:/VIT TY SEM5/ML Project/FOODFRESHAI/data/raw/AgriFreshNET Freshness and Shelf-Life Image Datase/Processed Data/Processed Data/Rotten eggplant(8-15)/aug_279_IMG_20251118_165218913_HDR.jpg,Eggplant,Rotten,Rotten,100.0,True
D:/VIT TY SEM5/ML Project/FOODFRESHAI/data/raw/AgriFreshNET Freshness and Shelf-Life Image Datase/Processed Data/Processed Data/Rotten eggplant(8-15)/aug_281_IMG_20251121_145935596_HDR_AE.jpg,Eggplant,Rotten,Rotten,99.98,True
D:/VIT TY SEM5/ML Project/FOODFRESHAI/data/raw/AgriFreshNET Freshness and Shelf-Life Image Datase/Processed Data/Processed Data/Rotten eggplant(8-15)/aug_286_IMG_20251120_204424239_HDR.jpg,Eggplant,Rotten,Rotten,55.42,True
D:/VIT TY SEM5/ML Project/FOODFRESHAI/data/raw/AgriFreshNET Freshness and Shelf-Life Image Datase/Processed Data/Processed Data/Rotten eggplant(8-15)/aug_297_IMG_20251120_204424239_HDR.jpg,Eggplant,Rotten,Fresh,61.73,False
D:/VIT TY SEM5/ML Project/FOODFRESHAI/data/raw/AgriFreshNET Freshness and Shelf-Life Image Datase/Processed Data/Processed Data/Rotten eggplant(8-15)/aug_31_IMG_20251114_214415697_HDR.jpg,Eggplant,Rotten,Fresh,86.45,False
D:/VIT TY SEM5/ML Project/FOODFRESHAI/data/raw/AgriFreshNET Freshness and Shelf-Life Image Datase/Processed Data/Processed Data/Rotten eggplant(8-15)/aug_322_IMG_20251121_145935596_HDR_AE.jpg,Eggplant,Rotten,Rotten,92.6,True
D:/VIT TY SEM5/ML Project/FOODFRESHAI/data/raw/AgriFreshNET Freshness and Shelf-Life Image Datase/Processed Data/Processed Data/Rotten eggplant(8-15)/aug_326_IMG_20251108_121646522_HDR_AE.jpg,Eggplant,Rotten,Rotten,100.0,True
D:/VIT TY SEM5/ML Project/FOODFRESHAI/data/raw/AgriFreshNET Freshness and Shelf-Life Image Datase/Processed Data/Processed Data/Rotten eggplant(8-15)/aug_333_IMG_20251114_214415697_HDR.jpg,Eggplant,Rotten,Rotten,99.22,True
D:/VIT TY SEM5/ML Project/FOODFRESHAI/data/raw/AgriFreshNET Freshness and Shelf-Life Image Datase/Processed Data/Processed Data/Rotten eggplant(8-15)/aug_336_IMG_20251122_210834998_HDR.jpg,Eggplant,Rotten,Rotten,99.99,True
D:/VIT TY SEM5/ML Project/FOODFRESHAI/data/raw/AgriFreshNET Freshness and Shelf-Life Image Datase/Processed Data/Processed Data/Rotten eggplant(8-15)/aug_33_IMG_20251105_103206945_HDR_AE.jpg,Eggplant,Rotten,Rotten,83.66,True
D:/VIT TY SEM5/ML Project/FOODFRESHAI/data/raw/AgriFreshNET Freshness and Shelf-Life Image Datase/Processed Data/Processed Data/Rotten eggplant(8-15)/aug_340_IMG_20251115_122054792_HDR_AE.jpg,Eggplant,Rotten,Rotten,100.0,True
D:/VIT TY SEM5/ML Project/FOODFRESHAI/data/raw/AgriFreshNET Freshness and Shelf-Life Image Datase/Processed Data/Processed Data/Rotten eggplant(8-15)/aug_347_IMG_20251116_215902663_HDR.jpg,Eggplant,Rotten,Rotten,93.7,True
D:/VIT TY SEM5/ML Project/FOODFRESHAI/data/raw/AgriFreshNET Freshness and Shelf-Life Image Datase/Processed Data/Processed Data/Rotten eggplant(8-15)/aug_348_IMG_20251122_210823321_HDR.jpg,Eggplant,Rotten,Rotten,99.95,True
D:/VIT TY SEM5/ML Project/FOODFRESHAI/data/raw/AgriFreshNET Freshness and Shelf-Life Image Datase/Processed Data/Processed Data/Rotten eggplant(8-15)/aug_34_IMG_20251120_204424239_HDR.jpg,Eggplant,Rotten,Rotten,76.61,True
D:/VIT TY SEM5/ML Project/FOODFRESHAI/data/raw/AgriFreshNET Freshness and Shelf-Life Image Datase/Processed Data/Processed Data/Rotten eggplant(8-15)/aug_351_IMG_20251123_222327835_HDR.jpg,Eggplant,Rotten,Rotten,100.0,True
D:/VIT TY SEM5/ML Project/FOODFRESHAI/data/raw/AgriFreshNET Freshness and Shelf-Life Image Datase/Processed Data/Processed Data/Rotten eggplant(8-15)/aug_370_IMG_20251124_191936897_HDR.jpg,Eggplant,Rotten,Rotten,100.0,True
D:/VIT TY SEM5/ML Project/FOODFRESHAI/data/raw/AgriFreshNET Freshness and Shelf-Life Image Datase/Processed Data/Processed Data/Rotten eggplant(8-15)/aug_388_IMG_20251116_215929652_HDR.jpg,Eggplant,Rotten,Rotten,100.0,True
D:/VIT TY SEM5/ML Project/FOODFRESHAI/data/raw/AgriFreshNET Freshness and Shelf-Life Image Datase/Processed Data/Processed Data/Rotten eggplant(8-15)/aug_396_IMG_20251124_191914370_HDR.jpg,Eggplant,Rotten,Rotten,99.99,True
D:/VIT TY SEM5/ML Project/FOODFRESHAI/data/raw/AgriFreshNET Freshness and Shelf-Life Image Datase/Processed Data/Processed Data/Rotten eggplant(8-15)/aug_400_IMG_20251118_165218913_HDR.jpg,Eggplant,Rotten,Rotten,100.0,True
D:/VIT TY SEM5/ML Project/FOODFRESHAI/data/raw/AgriFreshNET Freshness and Shelf-Life Image Datase/Processed Data/Processed Data/Rotten eggplant(8-15)/aug_409_IMG_20251114_214428107_HDR.jpg,Eggplant,Rotten,Rotten,99.96,True
D:/VIT TY SEM5/ML Project/FOODFRESHAI/data/raw/AgriFreshNET Freshness and Shelf-Life Image Datase/Processed Data/Processed Data/Rotten eggplant(8-15)/aug_419_IMG_20251118_165218913_HDR.jpg,Eggplant,Rotten,Rotten,100.0,True
D:/VIT TY SEM5/ML Project/FOODFRESHAI/data/raw/AgriFreshNET Freshness and Shelf-Life Image Datase/Processed Data/Processed Data/Rotten eggplant(8-15)/aug_423_IMG_20251108_121646522_HDR_AE.jpg,Eggplant,Rotten,Rotten,100.0,True
D:/VIT TY SEM5/ML Project/FOODFRESHAI/data/raw/AgriFreshNET Freshness and Shelf-Life Image Datase/Processed Data/Processed Data/Rotten eggplant(8-15)/aug_424_IMG_20251124_191928382_HDR.jpg,Eggplant,Rotten,Rotten,99.95,True
D:/VIT TY SEM5/ML Project/FOODFRESHAI/data/raw/AgriFreshNET Freshness and Shelf-Life Image Datase/Processed Data/Processed Data/Rotten eggplant(8-15)/aug_427_IMG_20251105_103206945_HDR_AE.jpg,Eggplant,Rotten,Rotten,99.97,True
D:/VIT TY SEM5/ML Project/FOODFRESHAI/data/raw/AgriFreshNET Freshness and Shelf-Life Image Datase/Processed Data/Processed Data/Rotten eggplant(8-15)/aug_429_IMG_20251117_141201104_HDR_AE.jpg,Eggplant,Rotten,Rotten,99.98,True
D:/VIT TY SEM5/ML Project/FOODFRESHAI/data/raw/AgriFreshNET Freshness and Shelf-Life Image Datase/Processed Data/Processed Data/Rotten eggplant(8-15)/aug_42_IMG_20251114_214415697_HDR.jpg,Eggplant,Rotten,Rotten,99.64,True
D:/VIT TY SEM5/ML Project/FOODFRESHAI/data/raw/AgriFreshNET Freshness and Shelf-Life Image Datase/Processed Data/Processed Data/Rotten eggplant(8-15)/aug_435_IMG_20251118_165218913_HDR.jpg,Eggplant,Rotten,Rotten,100.0,True
D:/VIT TY SEM5/ML Project/FOODFRESHAI/data/raw/AgriFreshNET Freshness and Shelf-Life Image Datase/Processed Data/Processed Data/Rotten eggplant(8-15)/aug_43_IMG_20251104_133035963_HDR_AE.jpg,Eggplant,Rotten,Rotten,100.0,True
D:/VIT TY SEM5/ML Project/FOODFRESHAI/data/raw/AgriFreshNET Freshness and Shelf-Life Image Datase/Processed Data/Processed Data/Rotten eggplant(8-15)/aug_4_IMG_20251118_165218913_HDR.jpg,Eggplant,Rotten,Rotten,100.0,True
D:/VIT TY SEM5/ML Project/FOODFRESHAI/data/raw/AgriFreshNET Freshness and Shelf-Life Image Datase/Processed Data/Processed Data/Rotten eggplant(8-15)/aug_50_IMG_20251116_215902663_HDR.jpg,Eggplant,Rotten,Rotten,96.98,True
D:/VIT TY SEM5/ML Project/FOODFRESHAI/data/raw/AgriFreshNET Freshness and Shelf-Life Image Datase/Processed Data/Processed Data/Rotten eggplant(8-15)/aug_52_IMG_20251112_113346991_HDR_AE.jpg,Eggplant,Rotten,Rotten,99.99,True
D:/VIT TY SEM5/ML Project/FOODFRESHAI/data/raw/AgriFreshNET Freshness and Shelf-Life Image Datase/Processed Data/Processed Data/Rotten eggplant(8-15)/aug_53_IMG_20251125_211445349_HDR.jpg,Eggplant,Rotten,Rotten,99.99,True
D:/VIT TY SEM5/ML Project/FOODFRESHAI/data/raw/AgriFreshNET Freshness and Shelf-Life Image Datase/Processed Data/Processed Data/Rotten eggplant(8-15)/aug_55_IMG_20251117_141201104_HDR_AE.jpg,Eggplant,Rotten,Rotten,99.98,True
D:/VIT TY SEM5/ML Project/FOODFRESHAI/data/raw/AgriFreshNET Freshness and Shelf-Life Image Datase/Processed Data/Processed Data/Rotten eggplant(8-15)/aug_69_IMG_20251115_122054792_HDR_AE.jpg,Eggplant,Rotten,Rotten,100.0,True
D:/VIT TY SEM5/ML Project/FOODFRESHAI/data/raw/AgriFreshNET Freshness and Shelf-Life Image Datase/Processed Data/Processed Data/Rotten eggplant(8-15)/aug_70_IMG_20251104_133035963_HDR_AE.jpg,Eggplant,Rotten,Rotten,100.0,True
D:/VIT TY SEM5/ML Project/FOODFRESHAI/data/raw/AgriFreshNET Freshness and Shelf-Life Image Datase/Processed Data/Processed Data/Rotten eggplant(8-15)/aug_89_IMG_20251124_191914370_HDR.jpg,Eggplant,Rotten,Rotten,99.99,True
D:/VIT TY SEM5/ML Project/FOODFRESHAI/data/raw/AgriFreshNET Freshness and Shelf-Life Image Datase/Processed Data/Processed Data/Rotten eggplant(8-15)/aug_94_IMG_20251120_204424239_HDR.jpg,Eggplant,Rotten,Rotten,49.95,True
D:/VIT TY SEM5/ML Project/FOODFRESHAI/data/raw/AgriFreshNET Freshness and Shelf-Life Image Datase/Processed Data/Processed Data/Rotten eggplant(8-15)/IMG_20251104_133035963_HDR_AE.jpg,Eggplant,Rotten,Rotten,100.0,True
D:/VIT TY SEM5/ML Project/FOODFRESHAI/data/raw/AgriFreshNET Freshness and Shelf-Life Image Datase/Processed Data/Processed Data/Rotten eggplant(8-15)/IMG_20251105_103206945_HDR_AE.jpg,Eggplant,Rotten,Rotten,99.95,True
D:/VIT TY SEM5/ML Project/FOODFRESHAI/data/raw/AgriFreshNET Freshness and Shelf-Life Image Datase/Processed Data/Processed Data/Rotten eggplant(8-15)/IMG_20251106_160420461_HDR_AE.jpg,Eggplant,Rotten,Rotten,99.89,True
D:/VIT TY SEM5/ML Project/FOODFRESHAI/data/raw/AgriFreshNET Freshness and Shelf-Life Image Datase/Processed Data/Processed Data/Rotten eggplant(8-15)/IMG_20251108_121646522_HDR_AE.jpg,Eggplant,Rotten,Rotten,100.0,True
D:/VIT TY SEM5/ML Project/FOODFRESHAI/data/raw/AgriFreshNET Freshness and Shelf-Life Image Datase/Processed Data/Processed Data/Rotten eggplant(8-15)/IMG_20251112_113346991_HDR_AE.jpg,Eggplant,Rotten,Rotten,99.99,True
D:/VIT TY SEM5/ML Project/FOODFRESHAI/data/raw/AgriFreshNET Freshness and Shelf-Life Image Datase/Processed Data/Processed Data/Rotten eggplant(8-15)/IMG_20251114_214415697_HDR.jpg,Eggplant,Rotten,Rotten,98.42,True
D:/VIT TY SEM5/ML Project/FOODFRESHAI/data/raw/AgriFreshNET Freshness and Shelf-Life Image Datase/Processed Data/Processed Data/Rotten eggplant(8-15)/IMG_20251114_214428107_HDR.jpg,Eggplant,Rotten,Rotten,99.96,True
D:/VIT TY SEM5/ML Project/FOODFRESHAI/data/raw/AgriFreshNET Freshness and Shelf-Life Image Datase/Processed Data/Processed Data/Rotten eggplant(8-15)/IMG_20251115_122054792_HDR_AE.jpg,Eggplant,Rotten,Rotten,100.0,True
D:/VIT TY SEM5/ML Project/FOODFRESHAI/data/raw/AgriFreshNET Freshness and Shelf-Life Image Datase/Processed Data/Processed Data/Rotten eggplant(8-15)/IMG_20251116_215902663_HDR.jpg,Eggplant,Rotten,Rotten,96.22,True
D:/VIT TY SEM5/ML Project/FOODFRESHAI/data/raw/AgriFreshNET Freshness and Shelf-Life Image Datase/Processed Data/Processed Data/Rotten eggplant(8-15)/IMG_20251116_215929652_HDR.jpg,Eggplant,Rotten,Rotten,100.0,True
D:/VIT TY SEM5/ML Project/FOODFRESHAI/data/raw/AgriFreshNET Freshness and Shelf-Life Image Datase/Processed Data/Processed Data/Rotten eggplant(8-15)/IMG_20251117_141201104_HDR_AE.jpg,Eggplant,Rotten,Rotten,99.92,True
D:/VIT TY SEM5/ML Project/FOODFRESHAI/data/raw/AgriFreshNET Freshness and Shelf-Life Image Datase/Processed Data/Processed Data/Rotten eggplant(8-15)/IMG_20251118_165218913_HDR.jpg,Eggplant,Rotten,Rotten,100.0,True
D:/VIT TY SEM5/ML Project/FOODFRESHAI/data/raw/AgriFreshNET Freshness and Shelf-Life Image Datase/Processed Data/Processed Data/Rotten eggplant(8-15)/IMG_20251120_204424239_HDR.jpg,Eggplant,Rotten,Fresh,62.19,False
D:/VIT TY SEM5/ML Project/FOODFRESHAI/data/raw/AgriFreshNET Freshness and Shelf-Life Image Datase/Processed Data/Processed Data/Rotten eggplant(8-15)/IMG_20251121_145935596_HDR_AE.jpg,Eggplant,Rotten,Rotten,99.99,True
D:/VIT TY SEM5/ML Project/FOODFRESHAI/data/raw/AgriFreshNET Freshness and Shelf-Life Image Datase/Processed Data/Processed Data/Rotten eggplant(8-15)/IMG_20251122_210823321_HDR.jpg,Eggplant,Rotten,Rotten,99.98,True
D:/VIT TY SEM5/ML Project/FOODFRESHAI/data/raw/AgriFreshNET Freshness and Shelf-Life Image Datase/Processed Data/Processed Data/Rotten eggplant(8-15)/IMG_20251122_210834998_HDR.jpg,Eggplant,Rotten,Rotten,99.97,True
D:/VIT TY SEM5/ML Project/FOODFRESHAI/data/raw/AgriFreshNET Freshness and Shelf-Life Image Datase/Processed Data/Processed Data/Rotten eggplant(8-15)/IMG_20251123_222327835_HDR.jpg,Eggplant,Rotten,Rotten,100.0,True
D:/VIT TY SEM5/ML Project/FOODFRESHAI/data/raw/AgriFreshNET Freshness and Shelf-Life Image Datase/Processed Data/Processed Data/Rotten eggplant(8-15)/IMG_20251124_191914370_HDR.jpg,Eggplant,Rotten,Rotten,99.99,True
D:/VIT TY SEM5/ML Project/FOODFRESHAI/data/raw/AgriFreshNET Freshness and Shelf-Life Image Datase/Processed Data/Processed Data/Rotten eggplant(8-15)/IMG_20251124_191928382_HDR.jpg,Eggplant,Rotten,Rotten,99.99,True
D:/VIT TY SEM5/ML Project/FOODFRESHAI/data/raw/AgriFreshNET Freshness and Shelf-Life Image Datase/Processed Data/Processed Data/Rotten eggplant(8-15)/IMG_20251124_191936897_HDR.jpg,Eggplant,Rotten,Rotten,99.99,True
D:/VIT TY SEM5/ML Project/FOODFRESHAI/data/raw/AgriFreshNET Freshness and Shelf-Life Image Datase/Processed Data/Processed Data/Rotten eggplant(8-15)/IMG_20251125_211445349_HDR.jpg,Eggplant,Rotten,Rotten,99.99,True
D:/VIT TY SEM5/ML Project/FOODFRESHAI/data/raw/AgriFreshNET Freshness and Shelf-Life Image Datase/Processed Data/Processed Data/Rotten eggplant(8-15)/IMG_20251126_194051670_HDR.jpg,Eggplant,Rotten,Rotten,99.99,True
D:/VIT TY SEM5/ML Project/FOODFRESHAI/data/raw/AgriFreshNET Freshness and Shelf-Life Image Datase/Processed Data/Processed Data/Rotten Orange(20-35)/aug_103_IMG-20260130-WA0100.jpg,Orange,Rotten,Rotten,99.33,True
D:/VIT TY SEM5/ML Project/FOODFRESHAI/data/raw/AgriFreshNET Freshness and Shelf-Life Image Datase/Processed Data/Processed Data/Rotten Orange(20-35)/aug_10_IMG-20260128-WA0021.jpg,Orange,Rotten,Rotten,100.0,True
D:/VIT TY SEM5/ML Project/FOODFRESHAI/data/raw/AgriFreshNET Freshness and Shelf-Life Image Datase/Processed Data/Processed Data/Rotten Orange(20-35)/aug_111_IMG-20251114-WA0011.jpg,Orange,Rotten,Rotten,99.73,True
D:/VIT TY SEM5/ML Project/FOODFRESHAI/data/raw/AgriFreshNET Freshness and Shelf-Life Image Datase/Processed Data/Processed Data/Rotten Orange(20-35)/aug_114_IMG-20251113-WA0021.jpg,Orange,Rotten,Rotten,99.93,True
D:/VIT TY SEM5/ML Project/FOODFRESHAI/data/raw/AgriFreshNET Freshness and Shelf-Life Image Datase/Processed Data/Processed Data/Rotten Orange(20-35)/aug_119_IMG-20251230-WA0038.jpg,Orange,Rotten,Rotten,99.91,True
D:/VIT TY SEM5/ML Project/FOODFRESHAI/data/raw/AgriFreshNET Freshness and Shelf-Life Image Datase/Processed Data/Processed Data/Rotten Orange(20-35)/aug_121_IMG-20251227-WA0011.jpg,Orange,Rotten,Rotten,95.52,True
D:/VIT TY SEM5/ML Project/FOODFRESHAI/data/raw/AgriFreshNET Freshness and Shelf-Life Image Datase/Processed Data/Processed Data/Rotten Orange(20-35)/aug_124_IMG-20251114-WA0011.jpg,Orange,Rotten,Rotten,99.64,True
D:/VIT TY SEM5/ML Project/FOODFRESHAI/data/raw/AgriFreshNET Freshness and Shelf-Life Image Datase/Processed Data/Processed Data/Rotten Orange(20-35)/aug_128_IMG-20251207-WA0002.jpg,Orange,Rotten,Rotten,99.99,True
D:/VIT TY SEM5/ML Project/FOODFRESHAI/data/raw/AgriFreshNET Freshness and Shelf-Life Image Datase/Processed Data/Processed Data/Rotten Orange(20-35)/aug_137_IMG-20251230-WA0041.jpg,Orange,Rotten,Rotten,99.9,True
D:/VIT TY SEM5/ML Project/FOODFRESHAI/data/raw/AgriFreshNET Freshness and Shelf-Life Image Datase/Processed Data/Processed Data/Rotten Orange(20-35)/aug_13_IMG-20251207-WA0002.jpg,Orange,Rotten,Rotten,99.97,True
D:/VIT TY SEM5/ML Project/FOODFRESHAI/data/raw/AgriFreshNET Freshness and Shelf-Life Image Datase/Processed Data/Processed Data/Rotten Orange(20-35)/aug_140_IMG-20260130-WA0100.jpg,Orange,Rotten,Rotten,99.47,True
D:/VIT TY SEM5/ML Project/FOODFRESHAI/data/raw/AgriFreshNET Freshness and Shelf-Life Image Datase/Processed Data/Processed Data/Rotten Orange(20-35)/aug_150_IMG-20251227-WA0011.jpg,Orange,Rotten,Rotten,94.31,True
D:/VIT TY SEM5/ML Project/FOODFRESHAI/data/raw/AgriFreshNET Freshness and Shelf-Life Image Datase/Processed Data/Processed Data/Rotten Orange(20-35)/aug_151_IMG-20251207-WA0013.jpg,Orange,Rotten,Rotten,100.0,True
D:/VIT TY SEM5/ML Project/FOODFRESHAI/data/raw/AgriFreshNET Freshness and Shelf-Life Image Datase/Processed Data/Processed Data/Rotten Orange(20-35)/aug_156_IMG-20251227-WA0004.jpg,Orange,Rotten,Rotten,98.91,True
D:/VIT TY SEM5/ML Project/FOODFRESHAI/data/raw/AgriFreshNET Freshness and Shelf-Life Image Datase/Processed Data/Processed Data/Rotten Orange(20-35)/aug_157_IMG-20260128-WA0025.jpg,Orange,Rotten,Rotten,99.99,True
D:/VIT TY SEM5/ML Project/FOODFRESHAI/data/raw/AgriFreshNET Freshness and Shelf-Life Image Datase/Processed Data/Processed Data/Rotten Orange(20-35)/aug_166_IMG-20260128-WA0021.jpg,Orange,Rotten,Rotten,99.9,True
D:/VIT TY SEM5/ML Project/FOODFRESHAI/data/raw/AgriFreshNET Freshness and Shelf-Life Image Datase/Processed Data/Processed Data/Rotten Orange(20-35)/aug_179_IMG-20260128-WA0021.jpg,Orange,Rotten,Rotten,99.98,True
D:/VIT TY SEM5/ML Project/FOODFRESHAI/data/raw/AgriFreshNET Freshness and Shelf-Life Image Datase/Processed Data/Processed Data/Rotten Orange(20-35)/aug_184_IMG-20260128-WA0025.jpg,Orange,Rotten,Rotten,99.99,True
D:/VIT TY SEM5/ML Project/FOODFRESHAI/data/raw/AgriFreshNET Freshness and Shelf-Life Image Datase/Processed Data/Processed Data/Rotten Orange(20-35)/aug_18_IMG-20251215-WA0021.jpg,Orange,Rotten,Rotten,99.64,True
D:/VIT TY SEM5/ML Project/FOODFRESHAI/data/raw/AgriFreshNET Freshness and Shelf-Life Image Datase/Processed Data/Processed Data/Rotten Orange(20-35)/aug_192_IMG-20260128-WA0021.jpg,Orange,Rotten,Rotten,100.0,True
D:/VIT TY SEM5/ML Project/FOODFRESHAI/data/raw/AgriFreshNET Freshness and Shelf-Life Image Datase/Processed Data/Processed Data/Rotten Orange(20-35)/aug_195_IMG-20251230-WA0041.jpg,Orange,Rotten,Rotten,98.87,True
D:/VIT TY SEM5/ML Project/FOODFRESHAI/data/raw/AgriFreshNET Freshness and Shelf-Life Image Datase/Processed Data/Processed Data/Rotten Orange(20-35)/aug_199_IMG-20260128-WA0008.jpg,Orange,Rotten,Rotten,98.68,True
D:/VIT TY SEM5/ML Project/FOODFRESHAI/data/raw/AgriFreshNET Freshness and Shelf-Life Image Datase/Processed Data/Processed Data/Rotten Orange(20-35)/aug_202_IMG-20251227-WA0004.jpg,Orange,Rotten,Rotten,98.7,True
D:/VIT TY SEM5/ML Project/FOODFRESHAI/data/raw/AgriFreshNET Freshness and Shelf-Life Image Datase/Processed Data/Processed Data/Rotten Orange(20-35)/aug_205_IMG-20251207-WA0002.jpg,Orange,Rotten,Rotten,99.99,True
D:/VIT TY SEM5/ML Project/FOODFRESHAI/data/raw/AgriFreshNET Freshness and Shelf-Life Image Datase/Processed Data/Processed Data/Rotten Orange(20-35)/aug_211_IMG-20251227-WA0004.jpg,Orange,Rotten,Rotten,90.42,True
D:/VIT TY SEM5/ML Project/FOODFRESHAI/data/raw/AgriFreshNET Freshness and Shelf-Life Image Datase/Processed Data/Processed Data/Rotten Orange(20-35)/aug_213_IMG-20251215-WA0021.jpg,Orange,Rotten,Rotten,99.71,True
D:/VIT TY SEM5/ML Project/FOODFRESHAI/data/raw/AgriFreshNET Freshness and Shelf-Life Image Datase/Processed Data/Processed Data/Rotten Orange(20-35)/aug_216_IMG-20251207-WA0002.jpg,Orange,Rotten,Rotten,99.99,True
D:/VIT TY SEM5/ML Project/FOODFRESHAI/data/raw/AgriFreshNET Freshness and Shelf-Life Image Datase/Processed Data/Processed Data/Rotten Orange(20-35)/aug_231_IMG-20251227-WA0004.jpg,Orange,Rotten,Rotten,95.5,True
D:/VIT TY SEM5/ML Project/FOODFRESHAI/data/raw/AgriFreshNET Freshness and Shelf-Life Image Datase/Processed Data/Processed Data/Rotten Orange(20-35)/aug_237_IMG-20260128-WA0021.jpg,Orange,Rotten,Rotten,99.99,True
D:/VIT TY SEM5/ML Project/FOODFRESHAI/data/raw/AgriFreshNET Freshness and Shelf-Life Image Datase/Processed Data/Processed Data/Rotten Orange(20-35)/aug_254_IMG-20251227-WA0005.jpg,Orange,Rotten,Rotten,99.85,True
D:/VIT TY SEM5/ML Project/FOODFRESHAI/data/raw/AgriFreshNET Freshness and Shelf-Life Image Datase/Processed Data/Processed Data/Rotten Orange(20-35)/aug_255_IMG-20260128-WA0008.jpg,Orange,Rotten,Rotten,99.96,True
D:/VIT TY SEM5/ML Project/FOODFRESHAI/data/raw/AgriFreshNET Freshness and Shelf-Life Image Datase/Processed Data/Processed Data/Rotten Orange(20-35)/aug_26_IMG-20260130-WA0100.jpg,Orange,Rotten,Rotten,97.7,True
D:/VIT TY SEM5/ML Project/FOODFRESHAI/data/raw/AgriFreshNET Freshness and Shelf-Life Image Datase/Processed Data/Processed Data/Rotten Orange(20-35)/aug_271_IMG-20251215-WA0020.jpg,Orange,Rotten,Rotten,99.94,True
D:/VIT TY SEM5/ML Project/FOODFRESHAI/data/raw/AgriFreshNET Freshness and Shelf-Life Image Datase/Processed Data/Processed Data/Rotten Orange(20-35)/aug_278_IMG-20260128-WA0021.jpg,Orange,Rotten,Rotten,99.98,True
D:/VIT TY SEM5/ML Project/FOODFRESHAI/data/raw/AgriFreshNET Freshness and Shelf-Life Image Datase/Processed Data/Processed Data/Rotten Orange(20-35)/aug_291_IMG-20251215-WA0020.jpg,Orange,Rotten,Rotten,99.97,True
D:/VIT TY SEM5/ML Project/FOODFRESHAI/data/raw/AgriFreshNET Freshness and Shelf-Life Image Datase/Processed Data/Processed Data/Rotten Orange(20-35)/aug_297_IMG-20251227-WA0011.jpg,Orange,Rotten,Rotten,93.42,True
D:/VIT TY SEM5/ML Project/FOODFRESHAI/data/raw/AgriFreshNET Freshness and Shelf-Life Image Datase/Processed Data/Processed Data/Rotten Orange(20-35)/aug_30_IMG-20251114-WA0007.jpg,Orange,Rotten,Rotten,99.88,True
D:/VIT TY SEM5/ML Project/FOODFRESHAI/data/raw/AgriFreshNET Freshness and Shelf-Life Image Datase/Processed Data/Processed Data/Rotten Orange(20-35)/aug_317_IMG-20251207-WA0013.jpg,Orange,Rotten,Rotten,99.97,True
D:/VIT TY SEM5/ML Project/FOODFRESHAI/data/raw/AgriFreshNET Freshness and Shelf-Life Image Datase/Processed Data/Processed Data/Rotten Orange(20-35)/aug_319_IMG-20251207-WA0002.jpg,Orange,Rotten,Rotten,99.99,True
D:/VIT TY SEM5/ML Project/FOODFRESHAI/data/raw/AgriFreshNET Freshness and Shelf-Life Image Datase/Processed Data/Processed Data/Rotten Orange(20-35)/aug_325_IMG-20260130-WA0100.jpg,Orange,Rotten,Rotten,99.41,True
D:/VIT TY SEM5/ML Project/FOODFRESHAI/data/raw/AgriFreshNET Freshness and Shelf-Life Image Datase/Processed Data/Processed Data/Rotten Orange(20-35)/aug_344_IMG-20260128-WA0007.jpg,Orange,Rotten,Rotten,99.99,True
D:/VIT TY SEM5/ML Project/FOODFRESHAI/data/raw/AgriFreshNET Freshness and Shelf-Life Image Datase/Processed Data/Processed Data/Rotten Orange(20-35)/aug_345_IMG-20251114-WA0011.jpg,Orange,Rotten,Rotten,99.94,True
D:/VIT TY SEM5/ML Project/FOODFRESHAI/data/raw/AgriFreshNET Freshness and Shelf-Life Image Datase/Processed Data/Processed Data/Rotten Orange(20-35)/aug_352_IMG-20251114-WA0011.jpg,Orange,Rotten,Rotten,99.94,True
D:/VIT TY SEM5/ML Project/FOODFRESHAI/data/raw/AgriFreshNET Freshness and Shelf-Life Image Datase/Processed Data/Processed Data/Rotten Orange(20-35)/aug_356_IMG-20251230-WA0038.jpg,Orange,Rotten,Rotten,99.97,True
D:/VIT TY SEM5/ML Project/FOODFRESHAI/data/raw/AgriFreshNET Freshness and Shelf-Life Image Datase/Processed Data/Processed Data/Rotten Orange(20-35)/aug_35_IMG-20251230-WA0038.jpg,Orange,Rotten,Rotten,99.37,True
D:/VIT TY SEM5/ML Project/FOODFRESHAI/data/raw/AgriFreshNET Freshness and Shelf-Life Image Datase/Processed Data/Processed Data/Rotten Orange(20-35)/aug_366_IMG-20251227-WA0004.jpg,Orange,Rotten,Rotten,98.6,True
D:/VIT TY SEM5/ML Project/FOODFRESHAI/data/raw/AgriFreshNET Freshness and Shelf-Life Image Datase/Processed Data/Processed Data/Rotten Orange(20-35)/aug_367_IMG-20251230-WA0041.jpg,Orange,Rotten,Rotten,99.88,True
D:/VIT TY SEM5/ML Project/FOODFRESHAI/data/raw/AgriFreshNET Freshness and Shelf-Life Image Datase/Processed Data/Processed Data/Rotten Orange(20-35)/aug_373_IMG-20260130-WA0100.jpg,Orange,Rotten,Rotten,99.55,True
D:/VIT TY SEM5/ML Project/FOODFRESHAI/data/raw/AgriFreshNET Freshness and Shelf-Life Image Datase/Processed Data/Processed Data/Rotten Orange(20-35)/aug_376_IMG-20251215-WA0020.jpg,Orange,Rotten,Rotten,99.96,True
D:/VIT TY SEM5/ML Project/FOODFRESHAI/data/raw/AgriFreshNET Freshness and Shelf-Life Image Datase/Processed Data/Processed Data/Rotten Orange(20-35)/aug_380_IMG-20251227-WA0005.jpg,Orange,Rotten,Rotten,99.02,True
D:/VIT TY SEM5/ML Project/FOODFRESHAI/data/raw/AgriFreshNET Freshness and Shelf-Life Image Datase/Processed Data/Processed Data/Rotten Orange(20-35)/aug_383_IMG-20260128-WA0007.jpg,Orange,Rotten,Rotten,99.99,True
D:/VIT TY SEM5/ML Project/FOODFRESHAI/data/raw/AgriFreshNET Freshness and Shelf-Life Image Datase/Processed Data/Processed Data/Rotten Orange(20-35)/aug_388_IMG-20251227-WA0005.jpg,Orange,Rotten,Rotten,99.85,True
D:/VIT TY SEM5/ML Project/FOODFRESHAI/data/raw/AgriFreshNET Freshness and Shelf-Life Image Datase/Processed Data/Processed Data/Rotten Orange(20-35)/aug_3_IMG-20251227-WA0004.jpg,Orange,Rotten,Rotten,97.96,True
D:/VIT TY SEM5/ML Project/FOODFRESHAI/data/raw/AgriFreshNET Freshness and Shelf-Life Image Datase/Processed Data/Processed Data/Rotten Orange(20-35)/aug_401_IMG-20251114-WA0007.jpg,Orange,Rotten,Rotten,99.93,True
D:/VIT TY SEM5/ML Project/FOODFRESHAI/data/raw/AgriFreshNET Freshness and Shelf-Life Image Datase/Processed Data/Processed Data/Rotten Orange(20-35)/aug_403_IMG-20251114-WA0011.jpg,Orange,Rotten,Rotten,99.93,True
D:/VIT TY SEM5/ML Project/FOODFRESHAI/data/raw/AgriFreshNET Freshness and Shelf-Life Image Datase/Processed Data/Processed Data/Rotten Orange(20-35)/aug_408_IMG-20260128-WA0021.jpg,Orange,Rotten,Rotten,100.0,True
D:/VIT TY SEM5/ML Project/FOODFRESHAI/data/raw/AgriFreshNET Freshness and Shelf-Life Image Datase/Processed Data/Processed Data/Rotten Orange(20-35)/aug_409_IMG-20251113-WA0021.jpg,Orange,Rotten,Rotten,99.86,True
D:/VIT TY SEM5/ML Project/FOODFRESHAI/data/raw/AgriFreshNET Freshness and Shelf-Life Image Datase/Processed Data/Processed Data/Rotten Orange(20-35)/aug_40_IMG-20251114-WA0007.jpg,Orange,Rotten,Rotten,99.9,True
D:/VIT TY SEM5/ML Project/FOODFRESHAI/data/raw/AgriFreshNET Freshness and Shelf-Life Image Datase/Processed Data/Processed Data/Rotten Orange(20-35)/aug_412_IMG-20251207-WA0002.jpg,Orange,Rotten,Rotten,99.99,True
D:/VIT TY SEM5/ML Project/FOODFRESHAI/data/raw/AgriFreshNET Freshness and Shelf-Life Image Datase/Processed Data/Processed Data/Rotten Orange(20-35)/aug_41_IMG-20260128-WA0025.jpg,Orange,Rotten,Rotten,99.93,True
D:/VIT TY SEM5/ML Project/FOODFRESHAI/data/raw/AgriFreshNET Freshness and Shelf-Life Image Datase/Processed Data/Processed Data/Rotten Orange(20-35)/aug_424_IMG-20260128-WA0007.jpg,Orange,Rotten,Rotten,99.91,True
D:/VIT TY SEM5/ML Project/FOODFRESHAI/data/raw/AgriFreshNET Freshness and Shelf-Life Image Datase/Processed Data/Processed Data/Rotten Orange(20-35)/aug_43_IMG-20260128-WA0025.jpg,Orange,Rotten,Rotten,99.99,True
D:/VIT TY SEM5/ML Project/FOODFRESHAI/data/raw/AgriFreshNET Freshness and Shelf-Life Image Datase/Processed Data/Processed Data/Rotten Orange(20-35)/aug_440_IMG-20251114-WA0007.jpg,Orange,Rotten,Rotten,99.92,True
D:/VIT TY SEM5/ML Project/FOODFRESHAI/data/raw/AgriFreshNET Freshness and Shelf-Life Image Datase/Processed Data/Processed Data/Rotten Orange(20-35)/aug_443_IMG-20260128-WA0007.jpg,Orange,Rotten,Rotten,99.99,True
D:/VIT TY SEM5/ML Project/FOODFRESHAI/data/raw/AgriFreshNET Freshness and Shelf-Life Image Datase/Processed Data/Processed Data/Rotten Orange(20-35)/aug_452_IMG-20251227-WA0005.jpg,Orange,Rotten,Rotten,99.9,True
D:/VIT TY SEM5/ML Project/FOODFRESHAI/data/raw/AgriFreshNET Freshness and Shelf-Life Image Datase/Processed Data/Processed Data/Rotten Orange(20-35)/aug_455_IMG-20251230-WA0041.jpg,Orange,Rotten,Rotten,99.87,True
D:/VIT TY SEM5/ML Project/FOODFRESHAI/data/raw/AgriFreshNET Freshness and Shelf-Life Image Datase/Processed Data/Processed Data/Rotten Orange(20-35)/aug_457_IMG-20260130-WA0100.jpg,Orange,Rotten,Rotten,99.35,True
D:/VIT TY SEM5/ML Project/FOODFRESHAI/data/raw/AgriFreshNET Freshness and Shelf-Life Image Datase/Processed Data/Processed Data/Rotten Orange(20-35)/aug_462_IMG-20251215-WA0021.jpg,Orange,Rotten,Rotten,99.82,True
D:/VIT TY SEM5/ML Project/FOODFRESHAI/data/raw/AgriFreshNET Freshness and Shelf-Life Image Datase/Processed Data/Processed Data/Rotten Orange(20-35)/aug_466_IMG-20251215-WA0019.jpg,Orange,Rotten,Rotten,99.47,True
D:/VIT TY SEM5/ML Project/FOODFRESHAI/data/raw/AgriFreshNET Freshness and Shelf-Life Image Datase/Processed Data/Processed Data/Rotten Orange(20-35)/aug_50_IMG-20260128-WA0007.jpg,Orange,Rotten,Rotten,99.99,True
D:/VIT TY SEM5/ML Project/FOODFRESHAI/data/raw/AgriFreshNET Freshness and Shelf-Life Image Datase/Processed Data/Processed Data/Rotten Orange(20-35)/aug_51_IMG-20251230-WA0038.jpg,Orange,Rotten,Rotten,99.41,True
D:/VIT TY SEM5/ML Project/FOODFRESHAI/data/raw/AgriFreshNET Freshness and Shelf-Life Image Datase/Processed Data/Processed Data/Rotten Orange(20-35)/aug_53_IMG-20251215-WA0020.jpg,Orange,Rotten,Rotten,99.95,True
D:/VIT TY SEM5/ML Project/FOODFRESHAI/data/raw/AgriFreshNET Freshness and Shelf-Life Image Datase/Processed Data/Processed Data/Rotten Orange(20-35)/aug_56_IMG-20251113-WA0021.jpg,Orange,Rotten,Rotten,99.9,True
D:/VIT TY SEM5/ML Project/FOODFRESHAI/data/raw/AgriFreshNET Freshness and Shelf-Life Image Datase/Processed Data/Processed Data/Rotten Orange(20-35)/aug_84_IMG-20251215-WA0019.jpg,Orange,Rotten,Rotten,99.89,True
D:/VIT TY SEM5/ML Project/FOODFRESHAI/data/raw/AgriFreshNET Freshness and Shelf-Life Image Datase/Processed Data/Processed Data/Rotten Orange(20-35)/aug_9_IMG-20251215-WA0020.jpg,Orange,Rotten,Rotten,99.95,True
D:/VIT TY SEM5/ML Project/FOODFRESHAI/data/raw/AgriFreshNET Freshness and Shelf-Life Image Datase/Processed Data/Processed Data/Rotten Orange(20-35)/IMG-20251113-WA0021.jpg,Orange,Rotten,Rotten,99.9,True
D:/VIT TY SEM5/ML Project/FOODFRESHAI/data/raw/AgriFreshNET Freshness and Shelf-Life Image Datase/Processed Data/Processed Data/Rotten Orange(20-35)/IMG-20251114-WA0007.jpg,Orange,Rotten,Rotten,99.91,True
D:/VIT TY SEM5/ML Project/FOODFRESHAI/data/raw/AgriFreshNET Freshness and Shelf-Life Image Datase/Processed Data/Processed Data/Rotten Orange(20-35)/IMG-20251114-WA0011.jpg,Orange,Rotten,Rotten,99.93,True
D:/VIT TY SEM5/ML Project/FOODFRESHAI/data/raw/AgriFreshNET Freshness and Shelf-Life Image Datase/Processed Data/Processed Data/Rotten Orange(20-35)/IMG-20251207-WA0002.jpg,Orange,Rotten,Rotten,99.99,True
D:/VIT TY SEM5/ML Project/FOODFRESHAI/data/raw/AgriFreshNET Freshness and Shelf-Life Image Datase/Processed Data/Processed Data/Rotten Orange(20-35)/IMG-20251207-WA0013.jpg,Orange,Rotten,Rotten,99.98,True
D:/VIT TY SEM5/ML Project/FOODFRESHAI/data/raw/AgriFreshNET Freshness and Shelf-Life Image Datase/Processed Data/Processed Data/Rotten Orange(20-35)/IMG-20251215-WA0019.jpg,Orange,Rotten,Rotten,99.66,True
D:/VIT TY SEM5/ML Project/FOODFRESHAI/data/raw/AgriFreshNET Freshness and Shelf-Life Image Datase/Processed Data/Processed Data/Rotten Orange(20-35)/IMG-20251215-WA0020.jpg,Orange,Rotten,Rotten,99.92,True
D:/VIT TY SEM5/ML Project/FOODFRESHAI/data/raw/AgriFreshNET Freshness and Shelf-Life Image Datase/Processed Data/Processed Data/Rotten Orange(20-35)/IMG-20251215-WA0021.jpg,Orange,Rotten,Rotten,99.82,True
D:/VIT TY SEM5/ML Project/FOODFRESHAI/data/raw/AgriFreshNET Freshness and Shelf-Life Image Datase/Processed Data/Processed Data/Rotten Orange(20-35)/IMG-20251227-WA0004.jpg,Orange,Rotten,Rotten,99.34,True
D:/VIT TY SEM5/ML Project/FOODFRESHAI/data/raw/AgriFreshNET Freshness and Shelf-Life Image Datase/Processed Data/Processed Data/Rotten Orange(20-35)/IMG-20251227-WA0005.jpg,Orange,Rotten,Rotten,99.92,True
D:/VIT TY SEM5/ML Project/FOODFRESHAI/data/raw/AgriFreshNET Freshness and Shelf-Life Image Datase/Processed Data/Processed Data/Rotten Orange(20-35)/IMG-20251227-WA0011.jpg,Orange,Rotten,Rotten,94.06,True
D:/VIT TY SEM5/ML Project/FOODFRESHAI/data/raw/AgriFreshNET Freshness and Shelf-Life Image Datase/Processed Data/Processed Data/Rotten Orange(20-35)/IMG-20251230-WA0038.jpg,Orange,Rotten,Rotten,99.92,True
D:/VIT TY SEM5/ML Project/FOODFRESHAI/data/raw/AgriFreshNET Freshness and Shelf-Life Image Datase/Processed Data/Processed Data/Rotten Orange(20-35)/IMG-20251230-WA0041.jpg,Orange,Rotten,Rotten,99.87,True
D:/VIT TY SEM5/ML Project/FOODFRESHAI/data/raw/AgriFreshNET Freshness and Shelf-Life Image Datase/Processed Data/Processed Data/Rotten Orange(20-35)/IMG-20260128-WA0007.jpg,Orange,Rotten,Rotten,100.0,True
D:/VIT TY SEM5/ML Project/FOODFRESHAI/data/raw/AgriFreshNET Freshness and Shelf-Life Image Datase/Processed Data/Processed Data/Rotten Orange(20-35)/IMG-20260128-WA0008.jpg,Orange,Rotten,Rotten,99.48,True
D:/VIT TY SEM5/ML Project/FOODFRESHAI/data/raw/AgriFreshNET Freshness and Shelf-Life Image Datase/Processed Data/Processed Data/Rotten Orange(20-35)/IMG-20260128-WA0021.jpg,Orange,Rotten,Rotten,100.0,True
D:/VIT TY SEM5/ML Project/FOODFRESHAI/data/raw/AgriFreshNET Freshness and Shelf-Life Image Datase/Processed Data/Processed Data/Rotten Orange(20-35)/IMG-20260128-WA0025.jpg,Orange,Rotten,Rotten,99.99,True
D:/VIT TY SEM5/ML Project/FOODFRESHAI/data/raw/AgriFreshNET Freshness and Shelf-Life Image Datase/Processed Data/Processed Data/Rotten Orange(20-35)/IMG-20260130-WA0100.jpg,Orange,Rotten,Rotten,99.54,True
D:/VIT TY SEM5/ML Project/FOODFRESHAI/data/raw/AgriFreshNET Freshness and Shelf-Life Image Datase/Processed Data/Processed Data/Rotten Papaya(7-12)/aug_104_IMG_20251202_021854.jpg,Papaya,Rotten,Rotten,99.97,True
D:/VIT TY SEM5/ML Project/FOODFRESHAI/data/raw/AgriFreshNET Freshness and Shelf-Life Image Datase/Processed Data/Processed Data/Rotten Papaya(7-12)/aug_109_IMG_20260123_013658.jpg,Papaya,Rotten,Rotten,97.51,True
D:/VIT TY SEM5/ML Project/FOODFRESHAI/data/raw/AgriFreshNET Freshness and Shelf-Life Image Datase/Processed Data/Processed Data/Rotten Papaya(7-12)/aug_111_IMG_20260130_163437.jpg,Papaya,Rotten,Rotten,99.88,True
D:/VIT TY SEM5/ML Project/FOODFRESHAI/data/raw/AgriFreshNET Freshness and Shelf-Life Image Datase/Processed Data/Processed Data/Rotten Papaya(7-12)/aug_115_IMG_20260202_032720.jpg,Papaya,Rotten,Rotten,99.08,True
D:/VIT TY SEM5/ML Project/FOODFRESHAI/data/raw/AgriFreshNET Freshness and Shelf-Life Image Datase/Processed Data/Processed Data/Rotten Papaya(7-12)/aug_116_IMG_20251202_021303.jpg,Papaya,Rotten,Rotten,99.35,True
D:/VIT TY SEM5/ML Project/FOODFRESHAI/data/raw/AgriFreshNET Freshness and Shelf-Life Image Datase/Processed Data/Processed Data/Rotten Papaya(7-12)/aug_118_IMG_20251202_021441.jpg,Papaya,Rotten,Rotten,100.0,True
D:/VIT TY SEM5/ML Project/FOODFRESHAI/data/raw/AgriFreshNET Freshness and Shelf-Life Image Datase/Processed Data/Processed Data/Rotten Papaya(7-12)/aug_119_IMG_20260123_013623.jpg,Papaya,Rotten,Semi-Fresh,99.24,False
D:/VIT TY SEM5/ML Project/FOODFRESHAI/data/raw/AgriFreshNET Freshness and Shelf-Life Image Datase/Processed Data/Processed Data/Rotten Papaya(7-12)/aug_12_IMG_20260123_013656.jpg,Papaya,Rotten,Rotten,99.7,True
D:/VIT TY SEM5/ML Project/FOODFRESHAI/data/raw/AgriFreshNET Freshness and Shelf-Life Image Datase/Processed Data/Processed Data/Rotten Papaya(7-12)/aug_130_IMG_20260130_163540.jpg,Papaya,Rotten,Rotten,99.99,True
D:/VIT TY SEM5/ML Project/FOODFRESHAI/data/raw/AgriFreshNET Freshness and Shelf-Life Image Datase/Processed Data/Processed Data/Rotten Papaya(7-12)/aug_133_IMG_20260130_163359.jpg,Papaya,Rotten,Rotten,100.0,True
D:/VIT TY SEM5/ML Project/FOODFRESHAI/data/raw/AgriFreshNET Freshness and Shelf-Life Image Datase/Processed Data/Processed Data/Rotten Papaya(7-12)/aug_153_IMG_20260123_013611.jpg,Papaya,Rotten,Rotten,99.4,True
D:/VIT TY SEM5/ML Project/FOODFRESHAI/data/raw/AgriFreshNET Freshness and Shelf-Life Image Datase/Processed Data/Processed Data/Rotten Papaya(7-12)/aug_154_IMG_20260209_011131.jpg,Papaya,Rotten,Rotten,100.0,True
D:/VIT TY SEM5/ML Project/FOODFRESHAI/data/raw/AgriFreshNET Freshness and Shelf-Life Image Datase/Processed Data/Processed Data/Rotten Papaya(7-12)/aug_156_IMG_20251202_021230.jpg,Papaya,Rotten,Rotten,85.44,True
D:/VIT TY SEM5/ML Project/FOODFRESHAI/data/raw/AgriFreshNET Freshness and Shelf-Life Image Datase/Processed Data/Processed Data/Rotten Papaya(7-12)/aug_183_IMG_20251202_021327.jpg,Papaya,Rotten,Rotten,98.79,True
D:/VIT TY SEM5/ML Project/FOODFRESHAI/data/raw/AgriFreshNET Freshness and Shelf-Life Image Datase/Processed Data/Processed Data/Rotten Papaya(7-12)/aug_184_IMG_20260130_163400_1.jpg,Papaya,Rotten,Rotten,99.97,True
D:/VIT TY SEM5/ML Project/FOODFRESHAI/data/raw/AgriFreshNET Freshness and Shelf-Life Image Datase/Processed Data/Processed Data/Rotten Papaya(7-12)/aug_185_IMG_20260130_163551_1.jpg,Papaya,Rotten,Rotten,97.47,True
D:/VIT TY SEM5/ML Project/FOODFRESHAI/data/raw/AgriFreshNET Freshness and Shelf-Life Image Datase/Processed Data/Processed Data/Rotten Papaya(7-12)/aug_186_IMG_20260122_002648.jpg,Papaya,Rotten,Fresh,79.39,False
D:/VIT TY SEM5/ML Project/FOODFRESHAI/data/raw/AgriFreshNET Freshness and Shelf-Life Image Datase/Processed Data/Processed Data/Rotten Papaya(7-12)/aug_188_IMG_20260130_163546_1.jpg,Papaya,Rotten,Rotten,98.57,True
D:/VIT TY SEM5/ML Project/FOODFRESHAI/data/raw/AgriFreshNET Freshness and Shelf-Life Image Datase/Processed Data/Processed Data/Rotten Papaya(7-12)/aug_18_IMG_20260130_163403.jpg,Papaya,Rotten,Rotten,99.98,True
D:/VIT TY SEM5/ML Project/FOODFRESHAI/data/raw/AgriFreshNET Freshness and Shelf-Life Image Datase/Processed Data/Processed Data/Rotten Papaya(7-12)/aug_1_IMG_20260202_032444_1.jpg,Papaya,Rotten,Rotten,100.0,True
D:/VIT TY SEM5/ML Project/FOODFRESHAI/data/raw/AgriFreshNET Freshness and Shelf-Life Image Datase/Processed Data/Processed Data/Rotten Papaya(7-12)/aug_200_IMG_20251202_021324.jpg,Papaya,Rotten,Rotten,98.62,True
D:/VIT TY SEM5/ML Project/FOODFRESHAI/data/raw/AgriFreshNET Freshness and Shelf-Life Image Datase/Processed Data/Processed Data/Rotten Papaya(7-12)/aug_207_IMG_20260130_163457.jpg,Papaya,Rotten,Rotten,99.94,True
D:/VIT TY SEM5/ML Project/FOODFRESHAI/data/raw/AgriFreshNET Freshness and Shelf-Life Image Datase/Processed Data/Processed Data/Rotten Papaya(7-12)/aug_226_IMG_20260123_013656_1.jpg,Papaya,Rotten,Rotten,99.88,True
D:/VIT TY SEM5/ML Project/FOODFRESHAI/data/raw/AgriFreshNET Freshness and Shelf-Life Image Datase/Processed Data/Processed Data/Rotten Papaya(7-12)/aug_229_IMG_20260123_013642.jpg,Papaya,Rotten,Rotten,99.81,True
D:/VIT TY SEM5/ML Project/FOODFRESHAI/data/raw/AgriFreshNET Freshness and Shelf-Life Image Datase/Processed Data/Processed Data/Rotten Papaya(7-12)/aug_231_IMG_20260122_002648.jpg,Papaya,Rotten,Fresh,95.94,False
D:/VIT TY SEM5/ML Project/FOODFRESHAI/data/raw/AgriFreshNET Freshness and Shelf-Life Image Datase/Processed Data/Processed Data/Rotten Papaya(7-12)/aug_234_IMG_20260209_011118_1.jpg,Papaya,Rotten,Rotten,99.99,True
D:/VIT TY SEM5/ML Project/FOODFRESHAI/data/raw/AgriFreshNET Freshness and Shelf-Life Image Datase/Processed Data/Processed Data/Rotten Papaya(7-12)/aug_253_IMG_20260122_002544.jpg,Papaya,Rotten,Rotten,91.37,True
D:/VIT TY SEM5/ML Project/FOODFRESHAI/data/raw/AgriFreshNET Freshness and Shelf-Life Image Datase/Processed Data/Processed Data/Rotten Papaya(7-12)/aug_26_IMG_20260123_013642.jpg,Papaya,Rotten,Rotten,99.78,True
D:/VIT TY SEM5/ML Project/FOODFRESHAI/data/raw/AgriFreshNET Freshness and Shelf-Life Image Datase/Processed Data/Processed Data/Rotten Papaya(7-12)/aug_2_IMG_20251202_021441.jpg,Papaya,Rotten,Rotten,100.0,True
D:/VIT TY SEM5/ML Project/FOODFRESHAI/data/raw/AgriFreshNET Freshness and Shelf-Life Image Datase/Processed Data/Processed Data/Rotten Papaya(7-12)/aug_33_IMG_20260123_013659.jpg,Papaya,Rotten,Rotten,97.47,True
D:/VIT TY SEM5/ML Project/FOODFRESHAI/data/raw/AgriFreshNET Freshness and Shelf-Life Image Datase/Processed Data/Processed Data/Rotten Papaya(7-12)/aug_42_IMG_20251202_021341.jpg,Papaya,Rotten,Rotten,99.28,True
D:/VIT TY SEM5/ML Project/FOODFRESHAI/data/raw/AgriFreshNET Freshness and Shelf-Life Image Datase/Processed Data/Processed Data/Rotten Papaya(7-12)/aug_50_IMG_20260123_013642.jpg,Papaya,Rotten,Rotten,99.87,True
D:/VIT TY SEM5/ML Project/FOODFRESHAI/data/raw/AgriFreshNET Freshness and Shelf-Life Image Datase/Processed Data/Processed Data/Rotten Papaya(7-12)/aug_57_IMG_20251202_021712.jpg,Papaya,Rotten,Rotten,99.93,True
D:/VIT TY SEM5/ML Project/FOODFRESHAI/data/raw/AgriFreshNET Freshness and Shelf-Life Image Datase/Processed Data/Processed Data/Rotten Papaya(7-12)/aug_5_IMG_20260123_013656_1.jpg,Papaya,Rotten,Rotten,99.97,True
D:/VIT TY SEM5/ML Project/FOODFRESHAI/data/raw/AgriFreshNET Freshness and Shelf-Life Image Datase/Processed Data/Processed Data/Rotten Papaya(7-12)/aug_61_IMG_20260123_013612.jpg,Papaya,Rotten,Rotten,93.86,True
D:/VIT TY SEM5/ML Project/FOODFRESHAI/data/raw/AgriFreshNET Freshness and Shelf-Life Image Datase/Processed Data/Processed Data/Rotten Papaya(7-12)/aug_64_IMG_20260123_013608_1.jpg,Papaya,Rotten,Rotten,98.74,True
D:/VIT TY SEM5/ML Project/FOODFRESHAI/data/raw/AgriFreshNET Freshness and Shelf-Life Image Datase/Processed Data/Processed Data/Rotten Papaya(7-12)/aug_67_IMG_20251202_021327.jpg,Papaya,Rotten,Rotten,90.13,True
D:/VIT TY SEM5/ML Project/FOODFRESHAI/data/raw/AgriFreshNET Freshness and Shelf-Life Image Datase/Processed Data/Processed Data/Rotten Papaya(7-12)/aug_6_IMG_20260202_032742.jpg,Papaya,Rotten,Rotten,99.38,True
D:/VIT TY SEM5/ML Project/FOODFRESHAI/data/raw/AgriFreshNET Freshness and Shelf-Life Image Datase/Processed Data/Processed Data/Rotten Papaya(7-12)/aug_79_IMG_20260123_013658.jpg,Papaya,Rotten,Rotten,94.91,True
D:/VIT TY SEM5/ML Project/FOODFRESHAI/data/raw/AgriFreshNET Freshness and Shelf-Life Image Datase/Processed Data/Processed Data/Rotten Papaya(7-12)/aug_95_IMG_20260130_163403.jpg,Papaya,Rotten,Rotten,99.99,True
D:/VIT TY SEM5/ML Project/FOODFRESHAI/data/raw/AgriFreshNET Freshness and Shelf-Life Image Datase/Processed Data/Processed Data/Rotten Papaya(7-12)/IMG_20251202_021230.jpg,Papaya,Rotten,Semi-Fresh,56.93,False
D:/VIT TY SEM5/ML Project/FOODFRESHAI/data/raw/AgriFreshNET Freshness and Shelf-Life Image Datase/Processed Data/Processed Data/Rotten Papaya(7-12)/IMG_20251202_021247.jpg,Papaya,Rotten,Rotten,99.99,True
D:/VIT TY SEM5/ML Project/FOODFRESHAI/data/raw/AgriFreshNET Freshness and Shelf-Life Image Datase/Processed Data/Processed Data/Rotten Papaya(7-12)/IMG_20251202_021303.jpg,Papaya,Rotten,Rotten,99.85,True
D:/VIT TY SEM5/ML Project/FOODFRESHAI/data/raw/AgriFreshNET Freshness and Shelf-Life Image Datase/Processed Data/Processed Data/Rotten Papaya(7-12)/IMG_20251202_021324.jpg,Papaya,Rotten,Rotten,93.67,True
D:/VIT TY SEM5/ML Project/FOODFRESHAI/data/raw/AgriFreshNET Freshness and Shelf-Life Image Datase/Processed Data/Processed Data/Rotten Papaya(7-12)/IMG_20251202_021327.jpg,Papaya,Rotten,Rotten,96.96,True
D:/VIT TY SEM5/ML Project/FOODFRESHAI/data/raw/AgriFreshNET Freshness and Shelf-Life Image Datase/Processed Data/Processed Data/Rotten Papaya(7-12)/IMG_20251202_021341.jpg,Papaya,Rotten,Rotten,99.03,True
D:/VIT TY SEM5/ML Project/FOODFRESHAI/data/raw/AgriFreshNET Freshness and Shelf-Life Image Datase/Processed Data/Processed Data/Rotten Papaya(7-12)/IMG_20251202_021441.jpg,Papaya,Rotten,Rotten,100.0,True
D:/VIT TY SEM5/ML Project/FOODFRESHAI/data/raw/AgriFreshNET Freshness and Shelf-Life Image Datase/Processed Data/Processed Data/Rotten Papaya(7-12)/IMG_20251202_021712.jpg,Papaya,Rotten,Rotten,99.9,True
D:/VIT TY SEM5/ML Project/FOODFRESHAI/data/raw/AgriFreshNET Freshness and Shelf-Life Image Datase/Processed Data/Processed Data/Rotten Papaya(7-12)/IMG_20251202_021749.jpg,Papaya,Rotten,Rotten,99.55,True
D:/VIT TY SEM5/ML Project/FOODFRESHAI/data/raw/AgriFreshNET Freshness and Shelf-Life Image Datase/Processed Data/Processed Data/Rotten Papaya(7-12)/IMG_20251202_021854.jpg,Papaya,Rotten,Rotten,99.96,True
D:/VIT TY SEM5/ML Project/FOODFRESHAI/data/raw/AgriFreshNET Freshness and Shelf-Life Image Datase/Processed Data/Processed Data/Rotten Papaya(7-12)/IMG_20260122_002544.jpg,Papaya,Rotten,Rotten,90.98,True
D:/VIT TY SEM5/ML Project/FOODFRESHAI/data/raw/AgriFreshNET Freshness and Shelf-Life Image Datase/Processed Data/Processed Data/Rotten Papaya(7-12)/IMG_20260122_002648.jpg,Papaya,Rotten,Fresh,65.27,False
D:/VIT TY SEM5/ML Project/FOODFRESHAI/data/raw/AgriFreshNET Freshness and Shelf-Life Image Datase/Processed Data/Processed Data/Rotten Papaya(7-12)/IMG_20260123_013608_1.jpg,Papaya,Rotten,Rotten,98.37,True
D:/VIT TY SEM5/ML Project/FOODFRESHAI/data/raw/AgriFreshNET Freshness and Shelf-Life Image Datase/Processed Data/Processed Data/Rotten Papaya(7-12)/IMG_20260123_013611.jpg,Papaya,Rotten,Rotten,99.24,True
D:/VIT TY SEM5/ML Project/FOODFRESHAI/data/raw/AgriFreshNET Freshness and Shelf-Life Image Datase/Processed Data/Processed Data/Rotten Papaya(7-12)/IMG_20260123_013612.jpg,Papaya,Rotten,Rotten,93.13,True
D:/VIT TY SEM5/ML Project/FOODFRESHAI/data/raw/AgriFreshNET Freshness and Shelf-Life Image Datase/Processed Data/Processed Data/Rotten Papaya(7-12)/IMG_20260123_013623.jpg,Papaya,Rotten,Semi-Fresh,99.5,False
D:/VIT TY SEM5/ML Project/FOODFRESHAI/data/raw/AgriFreshNET Freshness and Shelf-Life Image Datase/Processed Data/Processed Data/Rotten Papaya(7-12)/IMG_20260123_013642.jpg,Papaya,Rotten,Rotten,99.83,True
D:/VIT TY SEM5/ML Project/FOODFRESHAI/data/raw/AgriFreshNET Freshness and Shelf-Life Image Datase/Processed Data/Processed Data/Rotten Papaya(7-12)/IMG_20260123_013646.jpg,Papaya,Rotten,Rotten,99.1,True
D:/VIT TY SEM5/ML Project/FOODFRESHAI/data/raw/AgriFreshNET Freshness and Shelf-Life Image Datase/Processed Data/Processed Data/Rotten Papaya(7-12)/IMG_20260123_013648.jpg,Papaya,Rotten,Rotten,99.96,True
D:/VIT TY SEM5/ML Project/FOODFRESHAI/data/raw/AgriFreshNET Freshness and Shelf-Life Image Datase/Processed Data/Processed Data/Rotten Papaya(7-12)/IMG_20260123_013656.jpg,Papaya,Rotten,Rotten,99.85,True
D:/VIT TY SEM5/ML Project/FOODFRESHAI/data/raw/AgriFreshNET Freshness and Shelf-Life Image Datase/Processed Data/Processed Data/Rotten Papaya(7-12)/IMG_20260123_013656_1.jpg,Papaya,Rotten,Rotten,99.95,True
D:/VIT TY SEM5/ML Project/FOODFRESHAI/data/raw/AgriFreshNET Freshness and Shelf-Life Image Datase/Processed Data/Processed Data/Rotten Papaya(7-12)/IMG_20260123_013658.jpg,Papaya,Rotten,Rotten,95.29,True
D:/VIT TY SEM5/ML Project/FOODFRESHAI/data/raw/AgriFreshNET Freshness and Shelf-Life Image Datase/Processed Data/Processed Data/Rotten Papaya(7-12)/IMG_20260123_013659.jpg,Papaya,Rotten,Rotten,97.69,True
D:/VIT TY SEM5/ML Project/FOODFRESHAI/data/raw/AgriFreshNET Freshness and Shelf-Life Image Datase/Processed Data/Processed Data/Rotten Papaya(7-12)/IMG_20260123_013703.jpg,Papaya,Rotten,Rotten,99.44,True
D:/VIT TY SEM5/ML Project/FOODFRESHAI/data/raw/AgriFreshNET Freshness and Shelf-Life Image Datase/Processed Data/Processed Data/Rotten Papaya(7-12)/IMG_20260123_013706.jpg,Papaya,Rotten,Rotten,99.98,True
D:/VIT TY SEM5/ML Project/FOODFRESHAI/data/raw/AgriFreshNET Freshness and Shelf-Life Image Datase/Processed Data/Processed Data/Rotten Papaya(7-12)/IMG_20260125_005156_1.jpg,Papaya,Rotten,Rotten,96.28,True
D:/VIT TY SEM5/ML Project/FOODFRESHAI/data/raw/AgriFreshNET Freshness and Shelf-Life Image Datase/Processed Data/Processed Data/Rotten Papaya(7-12)/IMG_20260130_163359.jpg,Papaya,Rotten,Rotten,100.0,True
D:/VIT TY SEM5/ML Project/FOODFRESHAI/data/raw/AgriFreshNET Freshness and Shelf-Life Image Datase/Processed Data/Processed Data/Rotten Papaya(7-12)/IMG_20260130_163400_1.jpg,Papaya,Rotten,Rotten,99.95,True
D:/VIT TY SEM5/ML Project/FOODFRESHAI/data/raw/AgriFreshNET Freshness and Shelf-Life Image Datase/Processed Data/Processed Data/Rotten Papaya(7-12)/IMG_20260130_163403.jpg,Papaya,Rotten,Rotten,99.98,True
D:/VIT TY SEM5/ML Project/FOODFRESHAI/data/raw/AgriFreshNET Freshness and Shelf-Life Image Datase/Processed Data/Processed Data/Rotten Papaya(7-12)/IMG_20260130_163429.jpg,Papaya,Rotten,Rotten,99.99,True
D:/VIT TY SEM5/ML Project/FOODFRESHAI/data/raw/AgriFreshNET Freshness and Shelf-Life Image Datase/Processed Data/Processed Data/Rotten Papaya(7-12)/IMG_20260130_163437.jpg,Papaya,Rotten,Rotten,99.75,True
D:/VIT TY SEM5/ML Project/FOODFRESHAI/data/raw/AgriFreshNET Freshness and Shelf-Life Image Datase/Processed Data/Processed Data/Rotten Papaya(7-12)/IMG_20260130_163438.jpg,Papaya,Rotten,Rotten,99.77,True
D:/VIT TY SEM5/ML Project/FOODFRESHAI/data/raw/AgriFreshNET Freshness and Shelf-Life Image Datase/Processed Data/Processed Data/Rotten Papaya(7-12)/IMG_20260130_163457.jpg,Papaya,Rotten,Rotten,99.97,True
D:/VIT TY SEM5/ML Project/FOODFRESHAI/data/raw/AgriFreshNET Freshness and Shelf-Life Image Datase/Processed Data/Processed Data/Rotten Papaya(7-12)/IMG_20260130_163459_1.jpg,Papaya,Rotten,Rotten,99.97,True
D:/VIT TY SEM5/ML Project/FOODFRESHAI/data/raw/AgriFreshNET Freshness and Shelf-Life Image Datase/Processed Data/Processed Data/Rotten Papaya(7-12)/IMG_20260130_163504.jpg,Papaya,Rotten,Rotten,100.0,True
D:/VIT TY SEM5/ML Project/FOODFRESHAI/data/raw/AgriFreshNET Freshness and Shelf-Life Image Datase/Processed Data/Processed Data/Rotten Papaya(7-12)/IMG_20260130_163540.jpg,Papaya,Rotten,Rotten,99.99,True
D:/VIT TY SEM5/ML Project/FOODFRESHAI/data/raw/AgriFreshNET Freshness and Shelf-Life Image Datase/Processed Data/Processed Data/Rotten Papaya(7-12)/IMG_20260130_163546_1.jpg,Papaya,Rotten,Rotten,99.99,True
D:/VIT TY SEM5/ML Project/FOODFRESHAI/data/raw/AgriFreshNET Freshness and Shelf-Life Image Datase/Processed Data/Processed Data/Rotten Papaya(7-12)/IMG_20260130_163551_1.jpg,Papaya,Rotten,Rotten,99.93,True
D:/VIT TY SEM5/ML Project/FOODFRESHAI/data/raw/AgriFreshNET Freshness and Shelf-Life Image Datase/Processed Data/Processed Data/Rotten Papaya(7-12)/IMG_20260130_163557.jpg,Papaya,Rotten,Rotten,100.0,True
D:/VIT TY SEM5/ML Project/FOODFRESHAI/data/raw/AgriFreshNET Freshness and Shelf-Life Image Datase/Processed Data/Processed Data/Rotten Papaya(7-12)/IMG_20260202_032444_1.jpg,Papaya,Rotten,Rotten,100.0,True
D:/VIT TY SEM5/ML Project/FOODFRESHAI/data/raw/AgriFreshNET Freshness and Shelf-Life Image Datase/Processed Data/Processed Data/Rotten Papaya(7-12)/IMG_20260202_032459.jpg,Papaya,Rotten,Rotten,99.89,True
D:/VIT TY SEM5/ML Project/FOODFRESHAI/data/raw/AgriFreshNET Freshness and Shelf-Life Image Datase/Processed Data/Processed Data/Rotten Papaya(7-12)/IMG_20260202_032523.jpg,Papaya,Rotten,Rotten,100.0,True
D:/VIT TY SEM5/ML Project/FOODFRESHAI/data/raw/AgriFreshNET Freshness and Shelf-Life Image Datase/Processed Data/Processed Data/Rotten Papaya(7-12)/IMG_20260202_032716.jpg,Papaya,Rotten,Rotten,99.99,True
D:/VIT TY SEM5/ML Project/FOODFRESHAI/data/raw/AgriFreshNET Freshness and Shelf-Life Image Datase/Processed Data/Processed Data/Rotten Papaya(7-12)/IMG_20260202_032720.jpg,Papaya,Rotten,Rotten,95.89,True
D:/VIT TY SEM5/ML Project/FOODFRESHAI/data/raw/AgriFreshNET Freshness and Shelf-Life Image Datase/Processed Data/Processed Data/Rotten Papaya(7-12)/IMG_20260202_032724.jpg,Papaya,Rotten,Rotten,99.95,True
D:/VIT TY SEM5/ML Project/FOODFRESHAI/data/raw/AgriFreshNET Freshness and Shelf-Life Image Datase/Processed Data/Processed Data/Rotten Papaya(7-12)/IMG_20260202_032742.jpg,Papaya,Rotten,Rotten,99.63,True
D:/VIT TY SEM5/ML Project/FOODFRESHAI/data/raw/AgriFreshNET Freshness and Shelf-Life Image Datase/Processed Data/Processed Data/Rotten Papaya(7-12)/IMG_20260209_011118.jpg,Papaya,Rotten,Rotten,99.99,True
D:/VIT TY SEM5/ML Project/FOODFRESHAI/data/raw/AgriFreshNET Freshness and Shelf-Life Image Datase/Processed Data/Processed Data/Rotten Papaya(7-12)/IMG_20260209_011118_1.jpg,Papaya,Rotten,Rotten,99.98,True
D:/VIT TY SEM5/ML Project/FOODFRESHAI/data/raw/AgriFreshNET Freshness and Shelf-Life Image Datase/Processed Data/Processed Data/Rotten Papaya(7-12)/IMG_20260209_011125.jpg,Papaya,Rotten,Rotten,100.0,True
D:/VIT TY SEM5/ML Project/FOODFRESHAI/data/raw/AgriFreshNET Freshness and Shelf-Life Image Datase/Processed Data/Processed Data/Rotten Papaya(7-12)/IMG_20260209_011131.jpg,Papaya,Rotten,Rotten,100.0,True
D:/VIT TY SEM5/ML Project/FOODFRESHAI/data/raw/AgriFreshNET Freshness and Shelf-Life Image Datase/Processed Data/Processed Data/Rotten Pineapple(25-35)/aug_105_IMG-20260128-WA0071.jpg,Pineapple,Rotten,Rotten,100.0,True
D:/VIT TY SEM5/ML Project/FOODFRESHAI/data/raw/AgriFreshNET Freshness and Shelf-Life Image Datase/Processed Data/Processed Data/Rotten Pineapple(25-35)/aug_107_IMG-20251230-WA0001.jpg,Pineapple,Rotten,Rotten,99.83,True
D:/VIT TY SEM5/ML Project/FOODFRESHAI/data/raw/AgriFreshNET Freshness and Shelf-Life Image Datase/Processed Data/Processed Data/Rotten Pineapple(25-35)/aug_114_IMG_20251126_194152619_HDR.jpg,Pineapple,Rotten,Rotten,99.98,True
D:/VIT TY SEM5/ML Project/FOODFRESHAI/data/raw/AgriFreshNET Freshness and Shelf-Life Image Datase/Processed Data/Processed Data/Rotten Pineapple(25-35)/aug_116_IMG-20251215-WA0033.jpg,Pineapple,Rotten,Rotten,100.0,True
D:/VIT TY SEM5/ML Project/FOODFRESHAI/data/raw/AgriFreshNET Freshness and Shelf-Life Image Datase/Processed Data/Processed Data/Rotten Pineapple(25-35)/aug_127_IMG-20251230-WA0001.jpg,Pineapple,Rotten,Rotten,99.81,True
D:/VIT TY SEM5/ML Project/FOODFRESHAI/data/raw/AgriFreshNET Freshness and Shelf-Life Image Datase/Processed Data/Processed Data/Rotten Pineapple(25-35)/aug_129_IMG-20251230-WA0025.jpg,Pineapple,Rotten,Rotten,57.79,True
D:/VIT TY SEM5/ML Project/FOODFRESHAI/data/raw/AgriFreshNET Freshness and Shelf-Life Image Datase/Processed Data/Processed Data/Rotten Pineapple(25-35)/aug_131_IMG-20251230-WA0001.jpg,Pineapple,Rotten,Rotten,99.81,True
D:/VIT TY SEM5/ML Project/FOODFRESHAI/data/raw/AgriFreshNET Freshness and Shelf-Life Image Datase/Processed Data/Processed Data/Rotten Pineapple(25-35)/aug_141_IMG-20260128-WA0033.jpg,Pineapple,Rotten,Rotten,98.15,True
D:/VIT TY SEM5/ML Project/FOODFRESHAI/data/raw/AgriFreshNET Freshness and Shelf-Life Image Datase/Processed Data/Processed Data/Rotten Pineapple(25-35)/aug_145_IMG-20260128-WA0061.jpg,Pineapple,Rotten,Rotten,99.99,True
D:/VIT TY SEM5/ML Project/FOODFRESHAI/data/raw/AgriFreshNET Freshness and Shelf-Life Image Datase/Processed Data/Processed Data/Rotten Pineapple(25-35)/aug_146_IMG-20260128-WA0028.jpg,Pineapple,Rotten,Rotten,100.0,True
D:/VIT TY SEM5/ML Project/FOODFRESHAI/data/raw/AgriFreshNET Freshness and Shelf-Life Image Datase/Processed Data/Processed Data/Rotten Pineapple(25-35)/aug_148_IMG-20260128-WA0035.jpg,Pineapple,Rotten,Rotten,99.79,True
D:/VIT TY SEM5/ML Project/FOODFRESHAI/data/raw/AgriFreshNET Freshness and Shelf-Life Image Datase/Processed Data/Processed Data/Rotten Pineapple(25-35)/aug_153_IMG_20251127_193407261_HDR.jpg,Pineapple,Rotten,Rotten,100.0,True
D:/VIT TY SEM5/ML Project/FOODFRESHAI/data/raw/AgriFreshNET Freshness and Shelf-Life Image Datase/Processed Data/Processed Data/Rotten Pineapple(25-35)/aug_154_IMG-20251230-WA0018.jpg,Pineapple,Rotten,Rotten,99.86,True
D:/VIT TY SEM5/ML Project/FOODFRESHAI/data/raw/AgriFreshNET Freshness and Shelf-Life Image Datase/Processed Data/Processed Data/Rotten Pineapple(25-35)/aug_162_IMG-20260128-WA0029.jpg,Pineapple,Rotten,Rotten,99.63,True
D:/VIT TY SEM5/ML Project/FOODFRESHAI/data/raw/AgriFreshNET Freshness and Shelf-Life Image Datase/Processed Data/Processed Data/Rotten Pineapple(25-35)/aug_176_IMG-20260128-WA0029.jpg,Pineapple,Rotten,Rotten,99.98,True
D:/VIT TY SEM5/ML Project/FOODFRESHAI/data/raw/AgriFreshNET Freshness and Shelf-Life Image Datase/Processed Data/Processed Data/Rotten Pineapple(25-35)/aug_178_IMG-20260128-WA0061.jpg,Pineapple,Rotten,Rotten,99.96,True
D:/VIT TY SEM5/ML Project/FOODFRESHAI/data/raw/AgriFreshNET Freshness and Shelf-Life Image Datase/Processed Data/Processed Data/Rotten Pineapple(25-35)/aug_188_IMG-20260130-WA0109.jpg,Pineapple,Rotten,Rotten,99.98,True
D:/VIT TY SEM5/ML Project/FOODFRESHAI/data/raw/AgriFreshNET Freshness and Shelf-Life Image Datase/Processed Data/Processed Data/Rotten Pineapple(25-35)/aug_195_IMG-20260128-WA0033.jpg,Pineapple,Rotten,Rotten,99.85,True
D:/VIT TY SEM5/ML Project/FOODFRESHAI/data/raw/AgriFreshNET Freshness and Shelf-Life Image Datase/Processed Data/Processed Data/Rotten Pineapple(25-35)/aug_198_IMG_20251126_194152619_HDR.jpg,Pineapple,Rotten,Rotten,100.0,True
D:/VIT TY SEM5/ML Project/FOODFRESHAI/data/raw/AgriFreshNET Freshness and Shelf-Life Image Datase/Processed Data/Processed Data/Rotten Pineapple(25-35)/aug_206_IMG-20260128-WA0076.jpg,Pineapple,Rotten,Rotten,100.0,True
D:/VIT TY SEM5/ML Project/FOODFRESHAI/data/raw/AgriFreshNET Freshness and Shelf-Life Image Datase/Processed Data/Processed Data/Rotten Pineapple(25-35)/aug_213_IMG-20260130-WA0117.jpg,Pineapple,Rotten,Rotten,99.84,True
D:/VIT TY SEM5/ML Project/FOODFRESHAI/data/raw/AgriFreshNET Freshness and Shelf-Life Image Datase/Processed Data/Processed Data/Rotten Pineapple(25-35)/aug_214_IMG-20251227-WA0022.jpg,Pineapple,Rotten,Fresh,80.24,False
D:/VIT TY SEM5/ML Project/FOODFRESHAI/data/raw/AgriFreshNET Freshness and Shelf-Life Image Datase/Processed Data/Processed Data/Rotten Pineapple(25-35)/aug_217_IMG-20260130-WA0105.jpg,Pineapple,Rotten,Rotten,99.99,True
D:/VIT TY SEM5/ML Project/FOODFRESHAI/data/raw/AgriFreshNET Freshness and Shelf-Life Image Datase/Processed Data/Processed Data/Rotten Pineapple(25-35)/aug_220_IMG-20260130-WA0109.jpg,Pineapple,Rotten,Rotten,99.97,True
D:/VIT TY SEM5/ML Project/FOODFRESHAI/data/raw/AgriFreshNET Freshness and Shelf-Life Image Datase/Processed Data/Processed Data/Rotten Pineapple(25-35)/aug_227_IMG-20260130-WA0105.jpg,Pineapple,Rotten,Rotten,99.99,True
D:/VIT TY SEM5/ML Project/FOODFRESHAI/data/raw/AgriFreshNET Freshness and Shelf-Life Image Datase/Processed Data/Processed Data/Rotten Pineapple(25-35)/aug_237_IMG-20260130-WA0138.jpg,Pineapple,Rotten,Rotten,99.98,True
D:/VIT TY SEM5/ML Project/FOODFRESHAI/data/raw/AgriFreshNET Freshness and Shelf-Life Image Datase/Processed Data/Processed Data/Rotten Pineapple(25-35)/aug_243_IMG-20251230-WA0010.jpg,Pineapple,Rotten,Rotten,99.62,True
D:/VIT TY SEM5/ML Project/FOODFRESHAI/data/raw/AgriFreshNET Freshness and Shelf-Life Image Datase/Processed Data/Processed Data/Rotten Pineapple(25-35)/aug_245_IMG-20251230-WA0018.jpg,Pineapple,Rotten,Rotten,99.95,True
D:/VIT TY SEM5/ML Project/FOODFRESHAI/data/raw/AgriFreshNET Freshness and Shelf-Life Image Datase/Processed Data/Processed Data/Rotten Pineapple(25-35)/aug_249_IMG-20251230-WA0025.jpg,Pineapple,Rotten,Rotten,64.34,True
D:/VIT TY SEM5/ML Project/FOODFRESHAI/data/raw/AgriFreshNET Freshness and Shelf-Life Image Datase/Processed Data/Processed Data/Rotten Pineapple(25-35)/aug_250_IMG-20260128-WA0061.jpg,Pineapple,Rotten,Rotten,99.98,True
D:/VIT TY SEM5/ML Project/FOODFRESHAI/data/raw/AgriFreshNET Freshness and Shelf-Life Image Datase/Processed Data/Processed Data/Rotten Pineapple(25-35)/aug_277_IMG-20251227-WA0038.jpg,Pineapple,Rotten,Fresh,91.32,False
D:/VIT TY SEM5/ML Project/FOODFRESHAI/data/raw/AgriFreshNET Freshness and Shelf-Life Image Datase/Processed Data/Processed Data/Rotten Pineapple(25-35)/aug_294_IMG_20251126_194147358_HDR.jpg,Pineapple,Rotten,Rotten,99.99,True
D:/VIT TY SEM5/ML Project/FOODFRESHAI/data/raw/AgriFreshNET Freshness and Shelf-Life Image Datase/Processed Data/Processed Data/Rotten Pineapple(25-35)/aug_308_IMG-20260128-WA0071.jpg,Pineapple,Rotten,Rotten,100.0,True
D:/VIT TY SEM5/ML Project/FOODFRESHAI/data/raw/AgriFreshNET Freshness and Shelf-Life Image Datase/Processed Data/Processed Data/Rotten Pineapple(25-35)/aug_31_IMG_20251201_133536554_HDR.jpg,Pineapple,Rotten,Rotten,99.99,True
D:/VIT TY SEM5/ML Project/FOODFRESHAI/data/raw/AgriFreshNET Freshness and Shelf-Life Image Datase/Processed Data/Processed Data/Rotten Pineapple(25-35)/aug_324_IMG_20251127_193348000_HDR.jpg,Pineapple,Rotten,Rotten,99.99,True
D:/VIT TY SEM5/ML Project/FOODFRESHAI/data/raw/AgriFreshNET Freshness and Shelf-Life Image Datase/Processed Data/Processed Data/Rotten Pineapple(25-35)/aug_329_IMG-20260130-WA0130.jpg,Pineapple,Rotten,Rotten,96.59,True
D:/VIT TY SEM5/ML Project/FOODFRESHAI/data/raw/AgriFreshNET Freshness and Shelf-Life Image Datase/Processed Data/Processed Data/Rotten Pineapple(25-35)/aug_332_IMG-20251230-WA0008.jpg,Pineapple,Rotten,Rotten,99.99,True
D:/VIT TY SEM5/ML Project/FOODFRESHAI/data/raw/AgriFreshNET Freshness and Shelf-Life Image Datase/Processed Data/Processed Data/Rotten Pineapple(25-35)/aug_335_IMG-20251215-WA0033.jpg,Pineapple,Rotten,Rotten,99.99,True
D:/VIT TY SEM5/ML Project/FOODFRESHAI/data/raw/AgriFreshNET Freshness and Shelf-Life Image Datase/Processed Data/Processed Data/Rotten Pineapple(25-35)/aug_344_IMG_20251126_194206023_HDR.jpg,Pineapple,Rotten,Rotten,99.97,True
D:/VIT TY SEM5/ML Project/FOODFRESHAI/data/raw/AgriFreshNET Freshness and Shelf-Life Image Datase/Processed Data/Processed Data/Rotten Pineapple(25-35)/aug_348_IMG-20251230-WA0001.jpg,Pineapple,Rotten,Rotten,99.98,True
D:/VIT TY SEM5/ML Project/FOODFRESHAI/data/raw/AgriFreshNET Freshness and Shelf-Life Image Datase/Processed Data/Processed Data/Rotten Pineapple(25-35)/aug_351_IMG-20260128-WA0029.jpg,Pineapple,Rotten,Rotten,99.97,True
D:/VIT TY SEM5/ML Project/FOODFRESHAI/data/raw/AgriFreshNET Freshness and Shelf-Life Image Datase/Processed Data/Processed Data/Rotten Pineapple(25-35)/aug_353_IMG-20260128-WA0076.jpg,Pineapple,Rotten,Rotten,99.99,True
D:/VIT TY SEM5/ML Project/FOODFRESHAI/data/raw/AgriFreshNET Freshness and Shelf-Life Image Datase/Processed Data/Processed Data/Rotten Pineapple(25-35)/aug_371_IMG-20260128-WA0033.jpg,Pineapple,Rotten,Rotten,99.94,True
D:/VIT TY SEM5/ML Project/FOODFRESHAI/data/raw/AgriFreshNET Freshness and Shelf-Life Image Datase/Processed Data/Processed Data/Rotten Pineapple(25-35)/aug_374_IMG-20251227-WA0022.jpg,Pineapple,Rotten,Fresh,82.45,False
D:/VIT TY SEM5/ML Project/FOODFRESHAI/data/raw/AgriFreshNET Freshness and Shelf-Life Image Datase/Processed Data/Processed Data/Rotten Pineapple(25-35)/aug_38_IMG_20251127_193348000_HDR.jpg,Pineapple,Rotten,Rotten,100.0,True
D:/VIT TY SEM5/ML Project/FOODFRESHAI/data/raw/AgriFreshNET Freshness and Shelf-Life Image Datase/Processed Data/Processed Data/Rotten Pineapple(25-35)/aug_45_IMG-20251230-WA0008.jpg,Pineapple,Rotten,Rotten,99.95,True
D:/VIT TY SEM5/ML Project/FOODFRESHAI/data/raw/AgriFreshNET Freshness and Shelf-Life Image Datase/Processed Data/Processed Data/Rotten Pineapple(25-35)/aug_48_IMG-20260128-WA0061.jpg,Pineapple,Rotten,Rotten,99.98,True
D:/VIT TY SEM5/ML Project/FOODFRESHAI/data/raw/AgriFreshNET Freshness and Shelf-Life Image Datase/Processed Data/Processed Data/Rotten Pineapple(25-35)/aug_60_IMG-20251230-WA0025.jpg,Pineapple,Rotten,Fresh,73.05,False
D:/VIT TY SEM5/ML Project/FOODFRESHAI/data/raw/AgriFreshNET Freshness and Shelf-Life Image Datase/Processed Data/Processed Data/Rotten Pineapple(25-35)/aug_64_IMG-20260128-WA0061.jpg,Pineapple,Rotten,Rotten,99.98,True
D:/VIT TY SEM5/ML Project/FOODFRESHAI/data/raw/AgriFreshNET Freshness and Shelf-Life Image Datase/Processed Data/Processed Data/Rotten Pineapple(25-35)/aug_6_IMG-20260128-WA0071.jpg,Pineapple,Rotten,Rotten,100.0,True
D:/VIT TY SEM5/ML Project/FOODFRESHAI/data/raw/AgriFreshNET Freshness and Shelf-Life Image Datase/Processed Data/Processed Data/Rotten Pineapple(25-35)/aug_74_IMG-20251230-WA0010.jpg,Pineapple,Rotten,Rotten,99.52,True
D:/VIT TY SEM5/ML Project/FOODFRESHAI/data/raw/AgriFreshNET Freshness and Shelf-Life Image Datase/Processed Data/Processed Data/Rotten Pineapple(25-35)/aug_79_IMG-20260130-WA0117.jpg,Pineapple,Rotten,Rotten,99.98,True
D:/VIT TY SEM5/ML Project/FOODFRESHAI/data/raw/AgriFreshNET Freshness and Shelf-Life Image Datase/Processed Data/Processed Data/Rotten Pineapple(25-35)/aug_82_IMG-20260130-WA0105.jpg,Pineapple,Rotten,Rotten,99.99,True
D:/VIT TY SEM5/ML Project/FOODFRESHAI/data/raw/AgriFreshNET Freshness and Shelf-Life Image Datase/Processed Data/Processed Data/Rotten Pineapple(25-35)/aug_83_IMG-20251230-WA0025.jpg,Pineapple,Rotten,Fresh,53.77,False
D:/VIT TY SEM5/ML Project/FOODFRESHAI/data/raw/AgriFreshNET Freshness and Shelf-Life Image Datase/Processed Data/Processed Data/Rotten Pineapple(25-35)/aug_87_IMG-20260130-WA0105.jpg,Pineapple,Rotten,Rotten,99.99,True
D:/VIT TY SEM5/ML Project/FOODFRESHAI/data/raw/AgriFreshNET Freshness and Shelf-Life Image Datase/Processed Data/Processed Data/Rotten Pineapple(25-35)/aug_92_IMG-20260128-WA0071.jpg,Pineapple,Rotten,Rotten,100.0,True
D:/VIT TY SEM5/ML Project/FOODFRESHAI/data/raw/AgriFreshNET Freshness and Shelf-Life Image Datase/Processed Data/Processed Data/Rotten Pineapple(25-35)/aug_95_IMG_20251127_193348000_HDR.jpg,Pineapple,Rotten,Rotten,100.0,True
D:/VIT TY SEM5/ML Project/FOODFRESHAI/data/raw/AgriFreshNET Freshness and Shelf-Life Image Datase/Processed Data/Processed Data/Rotten Pineapple(25-35)/IMG-20251215-WA0033.jpg,Pineapple,Rotten,Rotten,100.0,True
D:/VIT TY SEM5/ML Project/FOODFRESHAI/data/raw/AgriFreshNET Freshness and Shelf-Life Image Datase/Processed Data/Processed Data/Rotten Pineapple(25-35)/IMG-20251215-WA0036.jpg,Pineapple,Rotten,Rotten,100.0,True
D:/VIT TY SEM5/ML Project/FOODFRESHAI/data/raw/AgriFreshNET Freshness and Shelf-Life Image Datase/Processed Data/Processed Data/Rotten Pineapple(25-35)/IMG-20251215-WA0057.jpg,Pineapple,Rotten,Rotten,100.0,True
D:/VIT TY SEM5/ML Project/FOODFRESHAI/data/raw/AgriFreshNET Freshness and Shelf-Life Image Datase/Processed Data/Processed Data/Rotten Pineapple(25-35)/IMG-20251227-WA0016.jpg,Pineapple,Rotten,Rotten,67.35,True
D:/VIT TY SEM5/ML Project/FOODFRESHAI/data/raw/AgriFreshNET Freshness and Shelf-Life Image Datase/Processed Data/Processed Data/Rotten Pineapple(25-35)/IMG-20251227-WA0022.jpg,Pineapple,Rotten,Fresh,84.23,False
D:/VIT TY SEM5/ML Project/FOODFRESHAI/data/raw/AgriFreshNET Freshness and Shelf-Life Image Datase/Processed Data/Processed Data/Rotten Pineapple(25-35)/IMG-20251227-WA0038.jpg,Pineapple,Rotten,Fresh,98.58,False
D:/VIT TY SEM5/ML Project/FOODFRESHAI/data/raw/AgriFreshNET Freshness and Shelf-Life Image Datase/Processed Data/Processed Data/Rotten Pineapple(25-35)/IMG-20251230-WA0001.jpg,Pineapple,Rotten,Rotten,99.97,True
D:/VIT TY SEM5/ML Project/FOODFRESHAI/data/raw/AgriFreshNET Freshness and Shelf-Life Image Datase/Processed Data/Processed Data/Rotten Pineapple(25-35)/IMG-20251230-WA0008.jpg,Pineapple,Rotten,Rotten,99.98,True
D:/VIT TY SEM5/ML Project/FOODFRESHAI/data/raw/AgriFreshNET Freshness and Shelf-Life Image Datase/Processed Data/Processed Data/Rotten Pineapple(25-35)/IMG-20251230-WA0010.jpg,Pineapple,Rotten,Rotten,99.54,True
D:/VIT TY SEM5/ML Project/FOODFRESHAI/data/raw/AgriFreshNET Freshness and Shelf-Life Image Datase/Processed Data/Processed Data/Rotten Pineapple(25-35)/IMG-20251230-WA0018.jpg,Pineapple,Rotten,Rotten,99.97,True
D:/VIT TY SEM5/ML Project/FOODFRESHAI/data/raw/AgriFreshNET Freshness and Shelf-Life Image Datase/Processed Data/Processed Data/Rotten Pineapple(25-35)/IMG-20251230-WA0025.jpg,Pineapple,Rotten,Rotten,60.03,True
D:/VIT TY SEM5/ML Project/FOODFRESHAI/data/raw/AgriFreshNET Freshness and Shelf-Life Image Datase/Processed Data/Processed Data/Rotten Pineapple(25-35)/IMG-20260128-WA0028.jpg,Pineapple,Rotten,Rotten,100.0,True
D:/VIT TY SEM5/ML Project/FOODFRESHAI/data/raw/AgriFreshNET Freshness and Shelf-Life Image Datase/Processed Data/Processed Data/Rotten Pineapple(25-35)/IMG-20260128-WA0029.jpg,Pineapple,Rotten,Rotten,99.79,True
D:/VIT TY SEM5/ML Project/FOODFRESHAI/data/raw/AgriFreshNET Freshness and Shelf-Life Image Datase/Processed Data/Processed Data/Rotten Pineapple(25-35)/IMG-20260128-WA0033.jpg,Pineapple,Rotten,Rotten,99.95,True
D:/VIT TY SEM5/ML Project/FOODFRESHAI/data/raw/AgriFreshNET Freshness and Shelf-Life Image Datase/Processed Data/Processed Data/Rotten Pineapple(25-35)/IMG-20260128-WA0035.jpg,Pineapple,Rotten,Rotten,99.88,True
D:/VIT TY SEM5/ML Project/FOODFRESHAI/data/raw/AgriFreshNET Freshness and Shelf-Life Image Datase/Processed Data/Processed Data/Rotten Pineapple(25-35)/IMG-20260128-WA0037.jpg,Pineapple,Rotten,Rotten,100.0,True
D:/VIT TY SEM5/ML Project/FOODFRESHAI/data/raw/AgriFreshNET Freshness and Shelf-Life Image Datase/Processed Data/Processed Data/Rotten Pineapple(25-35)/IMG-20260128-WA0060.jpg,Pineapple,Rotten,Rotten,99.98,True
D:/VIT TY SEM5/ML Project/FOODFRESHAI/data/raw/AgriFreshNET Freshness and Shelf-Life Image Datase/Processed Data/Processed Data/Rotten Pineapple(25-35)/IMG-20260128-WA0061.jpg,Pineapple,Rotten,Rotten,99.98,True
D:/VIT TY SEM5/ML Project/FOODFRESHAI/data/raw/AgriFreshNET Freshness and Shelf-Life Image Datase/Processed Data/Processed Data/Rotten Pineapple(25-35)/IMG-20260128-WA0071.jpg,Pineapple,Rotten,Rotten,100.0,True
D:/VIT TY SEM5/ML Project/FOODFRESHAI/data/raw/AgriFreshNET Freshness and Shelf-Life Image Datase/Processed Data/Processed Data/Rotten Pineapple(25-35)/IMG-20260128-WA0076.jpg,Pineapple,Rotten,Rotten,100.0,True
D:/VIT TY SEM5/ML Project/FOODFRESHAI/data/raw/AgriFreshNET Freshness and Shelf-Life Image Datase/Processed Data/Processed Data/Rotten Pineapple(25-35)/IMG-20260128-WA0080.jpg,Pineapple,Rotten,Rotten,99.98,True
D:/VIT TY SEM5/ML Project/FOODFRESHAI/data/raw/AgriFreshNET Freshness and Shelf-Life Image Datase/Processed Data/Processed Data/Rotten Pineapple(25-35)/IMG-20260128-WA0081.jpg,Pineapple,Rotten,Rotten,99.97,True
D:/VIT TY SEM5/ML Project/FOODFRESHAI/data/raw/AgriFreshNET Freshness and Shelf-Life Image Datase/Processed Data/Processed Data/Rotten Pineapple(25-35)/IMG-20260130-WA0105.jpg,Pineapple,Rotten,Rotten,99.99,True
D:/VIT TY SEM5/ML Project/FOODFRESHAI/data/raw/AgriFreshNET Freshness and Shelf-Life Image Datase/Processed Data/Processed Data/Rotten Pineapple(25-35)/IMG-20260130-WA0109.jpg,Pineapple,Rotten,Rotten,99.99,True
D:/VIT TY SEM5/ML Project/FOODFRESHAI/data/raw/AgriFreshNET Freshness and Shelf-Life Image Datase/Processed Data/Processed Data/Rotten Pineapple(25-35)/IMG-20260130-WA0117.jpg,Pineapple,Rotten,Rotten,99.95,True
D:/VIT TY SEM5/ML Project/FOODFRESHAI/data/raw/AgriFreshNET Freshness and Shelf-Life Image Datase/Processed Data/Processed Data/Rotten Pineapple(25-35)/IMG-20260130-WA0130.jpg,Pineapple,Rotten,Rotten,99.91,True
D:/VIT TY SEM5/ML Project/FOODFRESHAI/data/raw/AgriFreshNET Freshness and Shelf-Life Image Datase/Processed Data/Processed Data/Rotten Pineapple(25-35)/IMG-20260130-WA0138.jpg,Pineapple,Rotten,Rotten,99.98,True
D:/VIT TY SEM5/ML Project/FOODFRESHAI/data/raw/AgriFreshNET Freshness and Shelf-Life Image Datase/Processed Data/Processed Data/Rotten Pineapple(25-35)/IMG_20251126_194147358_HDR.jpg,Pineapple,Rotten,Rotten,100.0,True
D:/VIT TY SEM5/ML Project/FOODFRESHAI/data/raw/AgriFreshNET Freshness and Shelf-Life Image Datase/Processed Data/Processed Data/Rotten Pineapple(25-35)/IMG_20251126_194152619_HDR.jpg,Pineapple,Rotten,Rotten,99.99,True
D:/VIT TY SEM5/ML Project/FOODFRESHAI/data/raw/AgriFreshNET Freshness and Shelf-Life Image Datase/Processed Data/Processed Data/Rotten Pineapple(25-35)/IMG_20251126_194206023_HDR.jpg,Pineapple,Rotten,Rotten,99.96,True
D:/VIT TY SEM5/ML Project/FOODFRESHAI/data/raw/AgriFreshNET Freshness and Shelf-Life Image Datase/Processed Data/Processed Data/Rotten Pineapple(25-35)/IMG_20251127_193348000_HDR.jpg,Pineapple,Rotten,Rotten,100.0,True
D:/VIT TY SEM5/ML Project/FOODFRESHAI/data/raw/AgriFreshNET Freshness and Shelf-Life Image Datase/Processed Data/Processed Data/Rotten Pineapple(25-35)/IMG_20251127_193407261_HDR.jpg,Pineapple,Rotten,Rotten,100.0,True
D:/VIT TY SEM5/ML Project/FOODFRESHAI/data/raw/AgriFreshNET Freshness and Shelf-Life Image Datase/Processed Data/Processed Data/Rotten Pineapple(25-35)/IMG_20251201_133536554_HDR.jpg,Pineapple,Rotten,Rotten,99.99,True
D:/VIT TY SEM5/ML Project/FOODFRESHAI/data/raw/AgriFreshNET Freshness and Shelf-Life Image Datase/Processed Data/Processed Data/Rotten Tomato(24-35)/aug_104_IMG_20260128_095302180_HDR_AE.jpg,Tomato,Rotten,Rotten,99.99,True
D:/VIT TY SEM5/ML Project/FOODFRESHAI/data/raw/AgriFreshNET Freshness and Shelf-Life Image Datase/Processed Data/Processed Data/Rotten Tomato(24-35)/aug_108_IMG_20251204_101521163_HDR_AE.jpg,Tomato,Rotten,Rotten,100.0,True
D:/VIT TY SEM5/ML Project/FOODFRESHAI/data/raw/AgriFreshNET Freshness and Shelf-Life Image Datase/Processed Data/Processed Data/Rotten Tomato(24-35)/aug_111_IMG_20251130_180751874_HDR.jpg,Tomato,Rotten,Rotten,99.99,True
D:/VIT TY SEM5/ML Project/FOODFRESHAI/data/raw/AgriFreshNET Freshness and Shelf-Life Image Datase/Processed Data/Processed Data/Rotten Tomato(24-35)/aug_116_IMG_20251119_200902355_HDR.jpg,Tomato,Rotten,Rotten,98.8,True
D:/VIT TY SEM5/ML Project/FOODFRESHAI/data/raw/AgriFreshNET Freshness and Shelf-Life Image Datase/Processed Data/Processed Data/Rotten Tomato(24-35)/aug_122_IMG_20251127_191723740_HDR.jpg,Tomato,Rotten,Rotten,99.98,True
D:/VIT TY SEM5/ML Project/FOODFRESHAI/data/raw/AgriFreshNET Freshness and Shelf-Life Image Datase/Processed Data/Processed Data/Rotten Tomato(24-35)/aug_123_IMG_20251126_191840213_HDR.jpg,Tomato,Rotten,Rotten,99.81,True
D:/VIT TY SEM5/ML Project/FOODFRESHAI/data/raw/AgriFreshNET Freshness and Shelf-Life Image Datase/Processed Data/Processed Data/Rotten Tomato(24-35)/aug_127_IMG-20260210-WA0020.jpg,Tomato,Rotten,Rotten,85.41,True
D:/VIT TY SEM5/ML Project/FOODFRESHAI/data/raw/AgriFreshNET Freshness and Shelf-Life Image Datase/Processed Data/Processed Data/Rotten Tomato(24-35)/aug_134_IMG_20260123_182347543_HDR.jpg,Tomato,Rotten,Rotten,98.37,True
D:/VIT TY SEM5/ML Project/FOODFRESHAI/data/raw/AgriFreshNET Freshness and Shelf-Life Image Datase/Processed Data/Processed Data/Rotten Tomato(24-35)/aug_138_IMG_20260126_223636694_HDR.jpg,Tomato,Rotten,Rotten,99.97,True
D:/VIT TY SEM5/ML Project/FOODFRESHAI/data/raw/AgriFreshNET Freshness and Shelf-Life Image Datase/Processed Data/Processed Data/Rotten Tomato(24-35)/aug_153_IMG-20260207-WA0009.jpg,Tomato,Rotten,Rotten,99.94,True
D:/VIT TY SEM5/ML Project/FOODFRESHAI/data/raw/AgriFreshNET Freshness and Shelf-Life Image Datase/Processed Data/Processed Data/Rotten Tomato(24-35)/aug_158_IMG_20251126_191907575_HDR.jpg,Tomato,Rotten,Rotten,99.98,True
D:/VIT TY SEM5/ML Project/FOODFRESHAI/data/raw/AgriFreshNET Freshness and Shelf-Life Image Datase/Processed Data/Processed Data/Rotten Tomato(24-35)/aug_159_IMG_20251127_191700556_HDR.jpg,Tomato,Rotten,Rotten,99.69,True
D:/VIT TY SEM5/ML Project/FOODFRESHAI/data/raw/AgriFreshNET Freshness and Shelf-Life Image Datase/Processed Data/Processed Data/Rotten Tomato(24-35)/aug_167_IMG_20260124_112734631_HDR_AE.jpg,Tomato,Rotten,Rotten,98.49,True
D:/VIT TY SEM5/ML Project/FOODFRESHAI/data/raw/AgriFreshNET Freshness and Shelf-Life Image Datase/Processed Data/Processed Data/Rotten Tomato(24-35)/aug_170_IMG_20260123_182145280_HDR.jpg,Tomato,Rotten,Rotten,91.91,True
D:/VIT TY SEM5/ML Project/FOODFRESHAI/data/raw/AgriFreshNET Freshness and Shelf-Life Image Datase/Processed Data/Processed Data/Rotten Tomato(24-35)/aug_175_IMG_20260123_182145280_HDR.jpg,Tomato,Rotten,Rotten,96.86,True
D:/VIT TY SEM5/ML Project/FOODFRESHAI/data/raw/AgriFreshNET Freshness and Shelf-Life Image Datase/Processed Data/Processed Data/Rotten Tomato(24-35)/aug_178_IMG_20251126_191907575_HDR.jpg,Tomato,Rotten,Rotten,99.98,True
D:/VIT TY SEM5/ML Project/FOODFRESHAI/data/raw/AgriFreshNET Freshness and Shelf-Life Image Datase/Processed Data/Processed Data/Rotten Tomato(24-35)/aug_184_IMG_20251201_133145240_HDR.jpg,Tomato,Rotten,Rotten,100.0,True
D:/VIT TY SEM5/ML Project/FOODFRESHAI/data/raw/AgriFreshNET Freshness and Shelf-Life Image Datase/Processed Data/Processed Data/Rotten Tomato(24-35)/aug_187_IMG_20251127_191723740_HDR.jpg,Tomato,Rotten,Rotten,99.98,True
D:/VIT TY SEM5/ML Project/FOODFRESHAI/data/raw/AgriFreshNET Freshness and Shelf-Life Image Datase/Processed Data/Processed Data/Rotten Tomato(24-35)/aug_189_IMG_20260126_223636694_HDR.jpg,Tomato,Rotten,Rotten,99.99,True
D:/VIT TY SEM5/ML Project/FOODFRESHAI/data/raw/AgriFreshNET Freshness and Shelf-Life Image Datase/Processed Data/Processed Data/Rotten Tomato(24-35)/aug_194_IMG_20260126_223646643_HDR.jpg,Tomato,Rotten,Rotten,100.0,True
D:/VIT TY SEM5/ML Project/FOODFRESHAI/data/raw/AgriFreshNET Freshness and Shelf-Life Image Datase/Processed Data/Processed Data/Rotten Tomato(24-35)/aug_204_IMG-20260207-WA0005.jpg,Tomato,Rotten,Rotten,99.99,True
D:/VIT TY SEM5/ML Project/FOODFRESHAI/data/raw/AgriFreshNET Freshness and Shelf-Life Image Datase/Processed Data/Processed Data/Rotten Tomato(24-35)/aug_205_IMG-20260219-WA0011.jpg,Tomato,Rotten,Rotten,99.99,True
D:/VIT TY SEM5/ML Project/FOODFRESHAI/data/raw/AgriFreshNET Freshness and Shelf-Life Image Datase/Processed Data/Processed Data/Rotten Tomato(24-35)/aug_210_IMG_20260126_223636694_HDR.jpg,Tomato,Rotten,Rotten,99.98,True
D:/VIT TY SEM5/ML Project/FOODFRESHAI/data/raw/AgriFreshNET Freshness and Shelf-Life Image Datase/Processed Data/Processed Data/Rotten Tomato(24-35)/aug_225_IMG-20260207-WA0008.jpg,Tomato,Rotten,Rotten,97.42,True
D:/VIT TY SEM5/ML Project/FOODFRESHAI/data/raw/AgriFreshNET Freshness and Shelf-Life Image Datase/Processed Data/Processed Data/Rotten Tomato(24-35)/aug_229_IMG_20260128_095518935_HDR_AE.jpg,Tomato,Rotten,Rotten,99.97,True
D:/VIT TY SEM5/ML Project/FOODFRESHAI/data/raw/AgriFreshNET Freshness and Shelf-Life Image Datase/Processed Data/Processed Data/Rotten Tomato(24-35)/aug_233_IMG_20251126_191840213_HDR.jpg,Tomato,Rotten,Rotten,98.24,True
D:/VIT TY SEM5/ML Project/FOODFRESHAI/data/raw/AgriFreshNET Freshness and Shelf-Life Image Datase/Processed Data/Processed Data/Rotten Tomato(24-35)/aug_247_IMG-20260210-WA0013.jpg,Tomato,Rotten,Rotten,99.94,True
D:/VIT TY SEM5/ML Project/FOODFRESHAI/data/raw/AgriFreshNET Freshness and Shelf-Life Image Datase/Processed Data/Processed Data/Rotten Tomato(24-35)/aug_257_IMG_20260128_095252659_HDR_AE.jpg,Tomato,Rotten,Rotten,99.99,True
D:/VIT TY SEM5/ML Project/FOODFRESHAI/data/raw/AgriFreshNET Freshness and Shelf-Life Image Datase/Processed Data/Processed Data/Rotten Tomato(24-35)/aug_258_IMG-20260219-WA0006.jpg,Tomato,Rotten,Rotten,100.0,True
D:/VIT TY SEM5/ML Project/FOODFRESHAI/data/raw/AgriFreshNET Freshness and Shelf-Life Image Datase/Processed Data/Processed Data/Rotten Tomato(24-35)/aug_259_IMG_20260123_182347543_HDR.jpg,Tomato,Rotten,Rotten,98.59,True
D:/VIT TY SEM5/ML Project/FOODFRESHAI/data/raw/AgriFreshNET Freshness and Shelf-Life Image Datase/Processed Data/Processed Data/Rotten Tomato(24-35)/aug_262_IMG_20251126_191840213_HDR.jpg,Tomato,Rotten,Rotten,99.84,True
D:/VIT TY SEM5/ML Project/FOODFRESHAI/data/raw/AgriFreshNET Freshness and Shelf-Life Image Datase/Processed Data/Processed Data/Rotten Tomato(24-35)/aug_268_IMG_20260124_112848259_HDR_AE.jpg,Tomato,Rotten,Rotten,100.0,True
D:/VIT TY SEM5/ML Project/FOODFRESHAI/data/raw/AgriFreshNET Freshness and Shelf-Life Image Datase/Processed Data/Processed Data/Rotten Tomato(24-35)/aug_26_IMG_20260128_095518935_HDR_AE.jpg,Tomato,Rotten,Rotten,99.98,True
D:/VIT TY SEM5/ML Project/FOODFRESHAI/data/raw/AgriFreshNET Freshness and Shelf-Life Image Datase/Processed Data/Processed Data/Rotten Tomato(24-35)/aug_278_IMG_20260126_223542623_HDR.jpg,Tomato,Rotten,Rotten,100.0,True
D:/VIT TY SEM5/ML Project/FOODFRESHAI/data/raw/AgriFreshNET Freshness and Shelf-Life Image Datase/Processed Data/Processed Data/Rotten Tomato(24-35)/aug_288_IMG-20260219-WA0006.jpg,Tomato,Rotten,Rotten,99.98,True
D:/VIT TY SEM5/ML Project/FOODFRESHAI/data/raw/AgriFreshNET Freshness and Shelf-Life Image Datase/Processed Data/Processed Data/Rotten Tomato(24-35)/aug_292_IMG-20260210-WA0020.jpg,Tomato,Rotten,Rotten,84.62,True
D:/VIT TY SEM5/ML Project/FOODFRESHAI/data/raw/AgriFreshNET Freshness and Shelf-Life Image Datase/Processed Data/Processed Data/Rotten Tomato(24-35)/aug_309_IMG_20260122_220824148_HDR.jpg,Tomato,Rotten,Rotten,97.14,True
D:/VIT TY SEM5/ML Project/FOODFRESHAI/data/raw/AgriFreshNET Freshness and Shelf-Life Image Datase/Processed Data/Processed Data/Rotten Tomato(24-35)/aug_30_IMG_20260124_112934459_HDR_AE.jpg,Tomato,Rotten,Rotten,98.31,True
D:/VIT TY SEM5/ML Project/FOODFRESHAI/data/raw/AgriFreshNET Freshness and Shelf-Life Image Datase/Processed Data/Processed Data/Rotten Tomato(24-35)/aug_331_IMG_20260123_182145280_HDR.jpg,Tomato,Rotten,Rotten,96.24,True
D:/VIT TY SEM5/ML Project/FOODFRESHAI/data/raw/AgriFreshNET Freshness and Shelf-Life Image Datase/Processed Data/Processed Data/Rotten Tomato(24-35)/aug_3_IMG-20260207-WA0014.jpg,Tomato,Rotten,Rotten,99.91,True
D:/VIT TY SEM5/ML Project/FOODFRESHAI/data/raw/AgriFreshNET Freshness and Shelf-Life Image Datase/Processed Data/Processed Data/Rotten Tomato(24-35)/aug_40_IMG_20260123_182145280_HDR.jpg,Tomato,Rotten,Rotten,96.45,True
D:/VIT TY SEM5/ML Project/FOODFRESHAI/data/raw/AgriFreshNET Freshness and Shelf-Life Image Datase/Processed Data/Processed Data/Rotten Tomato(24-35)/aug_5_IMG_20260126_223636694_HDR.jpg,Tomato,Rotten,Rotten,99.77,True
D:/VIT TY SEM5/ML Project/FOODFRESHAI/data/raw/AgriFreshNET Freshness and Shelf-Life Image Datase/Processed Data/Processed Data/Rotten Tomato(24-35)/aug_70_IMG-20260207-WA0025.jpg,Tomato,Rotten,Rotten,99.98,True
D:/VIT TY SEM5/ML Project/FOODFRESHAI/data/raw/AgriFreshNET Freshness and Shelf-Life Image Datase/Processed Data/Processed Data/Rotten Tomato(24-35)/aug_71_IMG_20251126_191907575_HDR.jpg,Tomato,Rotten,Rotten,99.99,True
D:/VIT TY SEM5/ML Project/FOODFRESHAI/data/raw/AgriFreshNET Freshness and Shelf-Life Image Datase/Processed Data/Processed Data/Rotten Tomato(24-35)/aug_73_IMG-20260207-WA0005.jpg,Tomato,Rotten,Rotten,99.98,True
D:/VIT TY SEM5/ML Project/FOODFRESHAI/data/raw/AgriFreshNET Freshness and Shelf-Life Image Datase/Processed Data/Processed Data/Rotten Tomato(24-35)/aug_81_IMG-20260207-WA0025.jpg,Tomato,Rotten,Rotten,99.98,True
D:/VIT TY SEM5/ML Project/FOODFRESHAI/data/raw/AgriFreshNET Freshness and Shelf-Life Image Datase/Processed Data/Processed Data/Rotten Tomato(24-35)/aug_86_IMG_20260126_223636694_HDR.jpg,Tomato,Rotten,Rotten,99.99,True
D:/VIT TY SEM5/ML Project/FOODFRESHAI/data/raw/AgriFreshNET Freshness and Shelf-Life Image Datase/Processed Data/Processed Data/Rotten Tomato(24-35)/aug_8_IMG_20251130_180751874_HDR.jpg,Tomato,Rotten,Rotten,99.98,True
D:/VIT TY SEM5/ML Project/FOODFRESHAI/data/raw/AgriFreshNET Freshness and Shelf-Life Image Datase/Processed Data/Processed Data/Rotten Tomato(24-35)/aug_90_IMG-20260207-WA0025.jpg,Tomato,Rotten,Rotten,99.99,True
D:/VIT TY SEM5/ML Project/FOODFRESHAI/data/raw/AgriFreshNET Freshness and Shelf-Life Image Datase/Processed Data/Processed Data/Rotten Tomato(24-35)/aug_91_IMG_20251201_133145240_HDR.jpg,Tomato,Rotten,Rotten,100.0,True
D:/VIT TY SEM5/ML Project/FOODFRESHAI/data/raw/AgriFreshNET Freshness and Shelf-Life Image Datase/Processed Data/Processed Data/Rotten Tomato(24-35)/aug_98_IMG_20260126_223542623_HDR.jpg,Tomato,Rotten,Rotten,100.0,True
D:/VIT TY SEM5/ML Project/FOODFRESHAI/data/raw/AgriFreshNET Freshness and Shelf-Life Image Datase/Processed Data/Processed Data/Rotten Tomato(24-35)/IMG-20260207-WA0005.jpg,Tomato,Rotten,Rotten,99.98,True
D:/VIT TY SEM5/ML Project/FOODFRESHAI/data/raw/AgriFreshNET Freshness and Shelf-Life Image Datase/Processed Data/Processed Data/Rotten Tomato(24-35)/IMG-20260207-WA0008.jpg,Tomato,Rotten,Rotten,99.63,True
D:/VIT TY SEM5/ML Project/FOODFRESHAI/data/raw/AgriFreshNET Freshness and Shelf-Life Image Datase/Processed Data/Processed Data/Rotten Tomato(24-35)/IMG-20260207-WA0009.jpg,Tomato,Rotten,Rotten,99.94,True
D:/VIT TY SEM5/ML Project/FOODFRESHAI/data/raw/AgriFreshNET Freshness and Shelf-Life Image Datase/Processed Data/Processed Data/Rotten Tomato(24-35)/IMG-20260207-WA0014.jpg,Tomato,Rotten,Rotten,99.93,True
D:/VIT TY SEM5/ML Project/FOODFRESHAI/data/raw/AgriFreshNET Freshness and Shelf-Life Image Datase/Processed Data/Processed Data/Rotten Tomato(24-35)/IMG-20260207-WA0025.jpg,Tomato,Rotten,Rotten,99.98,True
D:/VIT TY SEM5/ML Project/FOODFRESHAI/data/raw/AgriFreshNET Freshness and Shelf-Life Image Datase/Processed Data/Processed Data/Rotten Tomato(24-35)/IMG-20260210-WA0013.jpg,Tomato,Rotten,Rotten,99.93,True
D:/VIT TY SEM5/ML Project/FOODFRESHAI/data/raw/AgriFreshNET Freshness and Shelf-Life Image Datase/Processed Data/Processed Data/Rotten Tomato(24-35)/IMG-20260210-WA0020.jpg,Tomato,Rotten,Rotten,86.68,True
D:/VIT TY SEM5/ML Project/FOODFRESHAI/data/raw/AgriFreshNET Freshness and Shelf-Life Image Datase/Processed Data/Processed Data/Rotten Tomato(24-35)/IMG-20260210-WA0032.jpg,Tomato,Rotten,Rotten,99.07,True
D:/VIT TY SEM5/ML Project/FOODFRESHAI/data/raw/AgriFreshNET Freshness and Shelf-Life Image Datase/Processed Data/Processed Data/Rotten Tomato(24-35)/IMG-20260219-WA0004.jpg,Tomato,Rotten,Rotten,100.0,True
D:/VIT TY SEM5/ML Project/FOODFRESHAI/data/raw/AgriFreshNET Freshness and Shelf-Life Image Datase/Processed Data/Processed Data/Rotten Tomato(24-35)/IMG-20260219-WA0006.jpg,Tomato,Rotten,Rotten,100.0,True
D:/VIT TY SEM5/ML Project/FOODFRESHAI/data/raw/AgriFreshNET Freshness and Shelf-Life Image Datase/Processed Data/Processed Data/Rotten Tomato(24-35)/IMG-20260219-WA0011.jpg,Tomato,Rotten,Rotten,99.99,True
D:/VIT TY SEM5/ML Project/FOODFRESHAI/data/raw/AgriFreshNET Freshness and Shelf-Life Image Datase/Processed Data/Processed Data/Rotten Tomato(24-35)/IMG_20251116_220154359_HDR.jpg,Tomato,Rotten,Rotten,99.87,True
D:/VIT TY SEM5/ML Project/FOODFRESHAI/data/raw/AgriFreshNET Freshness and Shelf-Life Image Datase/Processed Data/Processed Data/Rotten Tomato(24-35)/IMG_20251119_200902355_HDR.jpg,Tomato,Rotten,Rotten,99.23,True
D:/VIT TY SEM5/ML Project/FOODFRESHAI/data/raw/AgriFreshNET Freshness and Shelf-Life Image Datase/Processed Data/Processed Data/Rotten Tomato(24-35)/IMG_20251126_191840213_HDR.jpg,Tomato,Rotten,Rotten,99.83,True
D:/VIT TY SEM5/ML Project/FOODFRESHAI/data/raw/AgriFreshNET Freshness and Shelf-Life Image Datase/Processed Data/Processed Data/Rotten Tomato(24-35)/IMG_20251126_191907575_HDR.jpg,Tomato,Rotten,Rotten,99.99,True
D:/VIT TY SEM5/ML Project/FOODFRESHAI/data/raw/AgriFreshNET Freshness and Shelf-Life Image Datase/Processed Data/Processed Data/Rotten Tomato(24-35)/IMG_20251127_191700556_HDR.jpg,Tomato,Rotten,Rotten,99.69,True
D:/VIT TY SEM5/ML Project/FOODFRESHAI/data/raw/AgriFreshNET Freshness and Shelf-Life Image Datase/Processed Data/Processed Data/Rotten Tomato(24-35)/IMG_20251127_191723740_HDR.jpg,Tomato,Rotten,Rotten,99.98,True
D:/VIT TY SEM5/ML Project/FOODFRESHAI/data/raw/AgriFreshNET Freshness and Shelf-Life Image Datase/Processed Data/Processed Data/Rotten Tomato(24-35)/IMG_20251130_180751874_HDR.jpg,Tomato,Rotten,Rotten,100.0,True
D:/VIT TY SEM5/ML Project/FOODFRESHAI/data/raw/AgriFreshNET Freshness and Shelf-Life Image Datase/Processed Data/Processed Data/Rotten Tomato(24-35)/IMG_20251201_133145240_HDR.jpg,Tomato,Rotten,Rotten,100.0,True
D:/VIT TY SEM5/ML Project/FOODFRESHAI/data/raw/AgriFreshNET Freshness and Shelf-Life Image Datase/Processed Data/Processed Data/Rotten Tomato(24-35)/IMG_20251203_101152305_HDR.jpg,Tomato,Rotten,Rotten,95.63,True
D:/VIT TY SEM5/ML Project/FOODFRESHAI/data/raw/AgriFreshNET Freshness and Shelf-Life Image Datase/Processed Data/Processed Data/Rotten Tomato(24-35)/IMG_20251204_101521163_HDR_AE.jpg,Tomato,Rotten,Rotten,100.0,True
D:/VIT TY SEM5/ML Project/FOODFRESHAI/data/raw/AgriFreshNET Freshness and Shelf-Life Image Datase/Processed Data/Processed Data/Rotten Tomato(24-35)/IMG_20251204_101540585_HDR_AE.jpg,Tomato,Rotten,Rotten,100.0,True
D:/VIT TY SEM5/ML Project/FOODFRESHAI/data/raw/AgriFreshNET Freshness and Shelf-Life Image Datase/Processed Data/Processed Data/Rotten Tomato(24-35)/IMG_20260122_220824148_HDR.jpg,Tomato,Rotten,Rotten,96.64,True
D:/VIT TY SEM5/ML Project/FOODFRESHAI/data/raw/AgriFreshNET Freshness and Shelf-Life Image Datase/Processed Data/Processed Data/Rotten Tomato(24-35)/IMG_20260123_182145280_HDR.jpg,Tomato,Rotten,Rotten,96.76,True
D:/VIT TY SEM5/ML Project/FOODFRESHAI/data/raw/AgriFreshNET Freshness and Shelf-Life Image Datase/Processed Data/Processed Data/Rotten Tomato(24-35)/IMG_20260123_182347543_HDR.jpg,Tomato,Rotten,Rotten,98.01,True
D:/VIT TY SEM5/ML Project/FOODFRESHAI/data/raw/AgriFreshNET Freshness and Shelf-Life Image Datase/Processed Data/Processed Data/Rotten Tomato(24-35)/IMG_20260123_182426190_HDR.jpg,Tomato,Rotten,Rotten,99.37,True
D:/VIT TY SEM5/ML Project/FOODFRESHAI/data/raw/AgriFreshNET Freshness and Shelf-Life Image Datase/Processed Data/Processed Data/Rotten Tomato(24-35)/IMG_20260124_112734631_HDR_AE.jpg,Tomato,Rotten,Rotten,98.16,True
D:/VIT TY SEM5/ML Project/FOODFRESHAI/data/raw/AgriFreshNET Freshness and Shelf-Life Image Datase/Processed Data/Processed Data/Rotten Tomato(24-35)/IMG_20260124_112848259_HDR_AE.jpg,Tomato,Rotten,Rotten,99.98,True
D:/VIT TY SEM5/ML Project/FOODFRESHAI/data/raw/AgriFreshNET Freshness and Shelf-Life Image Datase/Processed Data/Processed Data/Rotten Tomato(24-35)/IMG_20260124_112934459_HDR_AE.jpg,Tomato,Rotten,Rotten,97.93,True
D:/VIT TY SEM5/ML Project/FOODFRESHAI/data/raw/AgriFreshNET Freshness and Shelf-Life Image Datase/Processed Data/Processed Data/Rotten Tomato(24-35)/IMG_20260126_223542623_HDR.jpg,Tomato,Rotten,Rotten,100.0,True
D:/VIT TY SEM5/ML Project/FOODFRESHAI/data/raw/AgriFreshNET Freshness and Shelf-Life Image Datase/Processed Data/Processed Data/Rotten Tomato(24-35)/IMG_20260126_223554361_HDR.jpg,Tomato,Rotten,Rotten,100.0,True
D:/VIT TY SEM5/ML Project/FOODFRESHAI/data/raw/AgriFreshNET Freshness and Shelf-Life Image Datase/Processed Data/Processed Data/Rotten Tomato(24-35)/IMG_20260126_223636694_HDR.jpg,Tomato,Rotten,Rotten,99.99,True
D:/VIT TY SEM5/ML Project/FOODFRESHAI/data/raw/AgriFreshNET Freshness and Shelf-Life Image Datase/Processed Data/Processed Data/Rotten Tomato(24-35)/IMG_20260126_223641714_HDR.jpg,Tomato,Rotten,Rotten,99.98,True
D:/VIT TY SEM5/ML Project/FOODFRESHAI/data/raw/AgriFreshNET Freshness and Shelf-Life Image Datase/Processed Data/Processed Data/Rotten Tomato(24-35)/IMG_20260126_223646643_HDR.jpg,Tomato,Rotten,Rotten,100.0,True
D:/VIT TY SEM5/ML Project/FOODFRESHAI/data/raw/AgriFreshNET Freshness and Shelf-Life Image Datase/Processed Data/Processed Data/Rotten Tomato(24-35)/IMG_20260128_095252659_HDR_AE.jpg,Tomato,Rotten,Rotten,100.0,True
D:/VIT TY SEM5/ML Project/FOODFRESHAI/data/raw/AgriFreshNET Freshness and Shelf-Life Image Datase/Processed Data/Processed Data/Rotten Tomato(24-35)/IMG_20260128_095302180_HDR_AE.jpg,Tomato,Rotten,Rotten,99.99,True
D:/VIT TY SEM5/ML Project/FOODFRESHAI/data/raw/AgriFreshNET Freshness and Shelf-Life Image Datase/Processed Data/Processed Data/Rotten Tomato(24-35)/IMG_20260128_095330834_HDR_AE.jpg,Tomato,Rotten,Rotten,99.79,True
D:/VIT TY SEM5/ML Project/FOODFRESHAI/data/raw/AgriFreshNET Freshness and Shelf-Life Image Datase/Processed Data/Processed Data/Rotten Tomato(24-35)/IMG_20260128_095412153_HDR_AE.jpg,Tomato,Rotten,Rotten,100.0,True
D:/VIT TY SEM5/ML Project/FOODFRESHAI/data/raw/AgriFreshNET Freshness and Shelf-Life Image Datase/Processed Data/Processed Data/Rotten Tomato(24-35)/IMG_20260128_095518935_HDR_AE.jpg,Tomato,Rotten,Rotten,99.98,True
D:/VIT TY SEM5/ML Project/FOODFRESHAI/data/raw/AgriFreshNET Freshness and Shelf-Life Image Datase/Processed Data/Processed Data/Semi fresh banana(4-7)/aug_102_IMG_20251107_113717675_HDR_AE.jpg,Banana,Semi-Fresh,Semi-Fresh,100.0,True
D:/VIT TY SEM5/ML Project/FOODFRESHAI/data/raw/AgriFreshNET Freshness and Shelf-Life Image Datase/Processed Data/Processed Data/Semi fresh banana(4-7)/aug_109_IMG_20251105_102057657_HDR_AE.jpg,Banana,Semi-Fresh,Semi-Fresh,100.0,True
D:/VIT TY SEM5/ML Project/FOODFRESHAI/data/raw/AgriFreshNET Freshness and Shelf-Life Image Datase/Processed Data/Processed Data/Semi fresh banana(4-7)/aug_110_IMG_20251108_121133334_HDR_AE.jpg,Banana,Semi-Fresh,Semi-Fresh,56.17,True
D:/VIT TY SEM5/ML Project/FOODFRESHAI/data/raw/AgriFreshNET Freshness and Shelf-Life Image Datase/Processed Data/Processed Data/Semi fresh banana(4-7)/aug_114_IMG_20251123_110136469_HDR_AE.jpg,Banana,Semi-Fresh,Semi-Fresh,100.0,True
D:/VIT TY SEM5/ML Project/FOODFRESHAI/data/raw/AgriFreshNET Freshness and Shelf-Life Image Datase/Processed Data/Processed Data/Semi fresh banana(4-7)/aug_134_IMG_20251107_113717675_HDR_AE.jpg,Banana,Semi-Fresh,Semi-Fresh,100.0,True
D:/VIT TY SEM5/ML Project/FOODFRESHAI/data/raw/AgriFreshNET Freshness and Shelf-Life Image Datase/Processed Data/Processed Data/Semi fresh banana(4-7)/aug_135_IMG_20260121_230208263_HDR.jpg,Banana,Semi-Fresh,Semi-Fresh,100.0,True
D:/VIT TY SEM5/ML Project/FOODFRESHAI/data/raw/AgriFreshNET Freshness and Shelf-Life Image Datase/Processed Data/Processed Data/Semi fresh banana(4-7)/aug_141_IMG_20251123_105704434_HDR_AE.jpg,Banana,Semi-Fresh,Semi-Fresh,99.79,True
D:/VIT TY SEM5/ML Project/FOODFRESHAI/data/raw/AgriFreshNET Freshness and Shelf-Life Image Datase/Processed Data/Processed Data/Semi fresh banana(4-7)/aug_146_IMG_20251123_105704434_HDR_AE.jpg,Banana,Semi-Fresh,Semi-Fresh,100.0,True
D:/VIT TY SEM5/ML Project/FOODFRESHAI/data/raw/AgriFreshNET Freshness and Shelf-Life Image Datase/Processed Data/Processed Data/Semi fresh banana(4-7)/aug_14_IMG_20251105_102057657_HDR_AE.jpg,Banana,Semi-Fresh,Semi-Fresh,100.0,True
D:/VIT TY SEM5/ML Project/FOODFRESHAI/data/raw/AgriFreshNET Freshness and Shelf-Life Image Datase/Processed Data/Processed Data/Semi fresh banana(4-7)/aug_150_IMG_20251123_110136469_HDR_AE.jpg,Banana,Semi-Fresh,Semi-Fresh,100.0,True
D:/VIT TY SEM5/ML Project/FOODFRESHAI/data/raw/AgriFreshNET Freshness and Shelf-Life Image Datase/Processed Data/Processed Data/Semi fresh banana(4-7)/aug_155_IMG_20251122_112439179_HDR_AE.jpg,Banana,Semi-Fresh,Semi-Fresh,99.98,True
D:/VIT TY SEM5/ML Project/FOODFRESHAI/data/raw/AgriFreshNET Freshness and Shelf-Life Image Datase/Processed Data/Processed Data/Semi fresh banana(4-7)/aug_165_IMG_20251123_110136469_HDR_AE.jpg,Banana,Semi-Fresh,Semi-Fresh,100.0,True
D:/VIT TY SEM5/ML Project/FOODFRESHAI/data/raw/AgriFreshNET Freshness and Shelf-Life Image Datase/Processed Data/Processed Data/Semi fresh banana(4-7)/aug_167_IMG_20251123_110136469_HDR_AE.jpg,Banana,Semi-Fresh,Semi-Fresh,100.0,True
D:/VIT TY SEM5/ML Project/FOODFRESHAI/data/raw/AgriFreshNET Freshness and Shelf-Life Image Datase/Processed Data/Processed Data/Semi fresh banana(4-7)/aug_171_IMG_20260121_230208263_HDR.jpg,Banana,Semi-Fresh,Semi-Fresh,100.0,True
D:/VIT TY SEM5/ML Project/FOODFRESHAI/data/raw/AgriFreshNET Freshness and Shelf-Life Image Datase/Processed Data/Processed Data/Semi fresh banana(4-7)/aug_174_IMG_20251107_113749364_HDR_AE.jpg,Banana,Semi-Fresh,Semi-Fresh,100.0,True
D:/VIT TY SEM5/ML Project/FOODFRESHAI/data/raw/AgriFreshNET Freshness and Shelf-Life Image Datase/Processed Data/Processed Data/Semi fresh banana(4-7)/aug_181_IMG_20251123_110023347_HDR_AE.jpg,Banana,Semi-Fresh,Semi-Fresh,99.74,True
D:/VIT TY SEM5/ML Project/FOODFRESHAI/data/raw/AgriFreshNET Freshness and Shelf-Life Image Datase/Processed Data/Processed Data/Semi fresh banana(4-7)/aug_182_IMG_20251106_155545161_HDR_AE.jpg,Banana,Semi-Fresh,Semi-Fresh,99.69,True
D:/VIT TY SEM5/ML Project/FOODFRESHAI/data/raw/AgriFreshNET Freshness and Shelf-Life Image Datase/Processed Data/Processed Data/Semi fresh banana(4-7)/aug_193_IMG_20251106_155641383_HDR_AE.jpg,Banana,Semi-Fresh,Semi-Fresh,100.0,True
D:/VIT TY SEM5/ML Project/FOODFRESHAI/data/raw/AgriFreshNET Freshness and Shelf-Life Image Datase/Processed Data/Processed Data/Semi fresh banana(4-7)/aug_19_IMG_20251123_110023347_HDR_AE.jpg,Banana,Semi-Fresh,Semi-Fresh,99.65,True
D:/VIT TY SEM5/ML Project/FOODFRESHAI/data/raw/AgriFreshNET Freshness and Shelf-Life Image Datase/Processed Data/Processed Data/Semi fresh banana(4-7)/aug_207_IMG_20251105_102050632_HDR_AE.jpg,Banana,Semi-Fresh,Semi-Fresh,100.0,True
D:/VIT TY SEM5/ML Project/FOODFRESHAI/data/raw/AgriFreshNET Freshness and Shelf-Life Image Datase/Processed Data/Processed Data/Semi fresh banana(4-7)/aug_20_IMG_20251122_112819682_HDR_AE.jpg,Banana,Semi-Fresh,Semi-Fresh,90.06,True
D:/VIT TY SEM5/ML Project/FOODFRESHAI/data/raw/AgriFreshNET Freshness and Shelf-Life Image Datase/Processed Data/Processed Data/Semi fresh banana(4-7)/aug_217_IMG_20251107_113717675_HDR_AE.jpg,Banana,Semi-Fresh,Semi-Fresh,100.0,True
D:/VIT TY SEM5/ML Project/FOODFRESHAI/data/raw/AgriFreshNET Freshness and Shelf-Life Image Datase/Processed Data/Processed Data/Semi fresh banana(4-7)/aug_21_IMG_20251106_155456458_HDR.jpg,Banana,Semi-Fresh,Semi-Fresh,99.73,True
D:/VIT TY SEM5/ML Project/FOODFRESHAI/data/raw/AgriFreshNET Freshness and Shelf-Life Image Datase/Processed Data/Processed Data/Semi fresh banana(4-7)/aug_220_IMG_20251106_155619558_HDR.jpg,Banana,Semi-Fresh,Semi-Fresh,100.0,True
D:/VIT TY SEM5/ML Project/FOODFRESHAI/data/raw/AgriFreshNET Freshness and Shelf-Life Image Datase/Processed Data/Processed Data/Semi fresh banana(4-7)/aug_221_IMG_20251124_191150648_HDR.jpg,Banana,Semi-Fresh,Semi-Fresh,98.48,True
D:/VIT TY SEM5/ML Project/FOODFRESHAI/data/raw/AgriFreshNET Freshness and Shelf-Life Image Datase/Processed Data/Processed Data/Semi fresh banana(4-7)/aug_222_IMG_20251106_155634513_HDR_AE.jpg,Banana,Semi-Fresh,Semi-Fresh,100.0,True
D:/VIT TY SEM5/ML Project/FOODFRESHAI/data/raw/AgriFreshNET Freshness and Shelf-Life Image Datase/Processed Data/Processed Data/Semi fresh banana(4-7)/aug_225_IMG_20251122_112439179_HDR_AE.jpg,Banana,Semi-Fresh,Semi-Fresh,100.0,True
D:/VIT TY SEM5/ML Project/FOODFRESHAI/data/raw/AgriFreshNET Freshness and Shelf-Life Image Datase/Processed Data/Processed Data/Semi fresh banana(4-7)/aug_226_IMG_20251106_155619558_HDR.jpg,Banana,Semi-Fresh,Semi-Fresh,100.0,True
D:/VIT TY SEM5/ML Project/FOODFRESHAI/data/raw/AgriFreshNET Freshness and Shelf-Life Image Datase/Processed Data/Processed Data/Semi fresh banana(4-7)/aug_236_IMG_20260123_182053023_HDR.jpg,Banana,Semi-Fresh,Semi-Fresh,100.0,True
D:/VIT TY SEM5/ML Project/FOODFRESHAI/data/raw/AgriFreshNET Freshness and Shelf-Life Image Datase/Processed Data/Processed Data/Semi fresh banana(4-7)/aug_23_IMG_20251106_155456458_HDR.jpg,Banana,Semi-Fresh,Semi-Fresh,99.71,True
D:/VIT TY SEM5/ML Project/FOODFRESHAI/data/raw/AgriFreshNET Freshness and Shelf-Life Image Datase/Processed Data/Processed Data/Semi fresh banana(4-7)/aug_248_IMG_20251107_113742214_HDR_AE.jpg,Banana,Semi-Fresh,Semi-Fresh,100.0,True
D:/VIT TY SEM5/ML Project/FOODFRESHAI/data/raw/AgriFreshNET Freshness and Shelf-Life Image Datase/Processed Data/Processed Data/Semi fresh banana(4-7)/aug_251_IMG_20251124_190827928_HDR.jpg,Banana,Semi-Fresh,Semi-Fresh,60.46,True
D:/VIT TY SEM5/ML Project/FOODFRESHAI/data/raw/AgriFreshNET Freshness and Shelf-Life Image Datase/Processed Data/Processed Data/Semi fresh banana(4-7)/aug_25_IMG_20251123_105704434_HDR_AE.jpg,Banana,Semi-Fresh,Semi-Fresh,100.0,True
D:/VIT TY SEM5/ML Project/FOODFRESHAI/data/raw/AgriFreshNET Freshness and Shelf-Life Image Datase/Processed Data/Processed Data/Semi fresh banana(4-7)/aug_260_IMG_20251105_102057657_HDR_AE.jpg,Banana,Semi-Fresh,Semi-Fresh,100.0,True
D:/VIT TY SEM5/ML Project/FOODFRESHAI/data/raw/AgriFreshNET Freshness and Shelf-Life Image Datase/Processed Data/Processed Data/Semi fresh banana(4-7)/aug_272_IMG_20251123_110136469_HDR_AE.jpg,Banana,Semi-Fresh,Semi-Fresh,100.0,True
D:/VIT TY SEM5/ML Project/FOODFRESHAI/data/raw/AgriFreshNET Freshness and Shelf-Life Image Datase/Processed Data/Processed Data/Semi fresh banana(4-7)/aug_288_IMG_20251123_110023347_HDR_AE.jpg,Banana,Semi-Fresh,Semi-Fresh,99.88,True
D:/VIT TY SEM5/ML Project/FOODFRESHAI/data/raw/AgriFreshNET Freshness and Shelf-Life Image Datase/Processed Data/Processed Data/Semi fresh banana(4-7)/aug_293_IMG_20251124_190919888_HDR.jpg,Banana,Semi-Fresh,Semi-Fresh,96.59,True
D:/VIT TY SEM5/ML Project/FOODFRESHAI/data/raw/AgriFreshNET Freshness and Shelf-Life Image Datase/Processed Data/Processed Data/Semi fresh banana(4-7)/aug_295_IMG_20251108_121336372_HDR_AE.jpg,Banana,Semi-Fresh,Semi-Fresh,99.58,True
D:/VIT TY SEM5/ML Project/FOODFRESHAI/data/raw/AgriFreshNET Freshness and Shelf-Life Image Datase/Processed Data/Processed Data/Semi fresh banana(4-7)/aug_311_IMG_20251124_190919888_HDR.jpg,Banana,Semi-Fresh,Semi-Fresh,98.87,True
D:/VIT TY SEM5/ML Project/FOODFRESHAI/data/raw/AgriFreshNET Freshness and Shelf-Life Image Datase/Processed Data/Processed Data/Semi fresh banana(4-7)/aug_315_IMG_20251107_113717675_HDR_AE.jpg,Banana,Semi-Fresh,Semi-Fresh,100.0,True
D:/VIT TY SEM5/ML Project/FOODFRESHAI/data/raw/AgriFreshNET Freshness and Shelf-Life Image Datase/Processed Data/Processed Data/Semi fresh banana(4-7)/aug_323_IMG_20251122_112819682_HDR_AE.jpg,Banana,Semi-Fresh,Fresh,64.1,False
D:/VIT TY SEM5/ML Project/FOODFRESHAI/data/raw/AgriFreshNET Freshness and Shelf-Life Image Datase/Processed Data/Processed Data/Semi fresh banana(4-7)/aug_328_IMG_20251106_155634513_HDR_AE.jpg,Banana,Semi-Fresh,Semi-Fresh,99.97,True
D:/VIT TY SEM5/ML Project/FOODFRESHAI/data/raw/AgriFreshNET Freshness and Shelf-Life Image Datase/Processed Data/Processed Data/Semi fresh banana(4-7)/aug_352_IMG_20251123_110136469_HDR_AE.jpg,Banana,Semi-Fresh,Semi-Fresh,100.0,True
D:/VIT TY SEM5/ML Project/FOODFRESHAI/data/raw/AgriFreshNET Freshness and Shelf-Life Image Datase/Processed Data/Processed Data/Semi fresh banana(4-7)/aug_360_IMG_20251106_155619558_HDR.jpg,Banana,Semi-Fresh,Semi-Fresh,100.0,True
D:/VIT TY SEM5/ML Project/FOODFRESHAI/data/raw/AgriFreshNET Freshness and Shelf-Life Image Datase/Processed Data/Processed Data/Semi fresh banana(4-7)/aug_364_IMG_20251123_110023347_HDR_AE.jpg,Banana,Semi-Fresh,Semi-Fresh,99.75,True
D:/VIT TY SEM5/ML Project/FOODFRESHAI/data/raw/AgriFreshNET Freshness and Shelf-Life Image Datase/Processed Data/Processed Data/Semi fresh banana(4-7)/aug_36_IMG_20251106_155619558_HDR.jpg,Banana,Semi-Fresh,Semi-Fresh,100.0,True
D:/VIT TY SEM5/ML Project/FOODFRESHAI/data/raw/AgriFreshNET Freshness and Shelf-Life Image Datase/Processed Data/Processed Data/Semi fresh banana(4-7)/aug_377_IMG_20260122_215718308_HDR.jpg,Banana,Semi-Fresh,Semi-Fresh,99.49,True
D:/VIT TY SEM5/ML Project/FOODFRESHAI/data/raw/AgriFreshNET Freshness and Shelf-Life Image Datase/Processed Data/Processed Data/Semi fresh banana(4-7)/aug_37_IMG_20260122_215718308_HDR.jpg,Banana,Semi-Fresh,Semi-Fresh,99.92,True
D:/VIT TY SEM5/ML Project/FOODFRESHAI/data/raw/AgriFreshNET Freshness and Shelf-Life Image Datase/Processed Data/Processed Data/Semi fresh banana(4-7)/aug_383_IMG_20251107_113749364_HDR_AE.jpg,Banana,Semi-Fresh,Semi-Fresh,100.0,True
D:/VIT TY SEM5/ML Project/FOODFRESHAI/data/raw/AgriFreshNET Freshness and Shelf-Life Image Datase/Processed Data/Processed Data/Semi fresh banana(4-7)/aug_388_IMG_20251107_113742214_HDR_AE.jpg,Banana,Semi-Fresh,Semi-Fresh,100.0,True
D:/VIT TY SEM5/ML Project/FOODFRESHAI/data/raw/AgriFreshNET Freshness and Shelf-Life Image Datase/Processed Data/Processed Data/Semi fresh banana(4-7)/aug_389_IMG_20251108_121223111_HDR_AE.jpg,Banana,Semi-Fresh,Semi-Fresh,66.08,True
D:/VIT TY SEM5/ML Project/FOODFRESHAI/data/raw/AgriFreshNET Freshness and Shelf-Life Image Datase/Processed Data/Processed Data/Semi fresh banana(4-7)/aug_57_IMG_20251122_112426987_HDR_AE.jpg,Banana,Semi-Fresh,Semi-Fresh,99.69,True
D:/VIT TY SEM5/ML Project/FOODFRESHAI/data/raw/AgriFreshNET Freshness and Shelf-Life Image Datase/Processed Data/Processed Data/Semi fresh banana(4-7)/aug_61_IMG_20251106_155456458_HDR.jpg,Banana,Semi-Fresh,Semi-Fresh,99.76,True
D:/VIT TY SEM5/ML Project/FOODFRESHAI/data/raw/AgriFreshNET Freshness and Shelf-Life Image Datase/Processed Data/Processed Data/Semi fresh banana(4-7)/aug_62_IMG_20251106_155512148_HDR_AE.jpg,Banana,Semi-Fresh,Semi-Fresh,100.0,True
D:/VIT TY SEM5/ML Project/FOODFRESHAI/data/raw/AgriFreshNET Freshness and Shelf-Life Image Datase/Processed Data/Processed Data/Semi fresh banana(4-7)/aug_66_IMG_20251106_155521462_HDR.jpg,Banana,Semi-Fresh,Semi-Fresh,100.0,True
D:/VIT TY SEM5/ML Project/FOODFRESHAI/data/raw/AgriFreshNET Freshness and Shelf-Life Image Datase/Processed Data/Processed Data/Semi fresh banana(4-7)/aug_72_IMG_20251122_112426987_HDR_AE.jpg,Banana,Semi-Fresh,Semi-Fresh,99.69,True
D:/VIT TY SEM5/ML Project/FOODFRESHAI/data/raw/AgriFreshNET Freshness and Shelf-Life Image Datase/Processed Data/Processed Data/Semi fresh banana(4-7)/aug_77_IMG_20251108_121133334_HDR_AE.jpg,Banana,Semi-Fresh,Semi-Fresh,65.58,True
D:/VIT TY SEM5/ML Project/FOODFRESHAI/data/raw/AgriFreshNET Freshness and Shelf-Life Image Datase/Processed Data/Processed Data/Semi fresh banana(4-7)/aug_89_IMG_20251107_113749364_HDR_AE.jpg,Banana,Semi-Fresh,Semi-Fresh,100.0,True
D:/VIT TY SEM5/ML Project/FOODFRESHAI/data/raw/AgriFreshNET Freshness and Shelf-Life Image Datase/Processed Data/Processed Data/Semi fresh banana(4-7)/aug_97_IMG_20260121_230208263_HDR.jpg,Banana,Semi-Fresh,Semi-Fresh,100.0,True
D:/VIT TY SEM5/ML Project/FOODFRESHAI/data/raw/AgriFreshNET Freshness and Shelf-Life Image Datase/Processed Data/Processed Data/Semi fresh banana(4-7)/IMG_20251105_102050632_HDR_AE.jpg,Banana,Semi-Fresh,Semi-Fresh,100.0,True
D:/VIT TY SEM5/ML Project/FOODFRESHAI/data/raw/AgriFreshNET Freshness and Shelf-Life Image Datase/Processed Data/Processed Data/Semi fresh banana(4-7)/IMG_20251105_102057657_HDR_AE.jpg,Banana,Semi-Fresh,Semi-Fresh,100.0,True
D:/VIT TY SEM5/ML Project/FOODFRESHAI/data/raw/AgriFreshNET Freshness and Shelf-Life Image Datase/Processed Data/Processed Data/Semi fresh banana(4-7)/IMG_20251106_155456458_HDR.jpg,Banana,Semi-Fresh,Semi-Fresh,99.8,True
D:/VIT TY SEM5/ML Project/FOODFRESHAI/data/raw/AgriFreshNET Freshness and Shelf-Life Image Datase/Processed Data/Processed Data/Semi fresh banana(4-7)/IMG_20251106_155512148_HDR_AE.jpg,Banana,Semi-Fresh,Semi-Fresh,100.0,True
D:/VIT TY SEM5/ML Project/FOODFRESHAI/data/raw/AgriFreshNET Freshness and Shelf-Life Image Datase/Processed Data/Processed Data/Semi fresh banana(4-7)/IMG_20251106_155521462_HDR.jpg,Banana,Semi-Fresh,Semi-Fresh,100.0,True
D:/VIT TY SEM5/ML Project/FOODFRESHAI/data/raw/AgriFreshNET Freshness and Shelf-Life Image Datase/Processed Data/Processed Data/Semi fresh banana(4-7)/IMG_20251106_155545161_HDR_AE.jpg,Banana,Semi-Fresh,Semi-Fresh,99.7,True
D:/VIT TY SEM5/ML Project/FOODFRESHAI/data/raw/AgriFreshNET Freshness and Shelf-Life Image Datase/Processed Data/Processed Data/Semi fresh banana(4-7)/IMG_20251106_155619558_HDR.jpg,Banana,Semi-Fresh,Semi-Fresh,100.0,True
D:/VIT TY SEM5/ML Project/FOODFRESHAI/data/raw/AgriFreshNET Freshness and Shelf-Life Image Datase/Processed Data/Processed Data/Semi fresh banana(4-7)/IMG_20251106_155634513_HDR_AE.jpg,Banana,Semi-Fresh,Semi-Fresh,100.0,True
D:/VIT TY SEM5/ML Project/FOODFRESHAI/data/raw/AgriFreshNET Freshness and Shelf-Life Image Datase/Processed Data/Processed Data/Semi fresh banana(4-7)/IMG_20251106_155641383_HDR_AE.jpg,Banana,Semi-Fresh,Semi-Fresh,100.0,True
D:/VIT TY SEM5/ML Project/FOODFRESHAI/data/raw/AgriFreshNET Freshness and Shelf-Life Image Datase/Processed Data/Processed Data/Semi fresh banana(4-7)/IMG_20251107_113717675_HDR_AE.jpg,Banana,Semi-Fresh,Semi-Fresh,100.0,True
D:/VIT TY SEM5/ML Project/FOODFRESHAI/data/raw/AgriFreshNET Freshness and Shelf-Life Image Datase/Processed Data/Processed Data/Semi fresh banana(4-7)/IMG_20251107_113742214_HDR_AE.jpg,Banana,Semi-Fresh,Semi-Fresh,100.0,True
D:/VIT TY SEM5/ML Project/FOODFRESHAI/data/raw/AgriFreshNET Freshness and Shelf-Life Image Datase/Processed Data/Processed Data/Semi fresh banana(4-7)/IMG_20251107_113749364_HDR_AE.jpg,Banana,Semi-Fresh,Semi-Fresh,100.0,True
D:/VIT TY SEM5/ML Project/FOODFRESHAI/data/raw/AgriFreshNET Freshness and Shelf-Life Image Datase/Processed Data/Processed Data/Semi fresh banana(4-7)/IMG_20251108_121125285_HDR_AE.jpg,Banana,Semi-Fresh,Semi-Fresh,91.01,True
D:/VIT TY SEM5/ML Project/FOODFRESHAI/data/raw/AgriFreshNET Freshness and Shelf-Life Image Datase/Processed Data/Processed Data/Semi fresh banana(4-7)/IMG_20251108_121133334_HDR_AE.jpg,Banana,Semi-Fresh,Semi-Fresh,64.62,True
D:/VIT TY SEM5/ML Project/FOODFRESHAI/data/raw/AgriFreshNET Freshness and Shelf-Life Image Datase/Processed Data/Processed Data/Semi fresh banana(4-7)/IMG_20251108_121223111_HDR_AE.jpg,Banana,Semi-Fresh,Rotten,58.1,False
D:/VIT TY SEM5/ML Project/FOODFRESHAI/data/raw/AgriFreshNET Freshness and Shelf-Life Image Datase/Processed Data/Processed Data/Semi fresh banana(4-7)/IMG_20251108_121336372_HDR_AE.jpg,Banana,Semi-Fresh,Semi-Fresh,99.64,True
D:/VIT TY SEM5/ML Project/FOODFRESHAI/data/raw/AgriFreshNET Freshness and Shelf-Life Image Datase/Processed Data/Processed Data/Semi fresh banana(4-7)/IMG_20251122_112426987_HDR_AE.jpg,Banana,Semi-Fresh,Semi-Fresh,99.72,True
D:/VIT TY SEM5/ML Project/FOODFRESHAI/data/raw/AgriFreshNET Freshness and Shelf-Life Image Datase/Processed Data/Processed Data/Semi fresh banana(4-7)/IMG_20251122_112439179_HDR_AE.jpg,Banana,Semi-Fresh,Semi-Fresh,99.99,True
D:/VIT TY SEM5/ML Project/FOODFRESHAI/data/raw/AgriFreshNET Freshness and Shelf-Life Image Datase/Processed Data/Processed Data/Semi fresh banana(4-7)/IMG_20251122_112819682_HDR_AE.jpg,Banana,Semi-Fresh,Semi-Fresh,91.51,True
D:/VIT TY SEM5/ML Project/FOODFRESHAI/data/raw/AgriFreshNET Freshness and Shelf-Life Image Datase/Processed Data/Processed Data/Semi fresh banana(4-7)/IMG_20251123_105704434_HDR_AE.jpg,Banana,Semi-Fresh,Semi-Fresh,100.0,True
D:/VIT TY SEM5/ML Project/FOODFRESHAI/data/raw/AgriFreshNET Freshness and Shelf-Life Image Datase/Processed Data/Processed Data/Semi fresh banana(4-7)/IMG_20251123_110023347_HDR_AE.jpg,Banana,Semi-Fresh,Semi-Fresh,99.69,True
D:/VIT TY SEM5/ML Project/FOODFRESHAI/data/raw/AgriFreshNET Freshness and Shelf-Life Image Datase/Processed Data/Processed Data/Semi fresh banana(4-7)/IMG_20251123_110136469_HDR_AE.jpg,Banana,Semi-Fresh,Semi-Fresh,100.0,True
D:/VIT TY SEM5/ML Project/FOODFRESHAI/data/raw/AgriFreshNET Freshness and Shelf-Life Image Datase/Processed Data/Processed Data/Semi fresh banana(4-7)/IMG_20251124_190815040_HDR.jpg,Banana,Semi-Fresh,Semi-Fresh,99.94,True
D:/VIT TY SEM5/ML Project/FOODFRESHAI/data/raw/AgriFreshNET Freshness and Shelf-Life Image Datase/Processed Data/Processed Data/Semi fresh banana(4-7)/IMG_20251124_190827928_HDR.jpg,Banana,Semi-Fresh,Semi-Fresh,98.05,True
D:/VIT TY SEM5/ML Project/FOODFRESHAI/data/raw/AgriFreshNET Freshness and Shelf-Life Image Datase/Processed Data/Processed Data/Semi fresh banana(4-7)/IMG_20251124_190919888_HDR.jpg,Banana,Semi-Fresh,Semi-Fresh,99.57,True
D:/VIT TY SEM5/ML Project/FOODFRESHAI/data/raw/AgriFreshNET Freshness and Shelf-Life Image Datase/Processed Data/Processed Data/Semi fresh banana(4-7)/IMG_20251124_191150648_HDR.jpg,Banana,Semi-Fresh,Semi-Fresh,99.03,True
D:/VIT TY SEM5/ML Project/FOODFRESHAI/data/raw/AgriFreshNET Freshness and Shelf-Life Image Datase/Processed Data/Processed Data/Semi fresh banana(4-7)/IMG_20260121_230208263_HDR.jpg,Banana,Semi-Fresh,Semi-Fresh,100.0,True
D:/VIT TY SEM5/ML Project/FOODFRESHAI/data/raw/AgriFreshNET Freshness and Shelf-Life Image Datase/Processed Data/Processed Data/Semi fresh banana(4-7)/IMG_20260122_215718308_HDR.jpg,Banana,Semi-Fresh,Semi-Fresh,100.0,True
D:/VIT TY SEM5/ML Project/FOODFRESHAI/data/raw/AgriFreshNET Freshness and Shelf-Life Image Datase/Processed Data/Processed Data/Semi fresh banana(4-7)/IMG_20260122_215802632_HDR.jpg,Banana,Semi-Fresh,Semi-Fresh,100.0,True
D:/VIT TY SEM5/ML Project/FOODFRESHAI/data/raw/AgriFreshNET Freshness and Shelf-Life Image Datase/Processed Data/Processed Data/Semi fresh banana(4-7)/IMG_20260122_215808384_HDR.jpg,Banana,Semi-Fresh,Semi-Fresh,99.99,True
D:/VIT TY SEM5/ML Project/FOODFRESHAI/data/raw/AgriFreshNET Freshness and Shelf-Life Image Datase/Processed Data/Processed Data/Semi fresh banana(4-7)/IMG_20260123_182053023_HDR.jpg,Banana,Semi-Fresh,Semi-Fresh,100.0,True
D:/VIT TY SEM5/ML Project/FOODFRESHAI/data/raw/AgriFreshNET Freshness and Shelf-Life Image Datase/Processed Data/Processed Data/Semi Fresh Bittermelon ( 3-5)/aug_107_IMG_20260116_025919.jpg,Bittermelon,Semi-Fresh,Rotten,70.8,False
D:/VIT TY SEM5/ML Project/FOODFRESHAI/data/raw/AgriFreshNET Freshness and Shelf-Life Image Datase/Processed Data/Processed Data/Semi Fresh Bittermelon ( 3-5)/aug_116_IMG_20260123_013958.jpg,Bittermelon,Semi-Fresh,Rotten,97.88,False
D:/VIT TY SEM5/ML Project/FOODFRESHAI/data/raw/AgriFreshNET Freshness and Shelf-Life Image Datase/Processed Data/Processed Data/Semi Fresh Bittermelon ( 3-5)/aug_117_IMG_20251123_013122.jpg,Bittermelon,Semi-Fresh,Semi-Fresh,99.43,True
D:/VIT TY SEM5/ML Project/FOODFRESHAI/data/raw/AgriFreshNET Freshness and Shelf-Life Image Datase/Processed Data/Processed Data/Semi Fresh Bittermelon ( 3-5)/aug_123_IMG_20251123_013355.jpg,Bittermelon,Semi-Fresh,Semi-Fresh,90.5,True
D:/VIT TY SEM5/ML Project/FOODFRESHAI/data/raw/AgriFreshNET Freshness and Shelf-Life Image Datase/Processed Data/Processed Data/Semi Fresh Bittermelon ( 3-5)/aug_124_IMG_20251123_013047.jpg,Bittermelon,Semi-Fresh,Semi-Fresh,99.93,True
D:/VIT TY SEM5/ML Project/FOODFRESHAI/data/raw/AgriFreshNET Freshness and Shelf-Life Image Datase/Processed Data/Processed Data/Semi Fresh Bittermelon ( 3-5)/aug_142_IMG_20260120_004811.jpg,Bittermelon,Semi-Fresh,Semi-Fresh,98.87,True
D:/VIT TY SEM5/ML Project/FOODFRESHAI/data/raw/AgriFreshNET Freshness and Shelf-Life Image Datase/Processed Data/Processed Data/Semi Fresh Bittermelon ( 3-5)/aug_144_IMG_20260116_025858.jpg,Bittermelon,Semi-Fresh,Rotten,96.61,False
D:/VIT TY SEM5/ML Project/FOODFRESHAI/data/raw/AgriFreshNET Freshness and Shelf-Life Image Datase/Processed Data/Processed Data/Semi Fresh Bittermelon ( 3-5)/aug_146_IMG_20260120_004732.jpg,Bittermelon,Semi-Fresh,Semi-Fresh,92.92,True
D:/VIT TY SEM5/ML Project/FOODFRESHAI/data/raw/AgriFreshNET Freshness and Shelf-Life Image Datase/Processed Data/Processed Data/Semi Fresh Bittermelon ( 3-5)/aug_14_IMG_20260116_025919.jpg,Bittermelon,Semi-Fresh,Rotten,93.57,False
D:/VIT TY SEM5/ML Project/FOODFRESHAI/data/raw/AgriFreshNET Freshness and Shelf-Life Image Datase/Processed Data/Processed Data/Semi Fresh Bittermelon ( 3-5)/aug_156_IMG_20260116_025919.jpg,Bittermelon,Semi-Fresh,Rotten,95.03,False
D:/VIT TY SEM5/ML Project/FOODFRESHAI/data/raw/AgriFreshNET Freshness and Shelf-Life Image Datase/Processed Data/Processed Data/Semi Fresh Bittermelon ( 3-5)/aug_15_IMG_20260120_004811.jpg,Bittermelon,Semi-Fresh,Semi-Fresh,99.24,True
D:/VIT TY SEM5/ML Project/FOODFRESHAI/data/raw/AgriFreshNET Freshness and Shelf-Life Image Datase/Processed Data/Processed Data/Semi Fresh Bittermelon ( 3-5)/aug_161_IMG_20251121_081452.jpg,Bittermelon,Semi-Fresh,Semi-Fresh,50.61,True
D:/VIT TY SEM5/ML Project/FOODFRESHAI/data/raw/AgriFreshNET Freshness and Shelf-Life Image Datase/Processed Data/Processed Data/Semi Fresh Bittermelon ( 3-5)/aug_172_IMG_20251103_090540.jpg,Bittermelon,Semi-Fresh,Fresh,95.92,False
D:/VIT TY SEM5/ML Project/FOODFRESHAI/data/raw/AgriFreshNET Freshness and Shelf-Life Image Datase/Processed Data/Processed Data/Semi Fresh Bittermelon ( 3-5)/aug_194_IMG_20260120_004800.jpg,Bittermelon,Semi-Fresh,Semi-Fresh,99.98,True
D:/VIT TY SEM5/ML Project/FOODFRESHAI/data/raw/AgriFreshNET Freshness and Shelf-Life Image Datase/Processed Data/Processed Data/Semi Fresh Bittermelon ( 3-5)/aug_19_IMG_20251123_013127.jpg,Bittermelon,Semi-Fresh,Semi-Fresh,99.02,True
D:/VIT TY SEM5/ML Project/FOODFRESHAI/data/raw/AgriFreshNET Freshness and Shelf-Life Image Datase/Processed Data/Processed Data/Semi Fresh Bittermelon ( 3-5)/aug_200_IMG_20251123_013047.jpg,Bittermelon,Semi-Fresh,Semi-Fresh,99.95,True
D:/VIT TY SEM5/ML Project/FOODFRESHAI/data/raw/AgriFreshNET Freshness and Shelf-Life Image Datase/Processed Data/Processed Data/Semi Fresh Bittermelon ( 3-5)/aug_202_IMG_20251103_090535.jpg,Bittermelon,Semi-Fresh,Semi-Fresh,91.43,True
D:/VIT TY SEM5/ML Project/FOODFRESHAI/data/raw/AgriFreshNET Freshness and Shelf-Life Image Datase/Processed Data/Processed Data/Semi Fresh Bittermelon ( 3-5)/aug_208_IMG_20260116_025929.jpg,Bittermelon,Semi-Fresh,Semi-Fresh,100.0,True
D:/VIT TY SEM5/ML Project/FOODFRESHAI/data/raw/AgriFreshNET Freshness and Shelf-Life Image Datase/Processed Data/Processed Data/Semi Fresh Bittermelon ( 3-5)/aug_209_IMG_20251123_013355.jpg,Bittermelon,Semi-Fresh,Semi-Fresh,81.23,True
D:/VIT TY SEM5/ML Project/FOODFRESHAI/data/raw/AgriFreshNET Freshness and Shelf-Life Image Datase/Processed Data/Processed Data/Semi Fresh Bittermelon ( 3-5)/aug_210_IMG_20260122_003326.jpg,Bittermelon,Semi-Fresh,Rotten,93.17,False
D:/VIT TY SEM5/ML Project/FOODFRESHAI/data/raw/AgriFreshNET Freshness and Shelf-Life Image Datase/Processed Data/Processed Data/Semi Fresh Bittermelon ( 3-5)/aug_212_IMG_20260123_013958.jpg,Bittermelon,Semi-Fresh,Rotten,98.55,False
D:/VIT TY SEM5/ML Project/FOODFRESHAI/data/raw/AgriFreshNET Freshness and Shelf-Life Image Datase/Processed Data/Processed Data/Semi Fresh Bittermelon ( 3-5)/aug_218_IMG_20260116_025858.jpg,Bittermelon,Semi-Fresh,Rotten,96.03,False
D:/VIT TY SEM5/ML Project/FOODFRESHAI/data/raw/AgriFreshNET Freshness and Shelf-Life Image Datase/Processed Data/Processed Data/Semi Fresh Bittermelon ( 3-5)/aug_21_IMG_20260116_025858.jpg,Bittermelon,Semi-Fresh,Rotten,98.15,False
D:/VIT TY SEM5/ML Project/FOODFRESHAI/data/raw/AgriFreshNET Freshness and Shelf-Life Image Datase/Processed Data/Processed Data/Semi Fresh Bittermelon ( 3-5)/aug_222_IMG_20260116_025905.jpg,Bittermelon,Semi-Fresh,Semi-Fresh,100.0,True
D:/VIT TY SEM5/ML Project/FOODFRESHAI/data/raw/AgriFreshNET Freshness and Shelf-Life Image Datase/Processed Data/Processed Data/Semi Fresh Bittermelon ( 3-5)/aug_224_IMG_20260122_003326.jpg,Bittermelon,Semi-Fresh,Rotten,92.79,False
D:/VIT TY SEM5/ML Project/FOODFRESHAI/data/raw/AgriFreshNET Freshness and Shelf-Life Image Datase/Processed Data/Processed Data/Semi Fresh Bittermelon ( 3-5)/aug_226_IMG_20251123_013127.jpg,Bittermelon,Semi-Fresh,Semi-Fresh,98.82,True
D:/VIT TY SEM5/ML Project/FOODFRESHAI/data/raw/AgriFreshNET Freshness and Shelf-Life Image Datase/Processed Data/Processed Data/Semi Fresh Bittermelon ( 3-5)/aug_235_IMG_20251123_013122.jpg,Bittermelon,Semi-Fresh,Semi-Fresh,98.66,True
D:/VIT TY SEM5/ML Project/FOODFRESHAI/data/raw/AgriFreshNET Freshness and Shelf-Life Image Datase/Processed Data/Processed Data/Semi Fresh Bittermelon ( 3-5)/aug_236_IMG_20260116_025858.jpg,Bittermelon,Semi-Fresh,Rotten,94.0,False
D:/VIT TY SEM5/ML Project/FOODFRESHAI/data/raw/AgriFreshNET Freshness and Shelf-Life Image Datase/Processed Data/Processed Data/Semi Fresh Bittermelon ( 3-5)/aug_238_IMG_20251105_143056.jpg,Bittermelon,Semi-Fresh,Fresh,75.45,False
D:/VIT TY SEM5/ML Project/FOODFRESHAI/data/raw/AgriFreshNET Freshness and Shelf-Life Image Datase/Processed Data/Processed Data/Semi Fresh Bittermelon ( 3-5)/aug_240_IMG_20260120_004811.jpg,Bittermelon,Semi-Fresh,Semi-Fresh,99.21,True
D:/VIT TY SEM5/ML Project/FOODFRESHAI/data/raw/AgriFreshNET Freshness and Shelf-Life Image Datase/Processed Data/Processed Data/Semi Fresh Bittermelon ( 3-5)/aug_245_IMG_20251123_013127.jpg,Bittermelon,Semi-Fresh,Semi-Fresh,98.87,True
D:/VIT TY SEM5/ML Project/FOODFRESHAI/data/raw/AgriFreshNET Freshness and Shelf-Life Image Datase/Processed Data/Processed Data/Semi Fresh Bittermelon ( 3-5)/aug_263_IMG_20260120_004732.jpg,Bittermelon,Semi-Fresh,Semi-Fresh,99.35,True
D:/VIT TY SEM5/ML Project/FOODFRESHAI/data/raw/AgriFreshNET Freshness and Shelf-Life Image Datase/Processed Data/Processed Data/Semi Fresh Bittermelon ( 3-5)/aug_264_IMG_20260123_013958.jpg,Bittermelon,Semi-Fresh,Rotten,98.41,False
D:/VIT TY SEM5/ML Project/FOODFRESHAI/data/raw/AgriFreshNET Freshness and Shelf-Life Image Datase/Processed Data/Processed Data/Semi Fresh Bittermelon ( 3-5)/aug_270_IMG_20251105_143056.jpg,Bittermelon,Semi-Fresh,Semi-Fresh,85.96,True
D:/VIT TY SEM5/ML Project/FOODFRESHAI/data/raw/AgriFreshNET Freshness and Shelf-Life Image Datase/Processed Data/Processed Data/Semi Fresh Bittermelon ( 3-5)/aug_291_IMG_20260123_013958.jpg,Bittermelon,Semi-Fresh,Rotten,97.89,False
D:/VIT TY SEM5/ML Project/FOODFRESHAI/data/raw/AgriFreshNET Freshness and Shelf-Life Image Datase/Processed Data/Processed Data/Semi Fresh Bittermelon ( 3-5)/aug_304_IMG_20260120_004811.jpg,Bittermelon,Semi-Fresh,Semi-Fresh,98.64,True
D:/VIT TY SEM5/ML Project/FOODFRESHAI/data/raw/AgriFreshNET Freshness and Shelf-Life Image Datase/Processed Data/Processed Data/Semi Fresh Bittermelon ( 3-5)/aug_312_IMG_20251123_013047.jpg,Bittermelon,Semi-Fresh,Semi-Fresh,99.95,True
D:/VIT TY SEM5/ML Project/FOODFRESHAI/data/raw/AgriFreshNET Freshness and Shelf-Life Image Datase/Processed Data/Processed Data/Semi Fresh Bittermelon ( 3-5)/aug_316_IMG_20260123_013958.jpg,Bittermelon,Semi-Fresh,Rotten,97.74,False
D:/VIT TY SEM5/ML Project/FOODFRESHAI/data/raw/AgriFreshNET Freshness and Shelf-Life Image Datase/Processed Data/Processed Data/Semi Fresh Bittermelon ( 3-5)/aug_31_IMG_20251123_013122.jpg,Bittermelon,Semi-Fresh,Semi-Fresh,98.53,True
D:/VIT TY SEM5/ML Project/FOODFRESHAI/data/raw/AgriFreshNET Freshness and Shelf-Life Image Datase/Processed Data/Processed Data/Semi Fresh Bittermelon ( 3-5)/aug_321_IMG_20260116_025858.jpg,Bittermelon,Semi-Fresh,Rotten,92.7,False
D:/VIT TY SEM5/ML Project/FOODFRESHAI/data/raw/AgriFreshNET Freshness and Shelf-Life Image Datase/Processed Data/Processed Data/Semi Fresh Bittermelon ( 3-5)/aug_322_IMG_20251103_090535.jpg,Bittermelon,Semi-Fresh,Semi-Fresh,78.9,True
D:/VIT TY SEM5/ML Project/FOODFRESHAI/data/raw/AgriFreshNET Freshness and Shelf-Life Image Datase/Processed Data/Processed Data/Semi Fresh Bittermelon ( 3-5)/aug_323_IMG_20260120_004732.jpg,Bittermelon,Semi-Fresh,Semi-Fresh,98.66,True
D:/VIT TY SEM5/ML Project/FOODFRESHAI/data/raw/AgriFreshNET Freshness and Shelf-Life Image Datase/Processed Data/Processed Data/Semi Fresh Bittermelon ( 3-5)/aug_330_IMG_20260120_004811.jpg,Bittermelon,Semi-Fresh,Semi-Fresh,99.08,True
D:/VIT TY SEM5/ML Project/FOODFRESHAI/data/raw/AgriFreshNET Freshness and Shelf-Life Image Datase/Processed Data/Processed Data/Semi Fresh Bittermelon ( 3-5)/aug_331_IMG_20251103_090535.jpg,Bittermelon,Semi-Fresh,Semi-Fresh,87.62,True
D:/VIT TY SEM5/ML Project/FOODFRESHAI/data/raw/AgriFreshNET Freshness and Shelf-Life Image Datase/Processed Data/Processed Data/Semi Fresh Bittermelon ( 3-5)/aug_332_IMG_20251103_090540.jpg,Bittermelon,Semi-Fresh,Fresh,72.57,False
D:/VIT TY SEM5/ML Project/FOODFRESHAI/data/raw/AgriFreshNET Freshness and Shelf-Life Image Datase/Processed Data/Processed Data/Semi Fresh Bittermelon ( 3-5)/aug_333_IMG_20251123_013047.jpg,Bittermelon,Semi-Fresh,Semi-Fresh,99.99,True
D:/VIT TY SEM5/ML Project/FOODFRESHAI/data/raw/AgriFreshNET Freshness and Shelf-Life Image Datase/Processed Data/Processed Data/Semi Fresh Bittermelon ( 3-5)/aug_338_IMG_20260120_004811.jpg,Bittermelon,Semi-Fresh,Semi-Fresh,99.28,True
D:/VIT TY SEM5/ML Project/FOODFRESHAI/data/raw/AgriFreshNET Freshness and Shelf-Life Image Datase/Processed Data/Processed Data/Semi Fresh Bittermelon ( 3-5)/aug_339_IMG_20251103_090540.jpg,Bittermelon,Semi-Fresh,Fresh,99.51,False
D:/VIT TY SEM5/ML Project/FOODFRESHAI/data/raw/AgriFreshNET Freshness and Shelf-Life Image Datase/Processed Data/Processed Data/Semi Fresh Bittermelon ( 3-5)/aug_344_IMG_20251123_013047.jpg,Bittermelon,Semi-Fresh,Semi-Fresh,99.99,True
D:/VIT TY SEM5/ML Project/FOODFRESHAI/data/raw/AgriFreshNET Freshness and Shelf-Life Image Datase/Processed Data/Processed Data/Semi Fresh Bittermelon ( 3-5)/aug_386_IMG_20251103_090535.jpg,Bittermelon,Semi-Fresh,Semi-Fresh,88.26,True
D:/VIT TY SEM5/ML Project/FOODFRESHAI/data/raw/AgriFreshNET Freshness and Shelf-Life Image Datase/Processed Data/Processed Data/Semi Fresh Bittermelon ( 3-5)/aug_38_IMG_20251103_090540.jpg,Bittermelon,Semi-Fresh,Fresh,99.42,False
D:/VIT TY SEM5/ML Project/FOODFRESHAI/data/raw/AgriFreshNET Freshness and Shelf-Life Image Datase/Processed Data/Processed Data/Semi Fresh Bittermelon ( 3-5)/aug_409_IMG_20251123_013047.jpg,Bittermelon,Semi-Fresh,Semi-Fresh,99.98,True
D:/VIT TY SEM5/ML Project/FOODFRESHAI/data/raw/AgriFreshNET Freshness and Shelf-Life Image Datase/Processed Data/Processed Data/Semi Fresh Bittermelon ( 3-5)/aug_416_IMG_20260116_025919.jpg,Bittermelon,Semi-Fresh,Semi-Fresh,70.09,True
D:/VIT TY SEM5/ML Project/FOODFRESHAI/data/raw/AgriFreshNET Freshness and Shelf-Life Image Datase/Processed Data/Processed Data/Semi Fresh Bittermelon ( 3-5)/aug_418_IMG_20260116_025929.jpg,Bittermelon,Semi-Fresh,Semi-Fresh,100.0,True
D:/VIT TY SEM5/ML Project/FOODFRESHAI/data/raw/AgriFreshNET Freshness and Shelf-Life Image Datase/Processed Data/Processed Data/Semi Fresh Bittermelon ( 3-5)/aug_41_IMG_20251103_090535.jpg,Bittermelon,Semi-Fresh,Semi-Fresh,95.25,True
D:/VIT TY SEM5/ML Project/FOODFRESHAI/data/raw/AgriFreshNET Freshness and Shelf-Life Image Datase/Processed Data/Processed Data/Semi Fresh Bittermelon ( 3-5)/aug_422_IMG_20260116_025858.jpg,Bittermelon,Semi-Fresh,Rotten,90.42,False
D:/VIT TY SEM5/ML Project/FOODFRESHAI/data/raw/AgriFreshNET Freshness and Shelf-Life Image Datase/Processed Data/Processed Data/Semi Fresh Bittermelon ( 3-5)/aug_423_IMG_20251123_013127.jpg,Bittermelon,Semi-Fresh,Semi-Fresh,99.04,True
D:/VIT TY SEM5/ML Project/FOODFRESHAI/data/raw/AgriFreshNET Freshness and Shelf-Life Image Datase/Processed Data/Processed Data/Semi Fresh Bittermelon ( 3-5)/aug_429_IMG_20260116_025858.jpg,Bittermelon,Semi-Fresh,Rotten,91.73,False
D:/VIT TY SEM5/ML Project/FOODFRESHAI/data/raw/AgriFreshNET Freshness and Shelf-Life Image Datase/Processed Data/Processed Data/Semi Fresh Bittermelon ( 3-5)/aug_430_IMG_20251103_090535.jpg,Bittermelon,Semi-Fresh,Semi-Fresh,88.02,True
D:/VIT TY SEM5/ML Project/FOODFRESHAI/data/raw/AgriFreshNET Freshness and Shelf-Life Image Datase/Processed Data/Processed Data/Semi Fresh Bittermelon ( 3-5)/aug_447_IMG_20260122_003326.jpg,Bittermelon,Semi-Fresh,Rotten,84.85,False
D:/VIT TY SEM5/ML Project/FOODFRESHAI/data/raw/AgriFreshNET Freshness and Shelf-Life Image Datase/Processed Data/Processed Data/Semi Fresh Bittermelon ( 3-5)/aug_457_IMG_20251105_143056.jpg,Bittermelon,Semi-Fresh,Fresh,57.66,False
D:/VIT TY SEM5/ML Project/FOODFRESHAI/data/raw/AgriFreshNET Freshness and Shelf-Life Image Datase/Processed Data/Processed Data/Semi Fresh Bittermelon ( 3-5)/aug_459_IMG_20251123_013127.jpg,Bittermelon,Semi-Fresh,Semi-Fresh,99.72,True
D:/VIT TY SEM5/ML Project/FOODFRESHAI/data/raw/AgriFreshNET Freshness and Shelf-Life Image Datase/Processed Data/Processed Data/Semi Fresh Bittermelon ( 3-5)/aug_461_IMG_20251123_013047.jpg,Bittermelon,Semi-Fresh,Semi-Fresh,99.95,True
D:/VIT TY SEM5/ML Project/FOODFRESHAI/data/raw/AgriFreshNET Freshness and Shelf-Life Image Datase/Processed Data/Processed Data/Semi Fresh Bittermelon ( 3-5)/aug_473_IMG_20251103_090535.jpg,Bittermelon,Semi-Fresh,Semi-Fresh,62.46,True
D:/VIT TY SEM5/ML Project/FOODFRESHAI/data/raw/AgriFreshNET Freshness and Shelf-Life Image Datase/Processed Data/Processed Data/Semi Fresh Bittermelon ( 3-5)/aug_475_IMG_20260116_025919.jpg,Bittermelon,Semi-Fresh,Semi-Fresh,56.16,True
D:/VIT TY SEM5/ML Project/FOODFRESHAI/data/raw/AgriFreshNET Freshness and Shelf-Life Image Datase/Processed Data/Processed Data/Semi Fresh Bittermelon ( 3-5)/aug_59_IMG_20260116_025919.jpg,Bittermelon,Semi-Fresh,Semi-Fresh,72.35,True
D:/VIT TY SEM5/ML Project/FOODFRESHAI/data/raw/AgriFreshNET Freshness and Shelf-Life Image Datase/Processed Data/Processed Data/Semi Fresh Bittermelon ( 3-5)/aug_61_IMG_20251123_013122.jpg,Bittermelon,Semi-Fresh,Semi-Fresh,99.87,True
D:/VIT TY SEM5/ML Project/FOODFRESHAI/data/raw/AgriFreshNET Freshness and Shelf-Life Image Datase/Processed Data/Processed Data/Semi Fresh Bittermelon ( 3-5)/aug_65_IMG_20251105_143056.jpg,Bittermelon,Semi-Fresh,Fresh,54.01,False
D:/VIT TY SEM5/ML Project/FOODFRESHAI/data/raw/AgriFreshNET Freshness and Shelf-Life Image Datase/Processed Data/Processed Data/Semi Fresh Bittermelon ( 3-5)/aug_69_IMG_20260120_004800.jpg,Bittermelon,Semi-Fresh,Semi-Fresh,99.98,True
D:/VIT TY SEM5/ML Project/FOODFRESHAI/data/raw/AgriFreshNET Freshness and Shelf-Life Image Datase/Processed Data/Processed Data/Semi Fresh Bittermelon ( 3-5)/aug_82_IMG_20251103_090540.jpg,Bittermelon,Semi-Fresh,Fresh,95.23,False
D:/VIT TY SEM5/ML Project/FOODFRESHAI/data/raw/AgriFreshNET Freshness and Shelf-Life Image Datase/Processed Data/Processed Data/Semi Fresh Bittermelon ( 3-5)/aug_89_IMG_20260116_025919.jpg,Bittermelon,Semi-Fresh,Rotten,94.5,False
D:/VIT TY SEM5/ML Project/FOODFRESHAI/data/raw/AgriFreshNET Freshness and Shelf-Life Image Datase/Processed Data/Processed Data/Semi Fresh Bittermelon ( 3-5)/aug_91_IMG_20251123_013122.jpg,Bittermelon,Semi-Fresh,Semi-Fresh,99.21,True
D:/VIT TY SEM5/ML Project/FOODFRESHAI/data/raw/AgriFreshNET Freshness and Shelf-Life Image Datase/Processed Data/Processed Data/Semi Fresh Bittermelon ( 3-5)/IMG_20251103_090535.jpg,Bittermelon,Semi-Fresh,Semi-Fresh,92.65,True
D:/VIT TY SEM5/ML Project/FOODFRESHAI/data/raw/AgriFreshNET Freshness and Shelf-Life Image Datase/Processed Data/Processed Data/Semi Fresh Bittermelon ( 3-5)/IMG_20251103_090540.jpg,Bittermelon,Semi-Fresh,Fresh,97.1,False
D:/VIT TY SEM5/ML Project/FOODFRESHAI/data/raw/AgriFreshNET Freshness and Shelf-Life Image Datase/Processed Data/Processed Data/Semi Fresh Bittermelon ( 3-5)/IMG_20251105_143056.jpg,Bittermelon,Semi-Fresh,Semi-Fresh,70.2,True
D:/VIT TY SEM5/ML Project/FOODFRESHAI/data/raw/AgriFreshNET Freshness and Shelf-Life Image Datase/Processed Data/Processed Data/Semi Fresh Bittermelon ( 3-5)/IMG_20251121_081452.jpg,Bittermelon,Semi-Fresh,Semi-Fresh,75.33,True
D:/VIT TY SEM5/ML Project/FOODFRESHAI/data/raw/AgriFreshNET Freshness and Shelf-Life Image Datase/Processed Data/Processed Data/Semi Fresh Bittermelon ( 3-5)/IMG_20251123_013047.jpg,Bittermelon,Semi-Fresh,Semi-Fresh,99.98,True
D:/VIT TY SEM5/ML Project/FOODFRESHAI/data/raw/AgriFreshNET Freshness and Shelf-Life Image Datase/Processed Data/Processed Data/Semi Fresh Bittermelon ( 3-5)/IMG_20251123_013122.jpg,Bittermelon,Semi-Fresh,Semi-Fresh,98.79,True
D:/VIT TY SEM5/ML Project/FOODFRESHAI/data/raw/AgriFreshNET Freshness and Shelf-Life Image Datase/Processed Data/Processed Data/Semi Fresh Bittermelon ( 3-5)/IMG_20251123_013127.jpg,Bittermelon,Semi-Fresh,Semi-Fresh,99.02,True
D:/VIT TY SEM5/ML Project/FOODFRESHAI/data/raw/AgriFreshNET Freshness and Shelf-Life Image Datase/Processed Data/Processed Data/Semi Fresh Bittermelon ( 3-5)/IMG_20251123_013355.jpg,Bittermelon,Semi-Fresh,Semi-Fresh,71.18,True
D:/VIT TY SEM5/ML Project/FOODFRESHAI/data/raw/AgriFreshNET Freshness and Shelf-Life Image Datase/Processed Data/Processed Data/Semi Fresh Bittermelon ( 3-5)/IMG_20260116_025858.jpg,Bittermelon,Semi-Fresh,Rotten,95.99,False
D:/VIT TY SEM5/ML Project/FOODFRESHAI/data/raw/AgriFreshNET Freshness and Shelf-Life Image Datase/Processed Data/Processed Data/Semi Fresh Bittermelon ( 3-5)/IMG_20260116_025905.jpg,Bittermelon,Semi-Fresh,Semi-Fresh,100.0,True
D:/VIT TY SEM5/ML Project/FOODFRESHAI/data/raw/AgriFreshNET Freshness and Shelf-Life Image Datase/Processed Data/Processed Data/Semi Fresh Bittermelon ( 3-5)/IMG_20260116_025919.jpg,Bittermelon,Semi-Fresh,Rotten,89.7,False
D:/VIT TY SEM5/ML Project/FOODFRESHAI/data/raw/AgriFreshNET Freshness and Shelf-Life Image Datase/Processed Data/Processed Data/Semi Fresh Bittermelon ( 3-5)/IMG_20260116_025929.jpg,Bittermelon,Semi-Fresh,Semi-Fresh,100.0,True
D:/VIT TY SEM5/ML Project/FOODFRESHAI/data/raw/AgriFreshNET Freshness and Shelf-Life Image Datase/Processed Data/Processed Data/Semi Fresh Bittermelon ( 3-5)/IMG_20260120_004732.jpg,Bittermelon,Semi-Fresh,Semi-Fresh,98.66,True
D:/VIT TY SEM5/ML Project/FOODFRESHAI/data/raw/AgriFreshNET Freshness and Shelf-Life Image Datase/Processed Data/Processed Data/Semi Fresh Bittermelon ( 3-5)/IMG_20260120_004800.jpg,Bittermelon,Semi-Fresh,Semi-Fresh,99.99,True
D:/VIT TY SEM5/ML Project/FOODFRESHAI/data/raw/AgriFreshNET Freshness and Shelf-Life Image Datase/Processed Data/Processed Data/Semi Fresh Bittermelon ( 3-5)/IMG_20260120_004811.jpg,Bittermelon,Semi-Fresh,Semi-Fresh,99.45,True
D:/VIT TY SEM5/ML Project/FOODFRESHAI/data/raw/AgriFreshNET Freshness and Shelf-Life Image Datase/Processed Data/Processed Data/Semi Fresh Bittermelon ( 3-5)/IMG_20260122_003326.jpg,Bittermelon,Semi-Fresh,Rotten,96.16,False
D:/VIT TY SEM5/ML Project/FOODFRESHAI/data/raw/AgriFreshNET Freshness and Shelf-Life Image Datase/Processed Data/Processed Data/Semi Fresh Bittermelon ( 3-5)/IMG_20260123_013958.jpg,Bittermelon,Semi-Fresh,Rotten,97.78,False
D:/VIT TY SEM5/ML Project/FOODFRESHAI/data/raw/AgriFreshNET Freshness and Shelf-Life Image Datase/Processed Data/Processed Data/Semi Fresh Cucumber(6-12)/aug_103_IMG_20260212_155500.jpg,Cucumber,Semi-Fresh,Fresh,66.21,False
D:/VIT TY SEM5/ML Project/FOODFRESHAI/data/raw/AgriFreshNET Freshness and Shelf-Life Image Datase/Processed Data/Processed Data/Semi Fresh Cucumber(6-12)/aug_109_IMG_20260212_155416.jpg,Cucumber,Semi-Fresh,Semi-Fresh,77.49,True
D:/VIT TY SEM5/ML Project/FOODFRESHAI/data/raw/AgriFreshNET Freshness and Shelf-Life Image Datase/Processed Data/Processed Data/Semi Fresh Cucumber(6-12)/aug_110_IMG_20260212_155732.jpg,Cucumber,Semi-Fresh,Semi-Fresh,99.99,True
D:/VIT TY SEM5/ML Project/FOODFRESHAI/data/raw/AgriFreshNET Freshness and Shelf-Life Image Datase/Processed Data/Processed Data/Semi Fresh Cucumber(6-12)/aug_113_IMG_20260212_155416.jpg,Cucumber,Semi-Fresh,Semi-Fresh,84.53,True
D:/VIT TY SEM5/ML Project/FOODFRESHAI/data/raw/AgriFreshNET Freshness and Shelf-Life Image Datase/Processed Data/Processed Data/Semi Fresh Cucumber(6-12)/aug_114_IMG_20260212_155231.jpg,Cucumber,Semi-Fresh,Semi-Fresh,99.99,True
D:/VIT TY SEM5/ML Project/FOODFRESHAI/data/raw/AgriFreshNET Freshness and Shelf-Life Image Datase/Processed Data/Processed Data/Semi Fresh Cucumber(6-12)/aug_117_IMG_20260212_155150.jpg,Cucumber,Semi-Fresh,Semi-Fresh,99.91,True
D:/VIT TY SEM5/ML Project/FOODFRESHAI/data/raw/AgriFreshNET Freshness and Shelf-Life Image Datase/Processed Data/Processed Data/Semi Fresh Cucumber(6-12)/aug_12_IMG_20260212_155416.jpg,Cucumber,Semi-Fresh,Semi-Fresh,76.27,True
D:/VIT TY SEM5/ML Project/FOODFRESHAI/data/raw/AgriFreshNET Freshness and Shelf-Life Image Datase/Processed Data/Processed Data/Semi Fresh Cucumber(6-12)/aug_130_IMG_20260120_005125.jpg,Cucumber,Semi-Fresh,Semi-Fresh,99.54,True
D:/VIT TY SEM5/ML Project/FOODFRESHAI/data/raw/AgriFreshNET Freshness and Shelf-Life Image Datase/Processed Data/Processed Data/Semi Fresh Cucumber(6-12)/aug_137_IMG_20260120_005105.jpg,Cucumber,Semi-Fresh,Semi-Fresh,98.64,True
D:/VIT TY SEM5/ML Project/FOODFRESHAI/data/raw/AgriFreshNET Freshness and Shelf-Life Image Datase/Processed Data/Processed Data/Semi Fresh Cucumber(6-12)/aug_13_IMG_20251117_160429.jpg,Cucumber,Semi-Fresh,Semi-Fresh,96.84,True
D:/VIT TY SEM5/ML Project/FOODFRESHAI/data/raw/AgriFreshNET Freshness and Shelf-Life Image Datase/Processed Data/Processed Data/Semi Fresh Cucumber(6-12)/aug_147_IMG_20260212_155152.jpg,Cucumber,Semi-Fresh,Semi-Fresh,98.61,True
D:/VIT TY SEM5/ML Project/FOODFRESHAI/data/raw/AgriFreshNET Freshness and Shelf-Life Image Datase/Processed Data/Processed Data/Semi Fresh Cucumber(6-12)/aug_152_IMG_20260120_004341.jpg,Cucumber,Semi-Fresh,Semi-Fresh,95.36,True
D:/VIT TY SEM5/ML Project/FOODFRESHAI/data/raw/AgriFreshNET Freshness and Shelf-Life Image Datase/Processed Data/Processed Data/Semi Fresh Cucumber(6-12)/aug_154_IMG_20260212_155300.jpg,Cucumber,Semi-Fresh,Semi-Fresh,99.17,True
D:/VIT TY SEM5/ML Project/FOODFRESHAI/data/raw/AgriFreshNET Freshness and Shelf-Life Image Datase/Processed Data/Processed Data/Semi Fresh Cucumber(6-12)/aug_160_IMG_20260125_005532.jpg,Cucumber,Semi-Fresh,Semi-Fresh,69.58,True
D:/VIT TY SEM5/ML Project/FOODFRESHAI/data/raw/AgriFreshNET Freshness and Shelf-Life Image Datase/Processed Data/Processed Data/Semi Fresh Cucumber(6-12)/aug_162_IMG_20260212_155606_1.jpg,Cucumber,Semi-Fresh,Semi-Fresh,100.0,True
D:/VIT TY SEM5/ML Project/FOODFRESHAI/data/raw/AgriFreshNET Freshness and Shelf-Life Image Datase/Processed Data/Processed Data/Semi Fresh Cucumber(6-12)/aug_171_IMG_20260212_155300.jpg,Cucumber,Semi-Fresh,Semi-Fresh,99.88,True
D:/VIT TY SEM5/ML Project/FOODFRESHAI/data/raw/AgriFreshNET Freshness and Shelf-Life Image Datase/Processed Data/Processed Data/Semi Fresh Cucumber(6-12)/aug_172_IMG_20260120_004423.jpg,Cucumber,Semi-Fresh,Rotten,78.0,False
D:/VIT TY SEM5/ML Project/FOODFRESHAI/data/raw/AgriFreshNET Freshness and Shelf-Life Image Datase/Processed Data/Processed Data/Semi Fresh Cucumber(6-12)/aug_183_IMG_20260212_155416.jpg,Cucumber,Semi-Fresh,Semi-Fresh,86.35,True
D:/VIT TY SEM5/ML Project/FOODFRESHAI/data/raw/AgriFreshNET Freshness and Shelf-Life Image Datase/Processed Data/Processed Data/Semi Fresh Cucumber(6-12)/aug_18_IMG_20260120_004341.jpg,Cucumber,Semi-Fresh,Semi-Fresh,92.01,True
D:/VIT TY SEM5/ML Project/FOODFRESHAI/data/raw/AgriFreshNET Freshness and Shelf-Life Image Datase/Processed Data/Processed Data/Semi Fresh Cucumber(6-12)/aug_198_IMG_20260120_004402.jpg,Cucumber,Semi-Fresh,Semi-Fresh,93.96,True
D:/VIT TY SEM5/ML Project/FOODFRESHAI/data/raw/AgriFreshNET Freshness and Shelf-Life Image Datase/Processed Data/Processed Data/Semi Fresh Cucumber(6-12)/aug_205_IMG_20260212_155633.jpg,Cucumber,Semi-Fresh,Semi-Fresh,99.4,True
D:/VIT TY SEM5/ML Project/FOODFRESHAI/data/raw/AgriFreshNET Freshness and Shelf-Life Image Datase/Processed Data/Processed Data/Semi Fresh Cucumber(6-12)/aug_208_IMG_20260120_004409.jpg,Cucumber,Semi-Fresh,Semi-Fresh,77.58,True
D:/VIT TY SEM5/ML Project/FOODFRESHAI/data/raw/AgriFreshNET Freshness and Shelf-Life Image Datase/Processed Data/Processed Data/Semi Fresh Cucumber(6-12)/aug_219_IMG_20260120_004402.jpg,Cucumber,Semi-Fresh,Semi-Fresh,98.15,True
D:/VIT TY SEM5/ML Project/FOODFRESHAI/data/raw/AgriFreshNET Freshness and Shelf-Life Image Datase/Processed Data/Processed Data/Semi Fresh Cucumber(6-12)/aug_220_IMG_20260120_004423.jpg,Cucumber,Semi-Fresh,Semi-Fresh,66.89,True
D:/VIT TY SEM5/ML Project/FOODFRESHAI/data/raw/AgriFreshNET Freshness and Shelf-Life Image Datase/Processed Data/Processed Data/Semi Fresh Cucumber(6-12)/aug_231_IMG_20260212_155339.jpg,Cucumber,Semi-Fresh,Semi-Fresh,98.0,True
D:/VIT TY SEM5/ML Project/FOODFRESHAI/data/raw/AgriFreshNET Freshness and Shelf-Life Image Datase/Processed Data/Processed Data/Semi Fresh Cucumber(6-12)/aug_242_IMG_20260212_155339.jpg,Cucumber,Semi-Fresh,Semi-Fresh,99.92,True
D:/VIT TY SEM5/ML Project/FOODFRESHAI/data/raw/AgriFreshNET Freshness and Shelf-Life Image Datase/Processed Data/Processed Data/Semi Fresh Cucumber(6-12)/aug_248_IMG_20260125_005532.jpg,Cucumber,Semi-Fresh,Semi-Fresh,77.53,True
D:/VIT TY SEM5/ML Project/FOODFRESHAI/data/raw/AgriFreshNET Freshness and Shelf-Life Image Datase/Processed Data/Processed Data/Semi Fresh Cucumber(6-12)/aug_252_IMG_20260125_005533.jpg,Cucumber,Semi-Fresh,Semi-Fresh,84.64,True
D:/VIT TY SEM5/ML Project/FOODFRESHAI/data/raw/AgriFreshNET Freshness and Shelf-Life Image Datase/Processed Data/Processed Data/Semi Fresh Cucumber(6-12)/aug_254_IMG_20260212_155545_1.jpg,Cucumber,Semi-Fresh,Semi-Fresh,54.86,True
D:/VIT TY SEM5/ML Project/FOODFRESHAI/data/raw/AgriFreshNET Freshness and Shelf-Life Image Datase/Processed Data/Processed Data/Semi Fresh Cucumber(6-12)/aug_255_IMG_20260212_155445_1.jpg,Cucumber,Semi-Fresh,Semi-Fresh,71.74,True
D:/VIT TY SEM5/ML Project/FOODFRESHAI/data/raw/AgriFreshNET Freshness and Shelf-Life Image Datase/Processed Data/Processed Data/Semi Fresh Cucumber(6-12)/aug_263_IMG_20260125_005533.jpg,Cucumber,Semi-Fresh,Semi-Fresh,88.71,True
D:/VIT TY SEM5/ML Project/FOODFRESHAI/data/raw/AgriFreshNET Freshness and Shelf-Life Image Datase/Processed Data/Processed Data/Semi Fresh Cucumber(6-12)/aug_266_IMG_20260120_004423.jpg,Cucumber,Semi-Fresh,Fresh,54.6,False
D:/VIT TY SEM5/ML Project/FOODFRESHAI/data/raw/AgriFreshNET Freshness and Shelf-Life Image Datase/Processed Data/Processed Data/Semi Fresh Cucumber(6-12)/aug_26_IMG_20260120_004423.jpg,Cucumber,Semi-Fresh,Fresh,47.47,False
D:/VIT TY SEM5/ML Project/FOODFRESHAI/data/raw/AgriFreshNET Freshness and Shelf-Life Image Datase/Processed Data/Processed Data/Semi Fresh Cucumber(6-12)/aug_272_IMG_20260120_004341.jpg,Cucumber,Semi-Fresh,Semi-Fresh,98.42,True
D:/VIT TY SEM5/ML Project/FOODFRESHAI/data/raw/AgriFreshNET Freshness and Shelf-Life Image Datase/Processed Data/Processed Data/Semi Fresh Cucumber(6-12)/aug_292_IMG_20260212_155545_1.jpg,Cucumber,Semi-Fresh,Fresh,57.23,False
D:/VIT TY SEM5/ML Project/FOODFRESHAI/data/raw/AgriFreshNET Freshness and Shelf-Life Image Datase/Processed Data/Processed Data/Semi Fresh Cucumber(6-12)/aug_300_IMG_20260125_005549.jpg,Cucumber,Semi-Fresh,Semi-Fresh,92.69,True
D:/VIT TY SEM5/ML Project/FOODFRESHAI/data/raw/AgriFreshNET Freshness and Shelf-Life Image Datase/Processed Data/Processed Data/Semi Fresh Cucumber(6-12)/aug_319_IMG_20260212_155545_1.jpg,Cucumber,Semi-Fresh,Fresh,53.55,False
D:/VIT TY SEM5/ML Project/FOODFRESHAI/data/raw/AgriFreshNET Freshness and Shelf-Life Image Datase/Processed Data/Processed Data/Semi Fresh Cucumber(6-12)/aug_31_IMG_20260212_155442.jpg,Cucumber,Semi-Fresh,Fresh,82.12,False
D:/VIT TY SEM5/ML Project/FOODFRESHAI/data/raw/AgriFreshNET Freshness and Shelf-Life Image Datase/Processed Data/Processed Data/Semi Fresh Cucumber(6-12)/aug_33_IMG_20260212_155445_1.jpg,Cucumber,Semi-Fresh,Semi-Fresh,99.67,True
D:/VIT TY SEM5/ML Project/FOODFRESHAI/data/raw/AgriFreshNET Freshness and Shelf-Life Image Datase/Processed Data/Processed Data/Semi Fresh Cucumber(6-12)/aug_342_IMG_20260212_155445_1.jpg,Cucumber,Semi-Fresh,Semi-Fresh,99.91,True
D:/VIT TY SEM5/ML Project/FOODFRESHAI/data/raw/AgriFreshNET Freshness and Shelf-Life Image Datase/Processed Data/Processed Data/Semi Fresh Cucumber(6-12)/aug_347_IMG_20260120_005047.jpg,Cucumber,Semi-Fresh,Semi-Fresh,99.64,True
D:/VIT TY SEM5/ML Project/FOODFRESHAI/data/raw/AgriFreshNET Freshness and Shelf-Life Image Datase/Processed Data/Processed Data/Semi Fresh Cucumber(6-12)/aug_356_IMG_20260212_155339.jpg,Cucumber,Semi-Fresh,Semi-Fresh,99.46,True
D:/VIT TY SEM5/ML Project/FOODFRESHAI/data/raw/AgriFreshNET Freshness and Shelf-Life Image Datase/Processed Data/Processed Data/Semi Fresh Cucumber(6-12)/aug_360_IMG_20260212_155503.jpg,Cucumber,Semi-Fresh,Semi-Fresh,71.58,True
D:/VIT TY SEM5/ML Project/FOODFRESHAI/data/raw/AgriFreshNET Freshness and Shelf-Life Image Datase/Processed Data/Processed Data/Semi Fresh Cucumber(6-12)/aug_36_IMG_20260212_155231.jpg,Cucumber,Semi-Fresh,Semi-Fresh,99.97,True
D:/VIT TY SEM5/ML Project/FOODFRESHAI/data/raw/AgriFreshNET Freshness and Shelf-Life Image Datase/Processed Data/Processed Data/Semi Fresh Cucumber(6-12)/aug_3_IMG_20260120_004341.jpg,Cucumber,Semi-Fresh,Semi-Fresh,75.62,True
D:/VIT TY SEM5/ML Project/FOODFRESHAI/data/raw/AgriFreshNET Freshness and Shelf-Life Image Datase/Processed Data/Processed Data/Semi Fresh Cucumber(6-12)/aug_49_IMG_20260212_155300.jpg,Cucumber,Semi-Fresh,Semi-Fresh,99.02,True
D:/VIT TY SEM5/ML Project/FOODFRESHAI/data/raw/AgriFreshNET Freshness and Shelf-Life Image Datase/Processed Data/Processed Data/Semi Fresh Cucumber(6-12)/aug_58_IMG_20260125_005557.jpg,Cucumber,Semi-Fresh,Semi-Fresh,91.76,True
D:/VIT TY SEM5/ML Project/FOODFRESHAI/data/raw/AgriFreshNET Freshness and Shelf-Life Image Datase/Processed Data/Processed Data/Semi Fresh Cucumber(6-12)/aug_74_IMG_20260125_005549.jpg,Cucumber,Semi-Fresh,Semi-Fresh,94.07,True
D:/VIT TY SEM5/ML Project/FOODFRESHAI/data/raw/AgriFreshNET Freshness and Shelf-Life Image Datase/Processed Data/Processed Data/Semi Fresh Cucumber(6-12)/aug_75_IMG_20260212_155300.jpg,Cucumber,Semi-Fresh,Semi-Fresh,99.85,True
D:/VIT TY SEM5/ML Project/FOODFRESHAI/data/raw/AgriFreshNET Freshness and Shelf-Life Image Datase/Processed Data/Processed Data/Semi Fresh Cucumber(6-12)/aug_7_IMG_20260212_155243.jpg,Cucumber,Semi-Fresh,Semi-Fresh,79.98,True
D:/VIT TY SEM5/ML Project/FOODFRESHAI/data/raw/AgriFreshNET Freshness and Shelf-Life Image Datase/Processed Data/Processed Data/Semi Fresh Cucumber(6-12)/aug_80_IMG_20260212_155354.jpg,Cucumber,Semi-Fresh,Semi-Fresh,67.27,True
D:/VIT TY SEM5/ML Project/FOODFRESHAI/data/raw/AgriFreshNET Freshness and Shelf-Life Image Datase/Processed Data/Processed Data/Semi Fresh Cucumber(6-12)/aug_85_IMG_20260120_005047.jpg,Cucumber,Semi-Fresh,Semi-Fresh,99.6,True
D:/VIT TY SEM5/ML Project/FOODFRESHAI/data/raw/AgriFreshNET Freshness and Shelf-Life Image Datase/Processed Data/Processed Data/Semi Fresh Cucumber(6-12)/aug_87_IMG_20260212_155150.jpg,Cucumber,Semi-Fresh,Semi-Fresh,99.96,True
D:/VIT TY SEM5/ML Project/FOODFRESHAI/data/raw/AgriFreshNET Freshness and Shelf-Life Image Datase/Processed Data/Processed Data/Semi Fresh Cucumber(6-12)/aug_90_IMG_20260120_004423.jpg,Cucumber,Semi-Fresh,Rotten,62.75,False
D:/VIT TY SEM5/ML Project/FOODFRESHAI/data/raw/AgriFreshNET Freshness and Shelf-Life Image Datase/Processed Data/Processed Data/Semi Fresh Cucumber(6-12)/aug_97_IMG_20260212_155503.jpg,Cucumber,Semi-Fresh,Semi-Fresh,78.18,True
D:/VIT TY SEM5/ML Project/FOODFRESHAI/data/raw/AgriFreshNET Freshness and Shelf-Life Image Datase/Processed Data/Processed Data/Semi Fresh Cucumber(6-12)/aug_98_IMG_20260212_155503.jpg,Cucumber,Semi-Fresh,Semi-Fresh,66.55,True
D:/VIT TY SEM5/ML Project/FOODFRESHAI/data/raw/AgriFreshNET Freshness and Shelf-Life Image Datase/Processed Data/Processed Data/Semi Fresh Cucumber(6-12)/IMG_20251117_160429.jpg,Cucumber,Semi-Fresh,Semi-Fresh,97.07,True
D:/VIT TY SEM5/ML Project/FOODFRESHAI/data/raw/AgriFreshNET Freshness and Shelf-Life Image Datase/Processed Data/Processed Data/Semi Fresh Cucumber(6-12)/IMG_20260120_004341.jpg,Cucumber,Semi-Fresh,Semi-Fresh,94.88,True
D:/VIT TY SEM5/ML Project/FOODFRESHAI/data/raw/AgriFreshNET Freshness and Shelf-Life Image Datase/Processed Data/Processed Data/Semi Fresh Cucumber(6-12)/IMG_20260120_004346.jpg,Cucumber,Semi-Fresh,Semi-Fresh,99.97,True
D:/VIT TY SEM5/ML Project/FOODFRESHAI/data/raw/AgriFreshNET Freshness and Shelf-Life Image Datase/Processed Data/Processed Data/Semi Fresh Cucumber(6-12)/IMG_20260120_004402.jpg,Cucumber,Semi-Fresh,Semi-Fresh,96.16,True
D:/VIT TY SEM5/ML Project/FOODFRESHAI/data/raw/AgriFreshNET Freshness and Shelf-Life Image Datase/Processed Data/Processed Data/Semi Fresh Cucumber(6-12)/IMG_20260120_004409.jpg,Cucumber,Semi-Fresh,Semi-Fresh,92.35,True
D:/VIT TY SEM5/ML Project/FOODFRESHAI/data/raw/AgriFreshNET Freshness and Shelf-Life Image Datase/Processed Data/Processed Data/Semi Fresh Cucumber(6-12)/IMG_20260120_004423.jpg,Cucumber,Semi-Fresh,Rotten,65.16,False
D:/VIT TY SEM5/ML Project/FOODFRESHAI/data/raw/AgriFreshNET Freshness and Shelf-Life Image Datase/Processed Data/Processed Data/Semi Fresh Cucumber(6-12)/IMG_20260120_005047.jpg,Cucumber,Semi-Fresh,Semi-Fresh,99.46,True
D:/VIT TY SEM5/ML Project/FOODFRESHAI/data/raw/AgriFreshNET Freshness and Shelf-Life Image Datase/Processed Data/Processed Data/Semi Fresh Cucumber(6-12)/IMG_20260120_005105.jpg,Cucumber,Semi-Fresh,Semi-Fresh,98.24,True
D:/VIT TY SEM5/ML Project/FOODFRESHAI/data/raw/AgriFreshNET Freshness and Shelf-Life Image Datase/Processed Data/Processed Data/Semi Fresh Cucumber(6-12)/IMG_20260120_005125.jpg,Cucumber,Semi-Fresh,Semi-Fresh,99.6,True
D:/VIT TY SEM5/ML Project/FOODFRESHAI/data/raw/AgriFreshNET Freshness and Shelf-Life Image Datase/Processed Data/Processed Data/Semi Fresh Cucumber(6-12)/IMG_20260122_003534.jpg,Cucumber,Semi-Fresh,Semi-Fresh,98.96,True
D:/VIT TY SEM5/ML Project/FOODFRESHAI/data/raw/AgriFreshNET Freshness and Shelf-Life Image Datase/Processed Data/Processed Data/Semi Fresh Cucumber(6-12)/IMG_20260125_005532.jpg,Cucumber,Semi-Fresh,Semi-Fresh,92.19,True
D:/VIT TY SEM5/ML Project/FOODFRESHAI/data/raw/AgriFreshNET Freshness and Shelf-Life Image Datase/Processed Data/Processed Data/Semi Fresh Cucumber(6-12)/IMG_20260125_005533.jpg,Cucumber,Semi-Fresh,Semi-Fresh,90.27,True
D:/VIT TY SEM5/ML Project/FOODFRESHAI/data/raw/AgriFreshNET Freshness and Shelf-Life Image Datase/Processed Data/Processed Data/Semi Fresh Cucumber(6-12)/IMG_20260125_005549.jpg,Cucumber,Semi-Fresh,Semi-Fresh,95.22,True
D:/VIT TY SEM5/ML Project/FOODFRESHAI/data/raw/AgriFreshNET Freshness and Shelf-Life Image Datase/Processed Data/Processed Data/Semi Fresh Cucumber(6-12)/IMG_20260125_005557.jpg,Cucumber,Semi-Fresh,Semi-Fresh,92.11,True
D:/VIT TY SEM5/ML Project/FOODFRESHAI/data/raw/AgriFreshNET Freshness and Shelf-Life Image Datase/Processed Data/Processed Data/Semi Fresh Cucumber(6-12)/IMG_20260212_155150.jpg,Cucumber,Semi-Fresh,Semi-Fresh,99.95,True
D:/VIT TY SEM5/ML Project/FOODFRESHAI/data/raw/AgriFreshNET Freshness and Shelf-Life Image Datase/Processed Data/Processed Data/Semi Fresh Cucumber(6-12)/IMG_20260212_155152.jpg,Cucumber,Semi-Fresh,Semi-Fresh,98.83,True
D:/VIT TY SEM5/ML Project/FOODFRESHAI/data/raw/AgriFreshNET Freshness and Shelf-Life Image Datase/Processed Data/Processed Data/Semi Fresh Cucumber(6-12)/IMG_20260212_155231.jpg,Cucumber,Semi-Fresh,Semi-Fresh,100.0,True
D:/VIT TY SEM5/ML Project/FOODFRESHAI/data/raw/AgriFreshNET Freshness and Shelf-Life Image Datase/Processed Data/Processed Data/Semi Fresh Cucumber(6-12)/IMG_20260212_155243.jpg,Cucumber,Semi-Fresh,Semi-Fresh,84.81,True
D:/VIT TY SEM5/ML Project/FOODFRESHAI/data/raw/AgriFreshNET Freshness and Shelf-Life Image Datase/Processed Data/Processed Data/Semi Fresh Cucumber(6-12)/IMG_20260212_155300.jpg,Cucumber,Semi-Fresh,Semi-Fresh,99.92,True
D:/VIT TY SEM5/ML Project/FOODFRESHAI/data/raw/AgriFreshNET Freshness and Shelf-Life Image Datase/Processed Data/Processed Data/Semi Fresh Cucumber(6-12)/IMG_20260212_155323.jpg,Cucumber,Semi-Fresh,Semi-Fresh,100.0,True
D:/VIT TY SEM5/ML Project/FOODFRESHAI/data/raw/AgriFreshNET Freshness and Shelf-Life Image Datase/Processed Data/Processed Data/Semi Fresh Cucumber(6-12)/IMG_20260212_155339.jpg,Cucumber,Semi-Fresh,Semi-Fresh,99.95,True
D:/VIT TY SEM5/ML Project/FOODFRESHAI/data/raw/AgriFreshNET Freshness and Shelf-Life Image Datase/Processed Data/Processed Data/Semi Fresh Cucumber(6-12)/IMG_20260212_155354.jpg,Cucumber,Semi-Fresh,Semi-Fresh,99.59,True
D:/VIT TY SEM5/ML Project/FOODFRESHAI/data/raw/AgriFreshNET Freshness and Shelf-Life Image Datase/Processed Data/Processed Data/Semi Fresh Cucumber(6-12)/IMG_20260212_155416.jpg,Cucumber,Semi-Fresh,Semi-Fresh,83.65,True
D:/VIT TY SEM5/ML Project/FOODFRESHAI/data/raw/AgriFreshNET Freshness and Shelf-Life Image Datase/Processed Data/Processed Data/Semi Fresh Cucumber(6-12)/IMG_20260212_155442.jpg,Cucumber,Semi-Fresh,Semi-Fresh,98.76,True
D:/VIT TY SEM5/ML Project/FOODFRESHAI/data/raw/AgriFreshNET Freshness and Shelf-Life Image Datase/Processed Data/Processed Data/Semi Fresh Cucumber(6-12)/IMG_20260212_155445_1.jpg,Cucumber,Semi-Fresh,Semi-Fresh,99.74,True
D:/VIT TY SEM5/ML Project/FOODFRESHAI/data/raw/AgriFreshNET Freshness and Shelf-Life Image Datase/Processed Data/Processed Data/Semi Fresh Cucumber(6-12)/IMG_20260212_155500.jpg,Cucumber,Semi-Fresh,Fresh,61.91,False
D:/VIT TY SEM5/ML Project/FOODFRESHAI/data/raw/AgriFreshNET Freshness and Shelf-Life Image Datase/Processed Data/Processed Data/Semi Fresh Cucumber(6-12)/IMG_20260212_155503.jpg,Cucumber,Semi-Fresh,Semi-Fresh,70.77,True
D:/VIT TY SEM5/ML Project/FOODFRESHAI/data/raw/AgriFreshNET Freshness and Shelf-Life Image Datase/Processed Data/Processed Data/Semi Fresh Cucumber(6-12)/IMG_20260212_155545_1.jpg,Cucumber,Semi-Fresh,Fresh,64.86,False
D:/VIT TY SEM5/ML Project/FOODFRESHAI/data/raw/AgriFreshNET Freshness and Shelf-Life Image Datase/Processed Data/Processed Data/Semi Fresh Cucumber(6-12)/IMG_20260212_155600.jpg,Cucumber,Semi-Fresh,Semi-Fresh,99.91,True
D:/VIT TY SEM5/ML Project/FOODFRESHAI/data/raw/AgriFreshNET Freshness and Shelf-Life Image Datase/Processed Data/Processed Data/Semi Fresh Cucumber(6-12)/IMG_20260212_155606_1.jpg,Cucumber,Semi-Fresh,Semi-Fresh,100.0,True
D:/VIT TY SEM5/ML Project/FOODFRESHAI/data/raw/AgriFreshNET Freshness and Shelf-Life Image Datase/Processed Data/Processed Data/Semi Fresh Cucumber(6-12)/IMG_20260212_155616.jpg,Cucumber,Semi-Fresh,Semi-Fresh,98.99,True
D:/VIT TY SEM5/ML Project/FOODFRESHAI/data/raw/AgriFreshNET Freshness and Shelf-Life Image Datase/Processed Data/Processed Data/Semi Fresh Cucumber(6-12)/IMG_20260212_155633.jpg,Cucumber,Semi-Fresh,Semi-Fresh,99.46,True
D:/VIT TY SEM5/ML Project/FOODFRESHAI/data/raw/AgriFreshNET Freshness and Shelf-Life Image Datase/Processed Data/Processed Data/Semi Fresh Cucumber(6-12)/IMG_20260212_155732.jpg,Cucumber,Semi-Fresh,Semi-Fresh,99.98,True
D:/VIT TY SEM5/ML Project/FOODFRESHAI/data/raw/AgriFreshNET Freshness and Shelf-Life Image Datase/Processed Data/Processed Data/Semi fresh Orange(9-20)/aug_101_IMG_20251112_113212389_HDR_AE.jpg,Orange,Semi-Fresh,Fresh,68.67,False
D:/VIT TY SEM5/ML Project/FOODFRESHAI/data/raw/AgriFreshNET Freshness and Shelf-Life Image Datase/Processed Data/Processed Data/Semi fresh Orange(9-20)/aug_103_IMG_20251115_121722899_HDR_AE.jpg,Orange,Semi-Fresh,Semi-Fresh,58.17,True
D:/VIT TY SEM5/ML Project/FOODFRESHAI/data/raw/AgriFreshNET Freshness and Shelf-Life Image Datase/Processed Data/Processed Data/Semi fresh Orange(9-20)/aug_116_IMG_20251122_113013025_HDR_AE.jpg,Orange,Semi-Fresh,Semi-Fresh,99.94,True
D:/VIT TY SEM5/ML Project/FOODFRESHAI/data/raw/AgriFreshNET Freshness and Shelf-Life Image Datase/Processed Data/Processed Data/Semi fresh Orange(9-20)/aug_121_IMG_20251130_180450528_HDR.jpg,Orange,Semi-Fresh,Semi-Fresh,98.65,True
D:/VIT TY SEM5/ML Project/FOODFRESHAI/data/raw/AgriFreshNET Freshness and Shelf-Life Image Datase/Processed Data/Processed Data/Semi fresh Orange(9-20)/aug_126_IMG_20251112_113226253_HDR_AE.jpg,Orange,Semi-Fresh,Semi-Fresh,99.81,True
D:/VIT TY SEM5/ML Project/FOODFRESHAI/data/raw/AgriFreshNET Freshness and Shelf-Life Image Datase/Processed Data/Processed Data/Semi fresh Orange(9-20)/aug_132_IMG-20251130-WA0034.jpg,Orange,Semi-Fresh,Semi-Fresh,96.07,True
D:/VIT TY SEM5/ML Project/FOODFRESHAI/data/raw/AgriFreshNET Freshness and Shelf-Life Image Datase/Processed Data/Processed Data/Semi fresh Orange(9-20)/aug_14_IMG_20251118_165609482_HDR.jpg,Orange,Semi-Fresh,Semi-Fresh,95.27,True
D:/VIT TY SEM5/ML Project/FOODFRESHAI/data/raw/AgriFreshNET Freshness and Shelf-Life Image Datase/Processed Data/Processed Data/Semi fresh Orange(9-20)/aug_161_IMG_20251113_124238225_HDR_AE.jpg,Orange,Semi-Fresh,Semi-Fresh,99.74,True
D:/VIT TY SEM5/ML Project/FOODFRESHAI/data/raw/AgriFreshNET Freshness and Shelf-Life Image Datase/Processed Data/Processed Data/Semi fresh Orange(9-20)/aug_167_IMG_20251201_133122334_HDR.jpg,Orange,Semi-Fresh,Semi-Fresh,86.18,True
D:/VIT TY SEM5/ML Project/FOODFRESHAI/data/raw/AgriFreshNET Freshness and Shelf-Life Image Datase/Processed Data/Processed Data/Semi fresh Orange(9-20)/aug_24_IMG_20251127_191145392_HDR.jpg,Orange,Semi-Fresh,Semi-Fresh,76.79,True
D:/VIT TY SEM5/ML Project/FOODFRESHAI/data/raw/AgriFreshNET Freshness and Shelf-Life Image Datase/Processed Data/Processed Data/Semi fresh Orange(9-20)/aug_30_IMG_20251113_124130791_HDR_AE.jpg,Orange,Semi-Fresh,Semi-Fresh,93.72,True
D:/VIT TY SEM5/ML Project/FOODFRESHAI/data/raw/AgriFreshNET Freshness and Shelf-Life Image Datase/Processed Data/Processed Data/Semi fresh Orange(9-20)/aug_41_IMG_20251113_124238225_HDR_AE.jpg,Orange,Semi-Fresh,Semi-Fresh,95.94,True
D:/VIT TY SEM5/ML Project/FOODFRESHAI/data/raw/AgriFreshNET Freshness and Shelf-Life Image Datase/Processed Data/Processed Data/Semi fresh Orange(9-20)/aug_48_IMG_20251122_112953852_HDR_AE.jpg,Orange,Semi-Fresh,Semi-Fresh,99.98,True
D:/VIT TY SEM5/ML Project/FOODFRESHAI/data/raw/AgriFreshNET Freshness and Shelf-Life Image Datase/Processed Data/Processed Data/Semi fresh Orange(9-20)/aug_52_IMG_20251115_121728379_HDR_AE.jpg,Orange,Semi-Fresh,Semi-Fresh,99.31,True
D:/VIT TY SEM5/ML Project/FOODFRESHAI/data/raw/AgriFreshNET Freshness and Shelf-Life Image Datase/Processed Data/Processed Data/Semi fresh Orange(9-20)/aug_55_IMG_20251121_144512048_HDR_AE.jpg,Orange,Semi-Fresh,Fresh,74.91,False
D:/VIT TY SEM5/ML Project/FOODFRESHAI/data/raw/AgriFreshNET Freshness and Shelf-Life Image Datase/Processed Data/Processed Data/Semi fresh Orange(9-20)/aug_59_IMG-20251124-WA0016.jpg,Orange,Semi-Fresh,Fresh,94.97,False
D:/VIT TY SEM5/ML Project/FOODFRESHAI/data/raw/AgriFreshNET Freshness and Shelf-Life Image Datase/Processed Data/Processed Data/Semi fresh Orange(9-20)/aug_63_IMG-20251113-WA0007.jpg,Orange,Semi-Fresh,Rotten,52.15,False
D:/VIT TY SEM5/ML Project/FOODFRESHAI/data/raw/AgriFreshNET Freshness and Shelf-Life Image Datase/Processed Data/Processed Data/Semi fresh Orange(9-20)/aug_71_IMG-20251124-WA0007.jpg,Orange,Semi-Fresh,Semi-Fresh,84.59,True
D:/VIT TY SEM5/ML Project/FOODFRESHAI/data/raw/AgriFreshNET Freshness and Shelf-Life Image Datase/Processed Data/Processed Data/Semi fresh Orange(9-20)/aug_86_IMG_20251115_121835671_HDR_AE.jpg,Orange,Semi-Fresh,Fresh,81.34,False
D:/VIT TY SEM5/ML Project/FOODFRESHAI/data/raw/AgriFreshNET Freshness and Shelf-Life Image Datase/Processed Data/Processed Data/Semi fresh Orange(9-20)/aug_87_IMG_20251118_165505418_HDR.jpg,Orange,Semi-Fresh,Semi-Fresh,90.94,True
D:/VIT TY SEM5/ML Project/FOODFRESHAI/data/raw/AgriFreshNET Freshness and Shelf-Life Image Datase/Processed Data/Processed Data/Semi fresh Orange(9-20)/aug_89_IMG-20251113-WA0007.jpg,Orange,Semi-Fresh,Rotten,91.1,False
D:/VIT TY SEM5/ML Project/FOODFRESHAI/data/raw/AgriFreshNET Freshness and Shelf-Life Image Datase/Processed Data/Processed Data/Semi fresh Orange(9-20)/aug_90_IMG_20251113_124224703_HDR_AE.jpg,Orange,Semi-Fresh,Semi-Fresh,99.99,True
D:/VIT TY SEM5/ML Project/FOODFRESHAI/data/raw/AgriFreshNET Freshness and Shelf-Life Image Datase/Processed Data/Processed Data/Semi fresh Orange(9-20)/IMG-20251113-WA0007.jpg,Orange,Semi-Fresh,Rotten,77.86,False
D:/VIT TY SEM5/ML Project/FOODFRESHAI/data/raw/AgriFreshNET Freshness and Shelf-Life Image Datase/Processed Data/Processed Data/Semi fresh Orange(9-20)/IMG-20251113-WA0009.jpg,Orange,Semi-Fresh,Semi-Fresh,79.47,True
D:/VIT TY SEM5/ML Project/FOODFRESHAI/data/raw/AgriFreshNET Freshness and Shelf-Life Image Datase/Processed Data/Processed Data/Semi fresh Orange(9-20)/IMG-20251122-WA0014.jpg,Orange,Semi-Fresh,Fresh,58.21,False
D:/VIT TY SEM5/ML Project/FOODFRESHAI/data/raw/AgriFreshNET Freshness and Shelf-Life Image Datase/Processed Data/Processed Data/Semi fresh Orange(9-20)/IMG-20251122-WA0015.jpg,Orange,Semi-Fresh,Fresh,82.14,False
D:/VIT TY SEM5/ML Project/FOODFRESHAI/data/raw/AgriFreshNET Freshness and Shelf-Life Image Datase/Processed Data/Processed Data/Semi fresh Orange(9-20)/IMG-20251124-WA0000.jpg,Orange,Semi-Fresh,Fresh,72.59,False
D:/VIT TY SEM5/ML Project/FOODFRESHAI/data/raw/AgriFreshNET Freshness and Shelf-Life Image Datase/Processed Data/Processed Data/Semi fresh Orange(9-20)/IMG-20251124-WA0007.jpg,Orange,Semi-Fresh,Semi-Fresh,90.11,True
D:/VIT TY SEM5/ML Project/FOODFRESHAI/data/raw/AgriFreshNET Freshness and Shelf-Life Image Datase/Processed Data/Processed Data/Semi fresh Orange(9-20)/IMG-20251124-WA0010.jpg,Orange,Semi-Fresh,Fresh,52.01,False
D:/VIT TY SEM5/ML Project/FOODFRESHAI/data/raw/AgriFreshNET Freshness and Shelf-Life Image Datase/Processed Data/Processed Data/Semi fresh Orange(9-20)/IMG-20251124-WA0016.jpg,Orange,Semi-Fresh,Fresh,94.08,False
D:/VIT TY SEM5/ML Project/FOODFRESHAI/data/raw/AgriFreshNET Freshness and Shelf-Life Image Datase/Processed Data/Processed Data/Semi fresh Orange(9-20)/IMG-20251124-WA0017.jpg,Orange,Semi-Fresh,Semi-Fresh,99.85,True
D:/VIT TY SEM5/ML Project/FOODFRESHAI/data/raw/AgriFreshNET Freshness and Shelf-Life Image Datase/Processed Data/Processed Data/Semi fresh Orange(9-20)/IMG-20251124-WA0024.jpg,Orange,Semi-Fresh,Fresh,99.89,False
D:/VIT TY SEM5/ML Project/FOODFRESHAI/data/raw/AgriFreshNET Freshness and Shelf-Life Image Datase/Processed Data/Processed Data/Semi fresh Orange(9-20)/IMG-20251124-WA0028.jpg,Orange,Semi-Fresh,Fresh,99.72,False
D:/VIT TY SEM5/ML Project/FOODFRESHAI/data/raw/AgriFreshNET Freshness and Shelf-Life Image Datase/Processed Data/Processed Data/Semi fresh Orange(9-20)/IMG-20251127-WA0040.jpg,Orange,Semi-Fresh,Semi-Fresh,99.94,True
D:/VIT TY SEM5/ML Project/FOODFRESHAI/data/raw/AgriFreshNET Freshness and Shelf-Life Image Datase/Processed Data/Processed Data/Semi fresh Orange(9-20)/IMG-20251127-WA0042.jpg,Orange,Semi-Fresh,Semi-Fresh,92.21,True
D:/VIT TY SEM5/ML Project/FOODFRESHAI/data/raw/AgriFreshNET Freshness and Shelf-Life Image Datase/Processed Data/Processed Data/Semi fresh Orange(9-20)/IMG-20251128-WA0012.jpg,Orange,Semi-Fresh,Semi-Fresh,98.53,True
D:/VIT TY SEM5/ML Project/FOODFRESHAI/data/raw/AgriFreshNET Freshness and Shelf-Life Image Datase/Processed Data/Processed Data/Semi fresh Orange(9-20)/IMG-20251130-WA0034.jpg,Orange,Semi-Fresh,Semi-Fresh,98.66,True
D:/VIT TY SEM5/ML Project/FOODFRESHAI/data/raw/AgriFreshNET Freshness and Shelf-Life Image Datase/Processed Data/Processed Data/Semi fresh Orange(9-20)/IMG_20251112_113212389_HDR_AE.jpg,Orange,Semi-Fresh,Fresh,66.65,False
D:/VIT TY SEM5/ML Project/FOODFRESHAI/data/raw/AgriFreshNET Freshness and Shelf-Life Image Datase/Processed Data/Processed Data/Semi fresh Orange(9-20)/IMG_20251112_113219174_HDR_AE.jpg,Orange,Semi-Fresh,Semi-Fresh,68.15,True
D:/VIT TY SEM5/ML Project/FOODFRESHAI/data/raw/AgriFreshNET Freshness and Shelf-Life Image Datase/Processed Data/Processed Data/Semi fresh Orange(9-20)/IMG_20251112_113226253_HDR_AE.jpg,Orange,Semi-Fresh,Semi-Fresh,99.68,True
D:/VIT TY SEM5/ML Project/FOODFRESHAI/data/raw/AgriFreshNET Freshness and Shelf-Life Image Datase/Processed Data/Processed Data/Semi fresh Orange(9-20)/IMG_20251113_124130791_HDR_AE.jpg,Orange,Semi-Fresh,Semi-Fresh,97.18,True
D:/VIT TY SEM5/ML Project/FOODFRESHAI/data/raw/AgriFreshNET Freshness and Shelf-Life Image Datase/Processed Data/Processed Data/Semi fresh Orange(9-20)/IMG_20251113_124224703_HDR_AE.jpg,Orange,Semi-Fresh,Semi-Fresh,99.98,True
D:/VIT TY SEM5/ML Project/FOODFRESHAI/data/raw/AgriFreshNET Freshness and Shelf-Life Image Datase/Processed Data/Processed Data/Semi fresh Orange(9-20)/IMG_20251113_124231530_HDR_AE.jpg,Orange,Semi-Fresh,Semi-Fresh,99.88,True
D:/VIT TY SEM5/ML Project/FOODFRESHAI/data/raw/AgriFreshNET Freshness and Shelf-Life Image Datase/Processed Data/Processed Data/Semi fresh Orange(9-20)/IMG_20251113_124238225_HDR_AE.jpg,Orange,Semi-Fresh,Semi-Fresh,99.89,True
D:/VIT TY SEM5/ML Project/FOODFRESHAI/data/raw/AgriFreshNET Freshness and Shelf-Life Image Datase/Processed Data/Processed Data/Semi fresh Orange(9-20)/IMG_20251115_121713723_HDR_AE.jpg,Orange,Semi-Fresh,Semi-Fresh,99.89,True
D:/VIT TY SEM5/ML Project/FOODFRESHAI/data/raw/AgriFreshNET Freshness and Shelf-Life Image Datase/Processed Data/Processed Data/Semi fresh Orange(9-20)/IMG_20251115_121722899_HDR_AE.jpg,Orange,Semi-Fresh,Semi-Fresh,65.71,True
D:/VIT TY SEM5/ML Project/FOODFRESHAI/data/raw/AgriFreshNET Freshness and Shelf-Life Image Datase/Processed Data/Processed Data/Semi fresh Orange(9-20)/IMG_20251115_121728379_HDR_AE.jpg,Orange,Semi-Fresh,Semi-Fresh,99.48,True
D:/VIT TY SEM5/ML Project/FOODFRESHAI/data/raw/AgriFreshNET Freshness and Shelf-Life Image Datase/Processed Data/Processed Data/Semi fresh Orange(9-20)/IMG_20251115_121818406_HDR_AE.jpg,Orange,Semi-Fresh,Semi-Fresh,84.83,True
D:/VIT TY SEM5/ML Project/FOODFRESHAI/data/raw/AgriFreshNET Freshness and Shelf-Life Image Datase/Processed Data/Processed Data/Semi fresh Orange(9-20)/IMG_20251115_121835671_HDR_AE.jpg,Orange,Semi-Fresh,Fresh,67.42,False
D:/VIT TY SEM5/ML Project/FOODFRESHAI/data/raw/AgriFreshNET Freshness and Shelf-Life Image Datase/Processed Data/Processed Data/Semi fresh Orange(9-20)/IMG_20251118_165451897_HDR.jpg,Orange,Semi-Fresh,Semi-Fresh,99.94,True
D:/VIT TY SEM5/ML Project/FOODFRESHAI/data/raw/AgriFreshNET Freshness and Shelf-Life Image Datase/Processed Data/Processed Data/Semi fresh Orange(9-20)/IMG_20251118_165505418_HDR.jpg,Orange,Semi-Fresh,Semi-Fresh,92.56,True
D:/VIT TY SEM5/ML Project/FOODFRESHAI/data/raw/AgriFreshNET Freshness and Shelf-Life Image Datase/Processed Data/Processed Data/Semi fresh Orange(9-20)/IMG_20251118_165609482_HDR.jpg,Orange,Semi-Fresh,Semi-Fresh,95.87,True
D:/VIT TY SEM5/ML Project/FOODFRESHAI/data/raw/AgriFreshNET Freshness and Shelf-Life Image Datase/Processed Data/Processed Data/Semi fresh Orange(9-20)/IMG_20251119_200506914_HDR.jpg,Orange,Semi-Fresh,Semi-Fresh,98.89,True
D:/VIT TY SEM5/ML Project/FOODFRESHAI/data/raw/AgriFreshNET Freshness and Shelf-Life Image Datase/Processed Data/Processed Data/Semi fresh Orange(9-20)/IMG_20251120_202820700_HDR.jpg,Orange,Semi-Fresh,Semi-Fresh,98.07,True
D:/VIT TY SEM5/ML Project/FOODFRESHAI/data/raw/AgriFreshNET Freshness and Shelf-Life Image Datase/Processed Data/Processed Data/Semi fresh Orange(9-20)/IMG_20251120_202825683_HDR.jpg,Orange,Semi-Fresh,Semi-Fresh,98.3,True
D:/VIT TY SEM5/ML Project/FOODFRESHAI/data/raw/AgriFreshNET Freshness and Shelf-Life Image Datase/Processed Data/Processed Data/Semi fresh Orange(9-20)/IMG_20251120_202831594_HDR.jpg,Orange,Semi-Fresh,Semi-Fresh,67.68,True
D:/VIT TY SEM5/ML Project/FOODFRESHAI/data/raw/AgriFreshNET Freshness and Shelf-Life Image Datase/Processed Data/Processed Data/Semi fresh Orange(9-20)/IMG_20251120_202904495_HDR.jpg,Orange,Semi-Fresh,Semi-Fresh,98.89,True
D:/VIT TY SEM5/ML Project/FOODFRESHAI/data/raw/AgriFreshNET Freshness and Shelf-Life Image Datase/Processed Data/Processed Data/Semi fresh Orange(9-20)/IMG_20251120_202916754_HDR.jpg,Orange,Semi-Fresh,Semi-Fresh,98.62,True
D:/VIT TY SEM5/ML Project/FOODFRESHAI/data/raw/AgriFreshNET Freshness and Shelf-Life Image Datase/Processed Data/Processed Data/Semi fresh Orange(9-20)/IMG_20251120_202927006_HDR.jpg,Orange,Semi-Fresh,Semi-Fresh,65.83,True
D:/VIT TY SEM5/ML Project/FOODFRESHAI/data/raw/AgriFreshNET Freshness and Shelf-Life Image Datase/Processed Data/Processed Data/Semi fresh Orange(9-20)/IMG_20251121_144512048_HDR_AE.jpg,Orange,Semi-Fresh,Fresh,56.42,False
D:/VIT TY SEM5/ML Project/FOODFRESHAI/data/raw/AgriFreshNET Freshness and Shelf-Life Image Datase/Processed Data/Processed Data/Semi fresh Orange(9-20)/IMG_20251121_144627169_HDR_AE.jpg,Orange,Semi-Fresh,Semi-Fresh,99.83,True
D:/VIT TY SEM5/ML Project/FOODFRESHAI/data/raw/AgriFreshNET Freshness and Shelf-Life Image Datase/Processed Data/Processed Data/Semi fresh Orange(9-20)/IMG_20251122_112928767_HDR_AE.jpg,Orange,Semi-Fresh,Semi-Fresh,98.0,True
D:/VIT TY SEM5/ML Project/FOODFRESHAI/data/raw/AgriFreshNET Freshness and Shelf-Life Image Datase/Processed Data/Processed Data/Semi fresh Orange(9-20)/IMG_20251122_112953852_HDR_AE.jpg,Orange,Semi-Fresh,Semi-Fresh,99.99,True
D:/VIT TY SEM5/ML Project/FOODFRESHAI/data/raw/AgriFreshNET Freshness and Shelf-Life Image Datase/Processed Data/Processed Data/Semi fresh Orange(9-20)/IMG_20251122_113013025_HDR_AE.jpg,Orange,Semi-Fresh,Semi-Fresh,99.86,True
D:/VIT TY SEM5/ML Project/FOODFRESHAI/data/raw/AgriFreshNET Freshness and Shelf-Life Image Datase/Processed Data/Processed Data/Semi fresh Orange(9-20)/IMG_20251122_113037584_HDR_AE.jpg,Orange,Semi-Fresh,Semi-Fresh,98.4,True
D:/VIT TY SEM5/ML Project/FOODFRESHAI/data/raw/AgriFreshNET Freshness and Shelf-Life Image Datase/Processed Data/Processed Data/Semi fresh Orange(9-20)/IMG_20251123_221355574_HDR.jpg,Orange,Semi-Fresh,Semi-Fresh,98.55,True
D:/VIT TY SEM5/ML Project/FOODFRESHAI/data/raw/AgriFreshNET Freshness and Shelf-Life Image Datase/Processed Data/Processed Data/Semi fresh Orange(9-20)/IMG_20251123_221413703_HDR.jpg,Orange,Semi-Fresh,Semi-Fresh,98.8,True
D:/VIT TY SEM5/ML Project/FOODFRESHAI/data/raw/AgriFreshNET Freshness and Shelf-Life Image Datase/Processed Data/Processed Data/Semi fresh Orange(9-20)/IMG_20251123_221535056_HDR.jpg,Orange,Semi-Fresh,Semi-Fresh,98.57,True
D:/VIT TY SEM5/ML Project/FOODFRESHAI/data/raw/AgriFreshNET Freshness and Shelf-Life Image Datase/Processed Data/Processed Data/Semi fresh Orange(9-20)/IMG_20251124_191356976_HDR.jpg,Orange,Semi-Fresh,Semi-Fresh,99.59,True
D:/VIT TY SEM5/ML Project/FOODFRESHAI/data/raw/AgriFreshNET Freshness and Shelf-Life Image Datase/Processed Data/Processed Data/Semi fresh Orange(9-20)/IMG_20251124_191407197_HDR.jpg,Orange,Semi-Fresh,Semi-Fresh,94.76,True
D:/VIT TY SEM5/ML Project/FOODFRESHAI/data/raw/AgriFreshNET Freshness and Shelf-Life Image Datase/Processed Data/Processed Data/Semi fresh Orange(9-20)/IMG_20251124_191428358_HDR.jpg,Orange,Semi-Fresh,Semi-Fresh,98.78,True
D:/VIT TY SEM5/ML Project/FOODFRESHAI/data/raw/AgriFreshNET Freshness and Shelf-Life Image Datase/Processed Data/Processed Data/Semi fresh Orange(9-20)/IMG_20251124_191454003_HDR.jpg,Orange,Semi-Fresh,Semi-Fresh,99.49,True
D:/VIT TY SEM5/ML Project/FOODFRESHAI/data/raw/AgriFreshNET Freshness and Shelf-Life Image Datase/Processed Data/Processed Data/Semi fresh Orange(9-20)/IMG_20251125_185845976_HDR.jpg,Orange,Semi-Fresh,Semi-Fresh,96.86,True
D:/VIT TY SEM5/ML Project/FOODFRESHAI/data/raw/AgriFreshNET Freshness and Shelf-Life Image Datase/Processed Data/Processed Data/Semi fresh Orange(9-20)/IMG_20251125_185919752_HDR.jpg,Orange,Semi-Fresh,Semi-Fresh,99.35,True
D:/VIT TY SEM5/ML Project/FOODFRESHAI/data/raw/AgriFreshNET Freshness and Shelf-Life Image Datase/Processed Data/Processed Data/Semi fresh Orange(9-20)/IMG_20251126_191603105_HDR.jpg,Orange,Semi-Fresh,Semi-Fresh,97.02,True
D:/VIT TY SEM5/ML Project/FOODFRESHAI/data/raw/AgriFreshNET Freshness and Shelf-Life Image Datase/Processed Data/Processed Data/Semi fresh Orange(9-20)/IMG_20251127_191058777_HDR.jpg,Orange,Semi-Fresh,Semi-Fresh,99.89,True
D:/VIT TY SEM5/ML Project/FOODFRESHAI/data/raw/AgriFreshNET Freshness and Shelf-Life Image Datase/Processed Data/Processed Data/Semi fresh Orange(9-20)/IMG_20251127_191105543_HDR.jpg,Orange,Semi-Fresh,Semi-Fresh,93.04,True
D:/VIT TY SEM5/ML Project/FOODFRESHAI/data/raw/AgriFreshNET Freshness and Shelf-Life Image Datase/Processed Data/Processed Data/Semi fresh Orange(9-20)/IMG_20251127_191115776_HDR.jpg,Orange,Semi-Fresh,Semi-Fresh,99.75,True
D:/VIT TY SEM5/ML Project/FOODFRESHAI/data/raw/AgriFreshNET Freshness and Shelf-Life Image Datase/Processed Data/Processed Data/Semi fresh Orange(9-20)/IMG_20251127_191145392_HDR.jpg,Orange,Semi-Fresh,Semi-Fresh,71.93,True
D:/VIT TY SEM5/ML Project/FOODFRESHAI/data/raw/AgriFreshNET Freshness and Shelf-Life Image Datase/Processed Data/Processed Data/Semi fresh Orange(9-20)/IMG_20251127_191219209_HDR.jpg,Orange,Semi-Fresh,Semi-Fresh,99.82,True
D:/VIT TY SEM5/ML Project/FOODFRESHAI/data/raw/AgriFreshNET Freshness and Shelf-Life Image Datase/Processed Data/Processed Data/Semi fresh Orange(9-20)/IMG_20251127_191228816_HDR.jpg,Orange,Semi-Fresh,Semi-Fresh,99.97,True
D:/VIT TY SEM5/ML Project/FOODFRESHAI/data/raw/AgriFreshNET Freshness and Shelf-Life Image Datase/Processed Data/Processed Data/Semi fresh Orange(9-20)/IMG_20251130_180324639_HDR.jpg,Orange,Semi-Fresh,Semi-Fresh,98.56,True
D:/VIT TY SEM5/ML Project/FOODFRESHAI/data/raw/AgriFreshNET Freshness and Shelf-Life Image Datase/Processed Data/Processed Data/Semi fresh Orange(9-20)/IMG_20251130_180424624_HDR.jpg,Orange,Semi-Fresh,Rotten,78.02,False
D:/VIT TY SEM5/ML Project/FOODFRESHAI/data/raw/AgriFreshNET Freshness and Shelf-Life Image Datase/Processed Data/Processed Data/Semi fresh Orange(9-20)/IMG_20251130_180442418_HDR.jpg,Orange,Semi-Fresh,Semi-Fresh,99.99,True
D:/VIT TY SEM5/ML Project/FOODFRESHAI/data/raw/AgriFreshNET Freshness and Shelf-Life Image Datase/Processed Data/Processed Data/Semi fresh Orange(9-20)/IMG_20251130_180450528_HDR.jpg,Orange,Semi-Fresh,Semi-Fresh,99.24,True
D:/VIT TY SEM5/ML Project/FOODFRESHAI/data/raw/AgriFreshNET Freshness and Shelf-Life Image Datase/Processed Data/Processed Data/Semi fresh Orange(9-20)/IMG_20251130_180503849_HDR.jpg,Orange,Semi-Fresh,Semi-Fresh,99.4,True
D:/VIT TY SEM5/ML Project/FOODFRESHAI/data/raw/AgriFreshNET Freshness and Shelf-Life Image Datase/Processed Data/Processed Data/Semi fresh Orange(9-20)/IMG_20251201_133122334_HDR.jpg,Orange,Semi-Fresh,Semi-Fresh,94.57,True
D:/VIT TY SEM5/ML Project/FOODFRESHAI/data/raw/AgriFreshNET Freshness and Shelf-Life Image Datase/Processed Data/Processed Data/Semi Fresh Papaya(4-7)/aug_0_IMG_20260125_005125.jpg,Papaya,Semi-Fresh,Rotten,72.42,False
D:/VIT TY SEM5/ML Project/FOODFRESHAI/data/raw/AgriFreshNET Freshness and Shelf-Life Image Datase/Processed Data/Processed Data/Semi Fresh Papaya(4-7)/aug_105_IMG_20260214_025210.jpg,Papaya,Semi-Fresh,Semi-Fresh,92.68,True
D:/VIT TY SEM5/ML Project/FOODFRESHAI/data/raw/AgriFreshNET Freshness and Shelf-Life Image Datase/Processed Data/Processed Data/Semi Fresh Papaya(4-7)/aug_108_IMG_20260125_005125.jpg,Papaya,Semi-Fresh,Rotten,73.33,False
D:/VIT TY SEM5/ML Project/FOODFRESHAI/data/raw/AgriFreshNET Freshness and Shelf-Life Image Datase/Processed Data/Processed Data/Semi Fresh Papaya(4-7)/aug_110_IMG_20251124_021909.jpg,Papaya,Semi-Fresh,Semi-Fresh,58.65,True
D:/VIT TY SEM5/ML Project/FOODFRESHAI/data/raw/AgriFreshNET Freshness and Shelf-Life Image Datase/Processed Data/Processed Data/Semi Fresh Papaya(4-7)/aug_114_IMG_20260214_025210.jpg,Papaya,Semi-Fresh,Semi-Fresh,82.35,True
D:/VIT TY SEM5/ML Project/FOODFRESHAI/data/raw/AgriFreshNET Freshness and Shelf-Life Image Datase/Processed Data/Processed Data/Semi Fresh Papaya(4-7)/aug_129_IMG_20260125_005125.jpg,Papaya,Semi-Fresh,Rotten,67.07,False
D:/VIT TY SEM5/ML Project/FOODFRESHAI/data/raw/AgriFreshNET Freshness and Shelf-Life Image Datase/Processed Data/Processed Data/Semi Fresh Papaya(4-7)/aug_137_IMG_20260125_005113.jpg,Papaya,Semi-Fresh,Semi-Fresh,99.63,True
D:/VIT TY SEM5/ML Project/FOODFRESHAI/data/raw/AgriFreshNET Freshness and Shelf-Life Image Datase/Processed Data/Processed Data/Semi Fresh Papaya(4-7)/aug_165_IMG_20251124_022608.jpg,Papaya,Semi-Fresh,Semi-Fresh,84.52,True
D:/VIT TY SEM5/ML Project/FOODFRESHAI/data/raw/AgriFreshNET Freshness and Shelf-Life Image Datase/Processed Data/Processed Data/Semi Fresh Papaya(4-7)/aug_173_IMG_20260214_025241.jpg,Papaya,Semi-Fresh,Fresh,99.68,False
D:/VIT TY SEM5/ML Project/FOODFRESHAI/data/raw/AgriFreshNET Freshness and Shelf-Life Image Datase/Processed Data/Processed Data/Semi Fresh Papaya(4-7)/aug_176_IMG_20260214_025241.jpg,Papaya,Semi-Fresh,Fresh,99.78,False
D:/VIT TY SEM5/ML Project/FOODFRESHAI/data/raw/AgriFreshNET Freshness and Shelf-Life Image Datase/Processed Data/Processed Data/Semi Fresh Papaya(4-7)/aug_18_IMG_20251124_021909.jpg,Papaya,Semi-Fresh,Semi-Fresh,46.87,True
D:/VIT TY SEM5/ML Project/FOODFRESHAI/data/raw/AgriFreshNET Freshness and Shelf-Life Image Datase/Processed Data/Processed Data/Semi Fresh Papaya(4-7)/aug_19_IMG_20251124_022525.jpg,Papaya,Semi-Fresh,Semi-Fresh,96.05,True
D:/VIT TY SEM5/ML Project/FOODFRESHAI/data/raw/AgriFreshNET Freshness and Shelf-Life Image Datase/Processed Data/Processed Data/Semi Fresh Papaya(4-7)/aug_201_IMG_20260214_025210.jpg,Papaya,Semi-Fresh,Semi-Fresh,92.97,True
D:/VIT TY SEM5/ML Project/FOODFRESHAI/data/raw/AgriFreshNET Freshness and Shelf-Life Image Datase/Processed Data/Processed Data/Semi Fresh Papaya(4-7)/aug_202_IMG_20251124_022608.jpg,Papaya,Semi-Fresh,Fresh,64.9,False
D:/VIT TY SEM5/ML Project/FOODFRESHAI/data/raw/AgriFreshNET Freshness and Shelf-Life Image Datase/Processed Data/Processed Data/Semi Fresh Papaya(4-7)/aug_209_IMG_20260214_025210.jpg,Papaya,Semi-Fresh,Semi-Fresh,91.53,True
D:/VIT TY SEM5/ML Project/FOODFRESHAI/data/raw/AgriFreshNET Freshness and Shelf-Life Image Datase/Processed Data/Processed Data/Semi Fresh Papaya(4-7)/aug_213_IMG_20251124_022525.jpg,Papaya,Semi-Fresh,Semi-Fresh,96.27,True
D:/VIT TY SEM5/ML Project/FOODFRESHAI/data/raw/AgriFreshNET Freshness and Shelf-Life Image Datase/Processed Data/Processed Data/Semi Fresh Papaya(4-7)/aug_215_IMG_20260125_005113.jpg,Papaya,Semi-Fresh,Semi-Fresh,89.59,True
D:/VIT TY SEM5/ML Project/FOODFRESHAI/data/raw/AgriFreshNET Freshness and Shelf-Life Image Datase/Processed Data/Processed Data/Semi Fresh Papaya(4-7)/aug_218_IMG_20251124_022608.jpg,Papaya,Semi-Fresh,Semi-Fresh,78.75,True
D:/VIT TY SEM5/ML Project/FOODFRESHAI/data/raw/AgriFreshNET Freshness and Shelf-Life Image Datase/Processed Data/Processed Data/Semi Fresh Papaya(4-7)/aug_222_IMG_20260125_005125.jpg,Papaya,Semi-Fresh,Rotten,73.03,False
D:/VIT TY SEM5/ML Project/FOODFRESHAI/data/raw/AgriFreshNET Freshness and Shelf-Life Image Datase/Processed Data/Processed Data/Semi Fresh Papaya(4-7)/aug_227_IMG_20251124_022525.jpg,Papaya,Semi-Fresh,Semi-Fresh,95.57,True
D:/VIT TY SEM5/ML Project/FOODFRESHAI/data/raw/AgriFreshNET Freshness and Shelf-Life Image Datase/Processed Data/Processed Data/Semi Fresh Papaya(4-7)/aug_229_IMG_20251124_022525.jpg,Papaya,Semi-Fresh,Semi-Fresh,95.99,True
D:/VIT TY SEM5/ML Project/FOODFRESHAI/data/raw/AgriFreshNET Freshness and Shelf-Life Image Datase/Processed Data/Processed Data/Semi Fresh Papaya(4-7)/aug_22_IMG_20260125_005125.jpg,Papaya,Semi-Fresh,Semi-Fresh,51.85,True
D:/VIT TY SEM5/ML Project/FOODFRESHAI/data/raw/AgriFreshNET Freshness and Shelf-Life Image Datase/Processed Data/Processed Data/Semi Fresh Papaya(4-7)/aug_235_IMG_20260214_025210.jpg,Papaya,Semi-Fresh,Semi-Fresh,92.25,True
D:/VIT TY SEM5/ML Project/FOODFRESHAI/data/raw/AgriFreshNET Freshness and Shelf-Life Image Datase/Processed Data/Processed Data/Semi Fresh Papaya(4-7)/aug_269_IMG_20251124_022525.jpg,Papaya,Semi-Fresh,Semi-Fresh,89.96,True
D:/VIT TY SEM5/ML Project/FOODFRESHAI/data/raw/AgriFreshNET Freshness and Shelf-Life Image Datase/Processed Data/Processed Data/Semi Fresh Papaya(4-7)/aug_285_IMG_20260125_005125.jpg,Papaya,Semi-Fresh,Rotten,71.37,False
D:/VIT TY SEM5/ML Project/FOODFRESHAI/data/raw/AgriFreshNET Freshness and Shelf-Life Image Datase/Processed Data/Processed Data/Semi Fresh Papaya(4-7)/aug_291_IMG_20251124_021909.jpg,Papaya,Semi-Fresh,Rotten,39.51,False
D:/VIT TY SEM5/ML Project/FOODFRESHAI/data/raw/AgriFreshNET Freshness and Shelf-Life Image Datase/Processed Data/Processed Data/Semi Fresh Papaya(4-7)/aug_292_IMG_20251124_022608.jpg,Papaya,Semi-Fresh,Semi-Fresh,76.32,True
D:/VIT TY SEM5/ML Project/FOODFRESHAI/data/raw/AgriFreshNET Freshness and Shelf-Life Image Datase/Processed Data/Processed Data/Semi Fresh Papaya(4-7)/aug_306_IMG_20260214_025210.jpg,Papaya,Semi-Fresh,Semi-Fresh,80.67,True
D:/VIT TY SEM5/ML Project/FOODFRESHAI/data/raw/AgriFreshNET Freshness and Shelf-Life Image Datase/Processed Data/Processed Data/Semi Fresh Papaya(4-7)/aug_307_IMG_20260123_013740_1.jpg,Papaya,Semi-Fresh,Semi-Fresh,79.83,True
D:/VIT TY SEM5/ML Project/FOODFRESHAI/data/raw/AgriFreshNET Freshness and Shelf-Life Image Datase/Processed Data/Processed Data/Semi Fresh Papaya(4-7)/aug_309_IMG_20251124_022525.jpg,Papaya,Semi-Fresh,Semi-Fresh,93.94,True
D:/VIT TY SEM5/ML Project/FOODFRESHAI/data/raw/AgriFreshNET Freshness and Shelf-Life Image Datase/Processed Data/Processed Data/Semi Fresh Papaya(4-7)/aug_314_IMG_20251124_021909.jpg,Papaya,Semi-Fresh,Semi-Fresh,57.93,True
D:/VIT TY SEM5/ML Project/FOODFRESHAI/data/raw/AgriFreshNET Freshness and Shelf-Life Image Datase/Processed Data/Processed Data/Semi Fresh Papaya(4-7)/aug_318_IMG_20251124_022608.jpg,Papaya,Semi-Fresh,Semi-Fresh,87.54,True
D:/VIT TY SEM5/ML Project/FOODFRESHAI/data/raw/AgriFreshNET Freshness and Shelf-Life Image Datase/Processed Data/Processed Data/Semi Fresh Papaya(4-7)/aug_325_IMG_20260123_013740_1.jpg,Papaya,Semi-Fresh,Semi-Fresh,86.88,True
D:/VIT TY SEM5/ML Project/FOODFRESHAI/data/raw/AgriFreshNET Freshness and Shelf-Life Image Datase/Processed Data/Processed Data/Semi Fresh Papaya(4-7)/aug_330_IMG_20260214_025210.jpg,Papaya,Semi-Fresh,Semi-Fresh,90.92,True
D:/VIT TY SEM5/ML Project/FOODFRESHAI/data/raw/AgriFreshNET Freshness and Shelf-Life Image Datase/Processed Data/Processed Data/Semi Fresh Papaya(4-7)/aug_331_IMG_20260123_013740_1.jpg,Papaya,Semi-Fresh,Semi-Fresh,82.31,True
D:/VIT TY SEM5/ML Project/FOODFRESHAI/data/raw/AgriFreshNET Freshness and Shelf-Life Image Datase/Processed Data/Processed Data/Semi Fresh Papaya(4-7)/aug_338_IMG_20260123_013740_1.jpg,Papaya,Semi-Fresh,Semi-Fresh,82.16,True
D:/VIT TY SEM5/ML Project/FOODFRESHAI/data/raw/AgriFreshNET Freshness and Shelf-Life Image Datase/Processed Data/Processed Data/Semi Fresh Papaya(4-7)/aug_340_IMG_20251124_022608.jpg,Papaya,Semi-Fresh,Semi-Fresh,63.19,True
D:/VIT TY SEM5/ML Project/FOODFRESHAI/data/raw/AgriFreshNET Freshness and Shelf-Life Image Datase/Processed Data/Processed Data/Semi Fresh Papaya(4-7)/aug_341_IMG_20260214_025241.jpg,Papaya,Semi-Fresh,Fresh,99.21,False
D:/VIT TY SEM5/ML Project/FOODFRESHAI/data/raw/AgriFreshNET Freshness and Shelf-Life Image Datase/Processed Data/Processed Data/Semi Fresh Papaya(4-7)/aug_361_IMG_20260214_025210.jpg,Papaya,Semi-Fresh,Semi-Fresh,96.33,True
D:/VIT TY SEM5/ML Project/FOODFRESHAI/data/raw/AgriFreshNET Freshness and Shelf-Life Image Datase/Processed Data/Processed Data/Semi Fresh Papaya(4-7)/aug_363_IMG_20260123_013740_1.jpg,Papaya,Semi-Fresh,Semi-Fresh,82.7,True
D:/VIT TY SEM5/ML Project/FOODFRESHAI/data/raw/AgriFreshNET Freshness and Shelf-Life Image Datase/Processed Data/Processed Data/Semi Fresh Papaya(4-7)/aug_365_IMG_20260125_005125.jpg,Papaya,Semi-Fresh,Rotten,72.15,False
D:/VIT TY SEM5/ML Project/FOODFRESHAI/data/raw/AgriFreshNET Freshness and Shelf-Life Image Datase/Processed Data/Processed Data/Semi Fresh Papaya(4-7)/aug_369_IMG_20260123_013740_1.jpg,Papaya,Semi-Fresh,Semi-Fresh,98.13,True
D:/VIT TY SEM5/ML Project/FOODFRESHAI/data/raw/AgriFreshNET Freshness and Shelf-Life Image Datase/Processed Data/Processed Data/Semi Fresh Papaya(4-7)/aug_36_IMG_20251124_021909.jpg,Papaya,Semi-Fresh,Semi-Fresh,50.51,True
D:/VIT TY SEM5/ML Project/FOODFRESHAI/data/raw/AgriFreshNET Freshness and Shelf-Life Image Datase/Processed Data/Processed Data/Semi Fresh Papaya(4-7)/aug_376_IMG_20251124_022525.jpg,Papaya,Semi-Fresh,Semi-Fresh,96.73,True
D:/VIT TY SEM5/ML Project/FOODFRESHAI/data/raw/AgriFreshNET Freshness and Shelf-Life Image Datase/Processed Data/Processed Data/Semi Fresh Papaya(4-7)/aug_378_IMG_20260214_025210.jpg,Papaya,Semi-Fresh,Semi-Fresh,87.75,True
D:/VIT TY SEM5/ML Project/FOODFRESHAI/data/raw/AgriFreshNET Freshness and Shelf-Life Image Datase/Processed Data/Processed Data/Semi Fresh Papaya(4-7)/aug_382_IMG_20260120_004459.jpg,Papaya,Semi-Fresh,Semi-Fresh,86.97,True
D:/VIT TY SEM5/ML Project/FOODFRESHAI/data/raw/AgriFreshNET Freshness and Shelf-Life Image Datase/Processed Data/Processed Data/Semi Fresh Papaya(4-7)/aug_395_IMG_20260214_025210.jpg,Papaya,Semi-Fresh,Semi-Fresh,91.61,True
D:/VIT TY SEM5/ML Project/FOODFRESHAI/data/raw/AgriFreshNET Freshness and Shelf-Life Image Datase/Processed Data/Processed Data/Semi Fresh Papaya(4-7)/aug_397_IMG_20260214_025210.jpg,Papaya,Semi-Fresh,Semi-Fresh,90.54,True
D:/VIT TY SEM5/ML Project/FOODFRESHAI/data/raw/AgriFreshNET Freshness and Shelf-Life Image Datase/Processed Data/Processed Data/Semi Fresh Papaya(4-7)/aug_399_IMG_20260125_005113.jpg,Papaya,Semi-Fresh,Semi-Fresh,99.38,True
D:/VIT TY SEM5/ML Project/FOODFRESHAI/data/raw/AgriFreshNET Freshness and Shelf-Life Image Datase/Processed Data/Processed Data/Semi Fresh Papaya(4-7)/aug_407_IMG_20260125_005113.jpg,Papaya,Semi-Fresh,Semi-Fresh,99.44,True
D:/VIT TY SEM5/ML Project/FOODFRESHAI/data/raw/AgriFreshNET Freshness and Shelf-Life Image Datase/Processed Data/Processed Data/Semi Fresh Papaya(4-7)/aug_40_IMG_20251124_021909.jpg,Papaya,Semi-Fresh,Semi-Fresh,57.98,True
D:/VIT TY SEM5/ML Project/FOODFRESHAI/data/raw/AgriFreshNET Freshness and Shelf-Life Image Datase/Processed Data/Processed Data/Semi Fresh Papaya(4-7)/aug_416_IMG_20251124_022608.jpg,Papaya,Semi-Fresh,Semi-Fresh,86.94,True
D:/VIT TY SEM5/ML Project/FOODFRESHAI/data/raw/AgriFreshNET Freshness and Shelf-Life Image Datase/Processed Data/Processed Data/Semi Fresh Papaya(4-7)/aug_419_IMG_20260214_025210.jpg,Papaya,Semi-Fresh,Semi-Fresh,93.33,True
D:/VIT TY SEM5/ML Project/FOODFRESHAI/data/raw/AgriFreshNET Freshness and Shelf-Life Image Datase/Processed Data/Processed Data/Semi Fresh Papaya(4-7)/aug_424_IMG_20251124_021909.jpg,Papaya,Semi-Fresh,Fresh,49.34,False
D:/VIT TY SEM5/ML Project/FOODFRESHAI/data/raw/AgriFreshNET Freshness and Shelf-Life Image Datase/Processed Data/Processed Data/Semi Fresh Papaya(4-7)/aug_429_IMG_20251124_022608.jpg,Papaya,Semi-Fresh,Fresh,56.31,False
D:/VIT TY SEM5/ML Project/FOODFRESHAI/data/raw/AgriFreshNET Freshness and Shelf-Life Image Datase/Processed Data/Processed Data/Semi Fresh Papaya(4-7)/aug_430_IMG_20251124_022525.jpg,Papaya,Semi-Fresh,Semi-Fresh,96.13,True
D:/VIT TY SEM5/ML Project/FOODFRESHAI/data/raw/AgriFreshNET Freshness and Shelf-Life Image Datase/Processed Data/Processed Data/Semi Fresh Papaya(4-7)/aug_434_IMG_20260214_025210.jpg,Papaya,Semi-Fresh,Semi-Fresh,95.23,True
D:/VIT TY SEM5/ML Project/FOODFRESHAI/data/raw/AgriFreshNET Freshness and Shelf-Life Image Datase/Processed Data/Processed Data/Semi Fresh Papaya(4-7)/aug_438_IMG_20260214_025241.jpg,Papaya,Semi-Fresh,Fresh,99.34,False
D:/VIT TY SEM5/ML Project/FOODFRESHAI/data/raw/AgriFreshNET Freshness and Shelf-Life Image Datase/Processed Data/Processed Data/Semi Fresh Papaya(4-7)/aug_439_IMG_20260214_025241.jpg,Papaya,Semi-Fresh,Fresh,99.05,False
D:/VIT TY SEM5/ML Project/FOODFRESHAI/data/raw/AgriFreshNET Freshness and Shelf-Life Image Datase/Processed Data/Processed Data/Semi Fresh Papaya(4-7)/aug_43_IMG_20260120_004459.jpg,Papaya,Semi-Fresh,Semi-Fresh,81.14,True
D:/VIT TY SEM5/ML Project/FOODFRESHAI/data/raw/AgriFreshNET Freshness and Shelf-Life Image Datase/Processed Data/Processed Data/Semi Fresh Papaya(4-7)/aug_440_IMG_20260125_005113.jpg,Papaya,Semi-Fresh,Semi-Fresh,99.57,True
D:/VIT TY SEM5/ML Project/FOODFRESHAI/data/raw/AgriFreshNET Freshness and Shelf-Life Image Datase/Processed Data/Processed Data/Semi Fresh Papaya(4-7)/aug_442_IMG_20260125_005113.jpg,Papaya,Semi-Fresh,Semi-Fresh,99.44,True
D:/VIT TY SEM5/ML Project/FOODFRESHAI/data/raw/AgriFreshNET Freshness and Shelf-Life Image Datase/Processed Data/Processed Data/Semi Fresh Papaya(4-7)/aug_444_IMG_20260125_005113.jpg,Papaya,Semi-Fresh,Semi-Fresh,99.58,True
D:/VIT TY SEM5/ML Project/FOODFRESHAI/data/raw/AgriFreshNET Freshness and Shelf-Life Image Datase/Processed Data/Processed Data/Semi Fresh Papaya(4-7)/aug_45_IMG_20260125_005113.jpg,Papaya,Semi-Fresh,Semi-Fresh,99.88,True
D:/VIT TY SEM5/ML Project/FOODFRESHAI/data/raw/AgriFreshNET Freshness and Shelf-Life Image Datase/Processed Data/Processed Data/Semi Fresh Papaya(4-7)/aug_464_IMG_20260120_004459.jpg,Papaya,Semi-Fresh,Semi-Fresh,76.91,True
D:/VIT TY SEM5/ML Project/FOODFRESHAI/data/raw/AgriFreshNET Freshness and Shelf-Life Image Datase/Processed Data/Processed Data/Semi Fresh Papaya(4-7)/aug_470_IMG_20260214_025210.jpg,Papaya,Semi-Fresh,Semi-Fresh,80.12,True
D:/VIT TY SEM5/ML Project/FOODFRESHAI/data/raw/AgriFreshNET Freshness and Shelf-Life Image Datase/Processed Data/Processed Data/Semi Fresh Papaya(4-7)/aug_477_IMG_20260120_004459.jpg,Papaya,Semi-Fresh,Semi-Fresh,72.37,True
D:/VIT TY SEM5/ML Project/FOODFRESHAI/data/raw/AgriFreshNET Freshness and Shelf-Life Image Datase/Processed Data/Processed Data/Semi Fresh Papaya(4-7)/aug_486_IMG_20260125_005125.jpg,Papaya,Semi-Fresh,Rotten,68.46,False
D:/VIT TY SEM5/ML Project/FOODFRESHAI/data/raw/AgriFreshNET Freshness and Shelf-Life Image Datase/Processed Data/Processed Data/Semi Fresh Papaya(4-7)/aug_489_IMG_20251124_022608.jpg,Papaya,Semi-Fresh,Semi-Fresh,56.38,True
D:/VIT TY SEM5/ML Project/FOODFRESHAI/data/raw/AgriFreshNET Freshness and Shelf-Life Image Datase/Processed Data/Processed Data/Semi Fresh Papaya(4-7)/aug_497_IMG_20260125_005113.jpg,Papaya,Semi-Fresh,Semi-Fresh,98.77,True
D:/VIT TY SEM5/ML Project/FOODFRESHAI/data/raw/AgriFreshNET Freshness and Shelf-Life Image Datase/Processed Data/Processed Data/Semi Fresh Papaya(4-7)/aug_49_IMG_20260123_013740_1.jpg,Papaya,Semi-Fresh,Semi-Fresh,71.54,True
D:/VIT TY SEM5/ML Project/FOODFRESHAI/data/raw/AgriFreshNET Freshness and Shelf-Life Image Datase/Processed Data/Processed Data/Semi Fresh Papaya(4-7)/aug_502_IMG_20251124_022525.jpg,Papaya,Semi-Fresh,Semi-Fresh,76.9,True
D:/VIT TY SEM5/ML Project/FOODFRESHAI/data/raw/AgriFreshNET Freshness and Shelf-Life Image Datase/Processed Data/Processed Data/Semi Fresh Papaya(4-7)/aug_505_IMG_20260123_013740_1.jpg,Papaya,Semi-Fresh,Semi-Fresh,82.59,True
D:/VIT TY SEM5/ML Project/FOODFRESHAI/data/raw/AgriFreshNET Freshness and Shelf-Life Image Datase/Processed Data/Processed Data/Semi Fresh Papaya(4-7)/aug_507_IMG_20260214_025210.jpg,Papaya,Semi-Fresh,Semi-Fresh,92.08,True
D:/VIT TY SEM5/ML Project/FOODFRESHAI/data/raw/AgriFreshNET Freshness and Shelf-Life Image Datase/Processed Data/Processed Data/Semi Fresh Papaya(4-7)/aug_514_IMG_20260125_005113.jpg,Papaya,Semi-Fresh,Semi-Fresh,99.42,True
D:/VIT TY SEM5/ML Project/FOODFRESHAI/data/raw/AgriFreshNET Freshness and Shelf-Life Image Datase/Processed Data/Processed Data/Semi Fresh Papaya(4-7)/aug_51_IMG_20251124_022608.jpg,Papaya,Semi-Fresh,Semi-Fresh,76.47,True
D:/VIT TY SEM5/ML Project/FOODFRESHAI/data/raw/AgriFreshNET Freshness and Shelf-Life Image Datase/Processed Data/Processed Data/Semi Fresh Papaya(4-7)/aug_524_IMG_20251124_021909.jpg,Papaya,Semi-Fresh,Fresh,45.23,False
D:/VIT TY SEM5/ML Project/FOODFRESHAI/data/raw/AgriFreshNET Freshness and Shelf-Life Image Datase/Processed Data/Processed Data/Semi Fresh Papaya(4-7)/aug_52_IMG_20251124_022608.jpg,Papaya,Semi-Fresh,Semi-Fresh,72.2,True
D:/VIT TY SEM5/ML Project/FOODFRESHAI/data/raw/AgriFreshNET Freshness and Shelf-Life Image Datase/Processed Data/Processed Data/Semi Fresh Papaya(4-7)/aug_538_IMG_20260120_004459.jpg,Papaya,Semi-Fresh,Semi-Fresh,78.08,True
D:/VIT TY SEM5/ML Project/FOODFRESHAI/data/raw/AgriFreshNET Freshness and Shelf-Life Image Datase/Processed Data/Processed Data/Semi Fresh Papaya(4-7)/aug_58_IMG_20260123_013740_1.jpg,Papaya,Semi-Fresh,Semi-Fresh,97.99,True
D:/VIT TY SEM5/ML Project/FOODFRESHAI/data/raw/AgriFreshNET Freshness and Shelf-Life Image Datase/Processed Data/Processed Data/Semi Fresh Papaya(4-7)/aug_77_IMG_20260125_005113.jpg,Papaya,Semi-Fresh,Semi-Fresh,99.88,True
D:/VIT TY SEM5/ML Project/FOODFRESHAI/data/raw/AgriFreshNET Freshness and Shelf-Life Image Datase/Processed Data/Processed Data/Semi Fresh Papaya(4-7)/aug_79_IMG_20251124_022525.jpg,Papaya,Semi-Fresh,Semi-Fresh,96.4,True
D:/VIT TY SEM5/ML Project/FOODFRESHAI/data/raw/AgriFreshNET Freshness and Shelf-Life Image Datase/Processed Data/Processed Data/Semi Fresh Papaya(4-7)/aug_88_IMG_20251124_021909.jpg,Papaya,Semi-Fresh,Rotten,52.36,False
D:/VIT TY SEM5/ML Project/FOODFRESHAI/data/raw/AgriFreshNET Freshness and Shelf-Life Image Datase/Processed Data/Processed Data/Semi Fresh Papaya(4-7)/aug_9_IMG_20251124_022525.jpg,Papaya,Semi-Fresh,Semi-Fresh,96.53,True
D:/VIT TY SEM5/ML Project/FOODFRESHAI/data/raw/AgriFreshNET Freshness and Shelf-Life Image Datase/Processed Data/Processed Data/Semi Fresh Papaya(4-7)/IMG_20251124_021909.jpg,Papaya,Semi-Fresh,Semi-Fresh,46.79,True
D:/VIT TY SEM5/ML Project/FOODFRESHAI/data/raw/AgriFreshNET Freshness and Shelf-Life Image Datase/Processed Data/Processed Data/Semi Fresh Papaya(4-7)/IMG_20251124_022525.jpg,Papaya,Semi-Fresh,Semi-Fresh,96.05,True
D:/VIT TY SEM5/ML Project/FOODFRESHAI/data/raw/AgriFreshNET Freshness and Shelf-Life Image Datase/Processed Data/Processed Data/Semi Fresh Papaya(4-7)/IMG_20251124_022608.jpg,Papaya,Semi-Fresh,Semi-Fresh,76.4,True
D:/VIT TY SEM5/ML Project/FOODFRESHAI/data/raw/AgriFreshNET Freshness and Shelf-Life Image Datase/Processed Data/Processed Data/Semi Fresh Papaya(4-7)/IMG_20260120_004459.jpg,Papaya,Semi-Fresh,Semi-Fresh,64.64,True
D:/VIT TY SEM5/ML Project/FOODFRESHAI/data/raw/AgriFreshNET Freshness and Shelf-Life Image Datase/Processed Data/Processed Data/Semi Fresh Papaya(4-7)/IMG_20260123_013740_1.jpg,Papaya,Semi-Fresh,Semi-Fresh,84.37,True
D:/VIT TY SEM5/ML Project/FOODFRESHAI/data/raw/AgriFreshNET Freshness and Shelf-Life Image Datase/Processed Data/Processed Data/Semi Fresh Papaya(4-7)/IMG_20260125_005113.jpg,Papaya,Semi-Fresh,Semi-Fresh,99.44,True
D:/VIT TY SEM5/ML Project/FOODFRESHAI/data/raw/AgriFreshNET Freshness and Shelf-Life Image Datase/Processed Data/Processed Data/Semi Fresh Papaya(4-7)/IMG_20260125_005125.jpg,Papaya,Semi-Fresh,Rotten,69.74,False
D:/VIT TY SEM5/ML Project/FOODFRESHAI/data/raw/AgriFreshNET Freshness and Shelf-Life Image Datase/Processed Data/Processed Data/Semi Fresh Papaya(4-7)/IMG_20260214_025210.jpg,Papaya,Semi-Fresh,Semi-Fresh,91.99,True
D:/VIT TY SEM5/ML Project/FOODFRESHAI/data/raw/AgriFreshNET Freshness and Shelf-Life Image Datase/Processed Data/Processed Data/Semi Fresh Papaya(4-7)/IMG_20260214_025241.jpg,Papaya,Semi-Fresh,Fresh,99.5,False
D:/VIT TY SEM5/ML Project/FOODFRESHAI/data/raw/AgriFreshNET Freshness and Shelf-Life Image Datase/Processed Data/Processed Data/Semi fresh Pineapple (15-25)/aug_101_IMG_20251120_204748013_HDR.jpg,Pineapple,Semi-Fresh,Semi-Fresh,99.63,True
D:/VIT TY SEM5/ML Project/FOODFRESHAI/data/raw/AgriFreshNET Freshness and Shelf-Life Image Datase/Processed Data/Processed Data/Semi fresh Pineapple (15-25)/aug_120_IMG_20251123_223245976_HDR.jpg,Pineapple,Semi-Fresh,Rotten,53.71,False
D:/VIT TY SEM5/ML Project/FOODFRESHAI/data/raw/AgriFreshNET Freshness and Shelf-Life Image Datase/Processed Data/Processed Data/Semi fresh Pineapple (15-25)/aug_126_IMG_20251116_220817357_HDR.jpg,Pineapple,Semi-Fresh,Semi-Fresh,91.98,True
D:/VIT TY SEM5/ML Project/FOODFRESHAI/data/raw/AgriFreshNET Freshness and Shelf-Life Image Datase/Processed Data/Processed Data/Semi fresh Pineapple (15-25)/aug_144_IMG_20251125_210649415_HDR.jpg,Pineapple,Semi-Fresh,Semi-Fresh,81.13,True
D:/VIT TY SEM5/ML Project/FOODFRESHAI/data/raw/AgriFreshNET Freshness and Shelf-Life Image Datase/Processed Data/Processed Data/Semi fresh Pineapple (15-25)/aug_145_IMG_20251121_144720059_HDR_AE.jpg,Pineapple,Semi-Fresh,Semi-Fresh,56.38,True
D:/VIT TY SEM5/ML Project/FOODFRESHAI/data/raw/AgriFreshNET Freshness and Shelf-Life Image Datase/Processed Data/Processed Data/Semi fresh Pineapple (15-25)/aug_156_IMG_20251120_204748013_HDR.jpg,Pineapple,Semi-Fresh,Semi-Fresh,99.68,True
D:/VIT TY SEM5/ML Project/FOODFRESHAI/data/raw/AgriFreshNET Freshness and Shelf-Life Image Datase/Processed Data/Processed Data/Semi fresh Pineapple (15-25)/aug_159_IMG-20251207-WA0027.jpg,Pineapple,Semi-Fresh,Semi-Fresh,99.93,True
D:/VIT TY SEM5/ML Project/FOODFRESHAI/data/raw/AgriFreshNET Freshness and Shelf-Life Image Datase/Processed Data/Processed Data/Semi fresh Pineapple (15-25)/aug_160_IMG-20251205-WA0038.jpg,Pineapple,Semi-Fresh,Semi-Fresh,99.97,True
D:/VIT TY SEM5/ML Project/FOODFRESHAI/data/raw/AgriFreshNET Freshness and Shelf-Life Image Datase/Processed Data/Processed Data/Semi fresh Pineapple (15-25)/aug_162_IMG_20251120_204748013_HDR.jpg,Pineapple,Semi-Fresh,Semi-Fresh,98.09,True
D:/VIT TY SEM5/ML Project/FOODFRESHAI/data/raw/AgriFreshNET Freshness and Shelf-Life Image Datase/Processed Data/Processed Data/Semi fresh Pineapple (15-25)/aug_167_IMG-20251207-WA0024.jpg,Pineapple,Semi-Fresh,Semi-Fresh,99.92,True
D:/VIT TY SEM5/ML Project/FOODFRESHAI/data/raw/AgriFreshNET Freshness and Shelf-Life Image Datase/Processed Data/Processed Data/Semi fresh Pineapple (15-25)/aug_169_IMG_20251125_210612731_HDR.jpg,Pineapple,Semi-Fresh,Semi-Fresh,86.96,True
D:/VIT TY SEM5/ML Project/FOODFRESHAI/data/raw/AgriFreshNET Freshness and Shelf-Life Image Datase/Processed Data/Processed Data/Semi fresh Pineapple (15-25)/aug_175_IMG-20251205-WA0026.jpg,Pineapple,Semi-Fresh,Semi-Fresh,99.73,True
D:/VIT TY SEM5/ML Project/FOODFRESHAI/data/raw/AgriFreshNET Freshness and Shelf-Life Image Datase/Processed Data/Processed Data/Semi fresh Pineapple (15-25)/aug_180_IMG_20251116_220817357_HDR.jpg,Pineapple,Semi-Fresh,Semi-Fresh,98.85,True
D:/VIT TY SEM5/ML Project/FOODFRESHAI/data/raw/AgriFreshNET Freshness and Shelf-Life Image Datase/Processed Data/Processed Data/Semi fresh Pineapple (15-25)/aug_18_IMG-20251207-WA0024.jpg,Pineapple,Semi-Fresh,Semi-Fresh,99.61,True
D:/VIT TY SEM5/ML Project/FOODFRESHAI/data/raw/AgriFreshNET Freshness and Shelf-Life Image Datase/Processed Data/Processed Data/Semi fresh Pineapple (15-25)/aug_191_IMG_20251125_210649415_HDR.jpg,Pineapple,Semi-Fresh,Semi-Fresh,90.76,True
D:/VIT TY SEM5/ML Project/FOODFRESHAI/data/raw/AgriFreshNET Freshness and Shelf-Life Image Datase/Processed Data/Processed Data/Semi fresh Pineapple (15-25)/aug_1_IMG_20251125_210612731_HDR.jpg,Pineapple,Semi-Fresh,Semi-Fresh,86.63,True
D:/VIT TY SEM5/ML Project/FOODFRESHAI/data/raw/AgriFreshNET Freshness and Shelf-Life Image Datase/Processed Data/Processed Data/Semi fresh Pineapple (15-25)/aug_205_IMG-20251207-WA0037.jpg,Pineapple,Semi-Fresh,Semi-Fresh,98.91,True
D:/VIT TY SEM5/ML Project/FOODFRESHAI/data/raw/AgriFreshNET Freshness and Shelf-Life Image Datase/Processed Data/Processed Data/Semi fresh Pineapple (15-25)/aug_207_IMG-20251207-WA0017.jpg,Pineapple,Semi-Fresh,Semi-Fresh,99.98,True
D:/VIT TY SEM5/ML Project/FOODFRESHAI/data/raw/AgriFreshNET Freshness and Shelf-Life Image Datase/Processed Data/Processed Data/Semi fresh Pineapple (15-25)/aug_20_IMG_20251120_204748013_HDR.jpg,Pineapple,Semi-Fresh,Semi-Fresh,98.43,True
D:/VIT TY SEM5/ML Project/FOODFRESHAI/data/raw/AgriFreshNET Freshness and Shelf-Life Image Datase/Processed Data/Processed Data/Semi fresh Pineapple (15-25)/aug_210_IMG_20251121_144817230_HDR_AE.jpg,Pineapple,Semi-Fresh,Fresh,99.86,False
D:/VIT TY SEM5/ML Project/FOODFRESHAI/data/raw/AgriFreshNET Freshness and Shelf-Life Image Datase/Processed Data/Processed Data/Semi fresh Pineapple (15-25)/aug_216_IMG_20251125_210643408_HDR.jpg,Pineapple,Semi-Fresh,Semi-Fresh,68.92,True
D:/VIT TY SEM5/ML Project/FOODFRESHAI/data/raw/AgriFreshNET Freshness and Shelf-Life Image Datase/Processed Data/Processed Data/Semi fresh Pineapple (15-25)/aug_23_IMG-20251205-WA0026.jpg,Pineapple,Semi-Fresh,Semi-Fresh,99.75,True
D:/VIT TY SEM5/ML Project/FOODFRESHAI/data/raw/AgriFreshNET Freshness and Shelf-Life Image Datase/Processed Data/Processed Data/Semi fresh Pineapple (15-25)/aug_248_IMG_20251123_223245976_HDR.jpg,Pineapple,Semi-Fresh,Semi-Fresh,53.85,True
D:/VIT TY SEM5/ML Project/FOODFRESHAI/data/raw/AgriFreshNET Freshness and Shelf-Life Image Datase/Processed Data/Processed Data/Semi fresh Pineapple (15-25)/aug_252_IMG-20251207-WA0024.jpg,Pineapple,Semi-Fresh,Semi-Fresh,99.95,True
D:/VIT TY SEM5/ML Project/FOODFRESHAI/data/raw/AgriFreshNET Freshness and Shelf-Life Image Datase/Processed Data/Processed Data/Semi fresh Pineapple (15-25)/aug_253_IMG_20251121_144817230_HDR_AE.jpg,Pineapple,Semi-Fresh,Fresh,99.95,False
D:/VIT TY SEM5/ML Project/FOODFRESHAI/data/raw/AgriFreshNET Freshness and Shelf-Life Image Datase/Processed Data/Processed Data/Semi fresh Pineapple (15-25)/aug_254_IMG_20251125_210649415_HDR.jpg,Pineapple,Semi-Fresh,Semi-Fresh,91.27,True
D:/VIT TY SEM5/ML Project/FOODFRESHAI/data/raw/AgriFreshNET Freshness and Shelf-Life Image Datase/Processed Data/Processed Data/Semi fresh Pineapple (15-25)/aug_267_IMG_20251116_220817357_HDR.jpg,Pineapple,Semi-Fresh,Semi-Fresh,99.34,True
D:/VIT TY SEM5/ML Project/FOODFRESHAI/data/raw/AgriFreshNET Freshness and Shelf-Life Image Datase/Processed Data/Processed Data/Semi fresh Pineapple (15-25)/aug_269_IMG_20251123_223245976_HDR.jpg,Pineapple,Semi-Fresh,Rotten,54.27,False
D:/VIT TY SEM5/ML Project/FOODFRESHAI/data/raw/AgriFreshNET Freshness and Shelf-Life Image Datase/Processed Data/Processed Data/Semi fresh Pineapple (15-25)/aug_26_IMG-20251207-WA0037.jpg,Pineapple,Semi-Fresh,Semi-Fresh,99.47,True
D:/VIT TY SEM5/ML Project/FOODFRESHAI/data/raw/AgriFreshNET Freshness and Shelf-Life Image Datase/Processed Data/Processed Data/Semi fresh Pineapple (15-25)/aug_273_IMG_20251116_220817357_HDR.jpg,Pineapple,Semi-Fresh,Semi-Fresh,84.09,True
D:/VIT TY SEM5/ML Project/FOODFRESHAI/data/raw/AgriFreshNET Freshness and Shelf-Life Image Datase/Processed Data/Processed Data/Semi fresh Pineapple (15-25)/aug_283_IMG-20251205-WA0026.jpg,Pineapple,Semi-Fresh,Semi-Fresh,99.71,True
D:/VIT TY SEM5/ML Project/FOODFRESHAI/data/raw/AgriFreshNET Freshness and Shelf-Life Image Datase/Processed Data/Processed Data/Semi fresh Pineapple (15-25)/aug_287_IMG_20251121_144720059_HDR_AE.jpg,Pineapple,Semi-Fresh,Fresh,87.18,False
D:/VIT TY SEM5/ML Project/FOODFRESHAI/data/raw/AgriFreshNET Freshness and Shelf-Life Image Datase/Processed Data/Processed Data/Semi fresh Pineapple (15-25)/aug_293_IMG_20251124_193044352_HDR.jpg,Pineapple,Semi-Fresh,Semi-Fresh,87.15,True
D:/VIT TY SEM5/ML Project/FOODFRESHAI/data/raw/AgriFreshNET Freshness and Shelf-Life Image Datase/Processed Data/Processed Data/Semi fresh Pineapple (15-25)/aug_299_IMG_20251117_141318994_HDR_AE.jpg,Pineapple,Semi-Fresh,Fresh,100.0,False
D:/VIT TY SEM5/ML Project/FOODFRESHAI/data/raw/AgriFreshNET Freshness and Shelf-Life Image Datase/Processed Data/Processed Data/Semi fresh Pineapple (15-25)/aug_2_IMG-20251207-WA0037.jpg,Pineapple,Semi-Fresh,Semi-Fresh,99.45,True
D:/VIT TY SEM5/ML Project/FOODFRESHAI/data/raw/AgriFreshNET Freshness and Shelf-Life Image Datase/Processed Data/Processed Data/Semi fresh Pineapple (15-25)/aug_303_IMG-20251205-WA0038.jpg,Pineapple,Semi-Fresh,Semi-Fresh,99.97,True
D:/VIT TY SEM5/ML Project/FOODFRESHAI/data/raw/AgriFreshNET Freshness and Shelf-Life Image Datase/Processed Data/Processed Data/Semi fresh Pineapple (15-25)/aug_310_IMG-20251207-WA0024.jpg,Pineapple,Semi-Fresh,Semi-Fresh,99.61,True
D:/VIT TY SEM5/ML Project/FOODFRESHAI/data/raw/AgriFreshNET Freshness and Shelf-Life Image Datase/Processed Data/Processed Data/Semi fresh Pineapple (15-25)/aug_324_IMG-20251207-WA0037.jpg,Pineapple,Semi-Fresh,Semi-Fresh,98.58,True
D:/VIT TY SEM5/ML Project/FOODFRESHAI/data/raw/AgriFreshNET Freshness and Shelf-Life Image Datase/Processed Data/Processed Data/Semi fresh Pineapple (15-25)/aug_327_IMG-20251207-WA0027.jpg,Pineapple,Semi-Fresh,Semi-Fresh,99.8,True
D:/VIT TY SEM5/ML Project/FOODFRESHAI/data/raw/AgriFreshNET Freshness and Shelf-Life Image Datase/Processed Data/Processed Data/Semi fresh Pineapple (15-25)/aug_333_IMG-20251207-WA0024.jpg,Pineapple,Semi-Fresh,Semi-Fresh,99.78,True
D:/VIT TY SEM5/ML Project/FOODFRESHAI/data/raw/AgriFreshNET Freshness and Shelf-Life Image Datase/Processed Data/Processed Data/Semi fresh Pineapple (15-25)/aug_334_IMG_20251120_204748013_HDR.jpg,Pineapple,Semi-Fresh,Semi-Fresh,99.78,True
D:/VIT TY SEM5/ML Project/FOODFRESHAI/data/raw/AgriFreshNET Freshness and Shelf-Life Image Datase/Processed Data/Processed Data/Semi fresh Pineapple (15-25)/aug_338_IMG-20251205-WA0026.jpg,Pineapple,Semi-Fresh,Semi-Fresh,99.77,True
D:/VIT TY SEM5/ML Project/FOODFRESHAI/data/raw/AgriFreshNET Freshness and Shelf-Life Image Datase/Processed Data/Processed Data/Semi fresh Pineapple (15-25)/aug_346_IMG_20251120_204748013_HDR.jpg,Pineapple,Semi-Fresh,Semi-Fresh,99.35,True
D:/VIT TY SEM5/ML Project/FOODFRESHAI/data/raw/AgriFreshNET Freshness and Shelf-Life Image Datase/Processed Data/Processed Data/Semi fresh Pineapple (15-25)/aug_358_IMG_20251120_204748013_HDR.jpg,Pineapple,Semi-Fresh,Semi-Fresh,99.67,True
D:/VIT TY SEM5/ML Project/FOODFRESHAI/data/raw/AgriFreshNET Freshness and Shelf-Life Image Datase/Processed Data/Processed Data/Semi fresh Pineapple (15-25)/aug_35_IMG_20251125_210643408_HDR.jpg,Pineapple,Semi-Fresh,Semi-Fresh,73.87,True
D:/VIT TY SEM5/ML Project/FOODFRESHAI/data/raw/AgriFreshNET Freshness and Shelf-Life Image Datase/Processed Data/Processed Data/Semi fresh Pineapple (15-25)/aug_366_IMG-20251207-WA0035.jpg,Pineapple,Semi-Fresh,Semi-Fresh,96.8,True
D:/VIT TY SEM5/ML Project/FOODFRESHAI/data/raw/AgriFreshNET Freshness and Shelf-Life Image Datase/Processed Data/Processed Data/Semi fresh Pineapple (15-25)/aug_367_IMG-20251207-WA0035.jpg,Pineapple,Semi-Fresh,Semi-Fresh,92.5,True
D:/VIT TY SEM5/ML Project/FOODFRESHAI/data/raw/AgriFreshNET Freshness and Shelf-Life Image Datase/Processed Data/Processed Data/Semi fresh Pineapple (15-25)/aug_372_IMG-20251205-WA0047.jpg,Pineapple,Semi-Fresh,Semi-Fresh,99.16,True
D:/VIT TY SEM5/ML Project/FOODFRESHAI/data/raw/AgriFreshNET Freshness and Shelf-Life Image Datase/Processed Data/Processed Data/Semi fresh Pineapple (15-25)/aug_375_IMG_20251116_220817357_HDR.jpg,Pineapple,Semi-Fresh,Semi-Fresh,98.88,True
D:/VIT TY SEM5/ML Project/FOODFRESHAI/data/raw/AgriFreshNET Freshness and Shelf-Life Image Datase/Processed Data/Processed Data/Semi fresh Pineapple (15-25)/aug_387_IMG_20251117_141318994_HDR_AE.jpg,Pineapple,Semi-Fresh,Fresh,100.0,False
D:/VIT TY SEM5/ML Project/FOODFRESHAI/data/raw/AgriFreshNET Freshness and Shelf-Life Image Datase/Processed Data/Processed Data/Semi fresh Pineapple (15-25)/aug_390_IMG_20251121_144817230_HDR_AE.jpg,Pineapple,Semi-Fresh,Fresh,99.92,False
D:/VIT TY SEM5/ML Project/FOODFRESHAI/data/raw/AgriFreshNET Freshness and Shelf-Life Image Datase/Processed Data/Processed Data/Semi fresh Pineapple (15-25)/aug_393_IMG-20251207-WA0027.jpg,Pineapple,Semi-Fresh,Semi-Fresh,99.96,True
D:/VIT TY SEM5/ML Project/FOODFRESHAI/data/raw/AgriFreshNET Freshness and Shelf-Life Image Datase/Processed Data/Processed Data/Semi fresh Pineapple (15-25)/aug_399_IMG_20251125_210649415_HDR.jpg,Pineapple,Semi-Fresh,Semi-Fresh,86.54,True
D:/VIT TY SEM5/ML Project/FOODFRESHAI/data/raw/AgriFreshNET Freshness and Shelf-Life Image Datase/Processed Data/Processed Data/Semi fresh Pineapple (15-25)/aug_400_IMG_20251121_144817230_HDR_AE.jpg,Pineapple,Semi-Fresh,Fresh,99.88,False
D:/VIT TY SEM5/ML Project/FOODFRESHAI/data/raw/AgriFreshNET Freshness and Shelf-Life Image Datase/Processed Data/Processed Data/Semi fresh Pineapple (15-25)/aug_409_IMG_20251125_210649415_HDR.jpg,Pineapple,Semi-Fresh,Semi-Fresh,75.74,True
D:/VIT TY SEM5/ML Project/FOODFRESHAI/data/raw/AgriFreshNET Freshness and Shelf-Life Image Datase/Processed Data/Processed Data/Semi fresh Pineapple (15-25)/aug_415_IMG_20251116_220817357_HDR.jpg,Pineapple,Semi-Fresh,Semi-Fresh,99.06,True
D:/VIT TY SEM5/ML Project/FOODFRESHAI/data/raw/AgriFreshNET Freshness and Shelf-Life Image Datase/Processed Data/Processed Data/Semi fresh Pineapple (15-25)/aug_416_IMG_20251117_141318994_HDR_AE.jpg,Pineapple,Semi-Fresh,Fresh,100.0,False
D:/VIT TY SEM5/ML Project/FOODFRESHAI/data/raw/AgriFreshNET Freshness and Shelf-Life Image Datase/Processed Data/Processed Data/Semi fresh Pineapple (15-25)/aug_419_IMG_20251125_210612731_HDR.jpg,Pineapple,Semi-Fresh,Semi-Fresh,96.3,True
D:/VIT TY SEM5/ML Project/FOODFRESHAI/data/raw/AgriFreshNET Freshness and Shelf-Life Image Datase/Processed Data/Processed Data/Semi fresh Pineapple (15-25)/aug_424_IMG_20251124_193044352_HDR.jpg,Pineapple,Semi-Fresh,Semi-Fresh,79.72,True
D:/VIT TY SEM5/ML Project/FOODFRESHAI/data/raw/AgriFreshNET Freshness and Shelf-Life Image Datase/Processed Data/Processed Data/Semi fresh Pineapple (15-25)/aug_428_IMG_20251123_223245976_HDR.jpg,Pineapple,Semi-Fresh,Rotten,53.91,False
D:/VIT TY SEM5/ML Project/FOODFRESHAI/data/raw/AgriFreshNET Freshness and Shelf-Life Image Datase/Processed Data/Processed Data/Semi fresh Pineapple (15-25)/aug_434_IMG_20251117_141318994_HDR_AE.jpg,Pineapple,Semi-Fresh,Fresh,100.0,False
D:/VIT TY SEM5/ML Project/FOODFRESHAI/data/raw/AgriFreshNET Freshness and Shelf-Life Image Datase/Processed Data/Processed Data/Semi fresh Pineapple (15-25)/aug_441_IMG_20251121_144720059_HDR_AE.jpg,Pineapple,Semi-Fresh,Fresh,50.15,False
D:/VIT TY SEM5/ML Project/FOODFRESHAI/data/raw/AgriFreshNET Freshness and Shelf-Life Image Datase/Processed Data/Processed Data/Semi fresh Pineapple (15-25)/aug_449_IMG-20251205-WA0047.jpg,Pineapple,Semi-Fresh,Semi-Fresh,97.01,True
D:/VIT TY SEM5/ML Project/FOODFRESHAI/data/raw/AgriFreshNET Freshness and Shelf-Life Image Datase/Processed Data/Processed Data/Semi fresh Pineapple (15-25)/aug_452_IMG-20251207-WA0037.jpg,Pineapple,Semi-Fresh,Semi-Fresh,94.19,True
D:/VIT TY SEM5/ML Project/FOODFRESHAI/data/raw/AgriFreshNET Freshness and Shelf-Life Image Datase/Processed Data/Processed Data/Semi fresh Pineapple (15-25)/aug_462_IMG_20251124_193044352_HDR.jpg,Pineapple,Semi-Fresh,Semi-Fresh,78.32,True
D:/VIT TY SEM5/ML Project/FOODFRESHAI/data/raw/AgriFreshNET Freshness and Shelf-Life Image Datase/Processed Data/Processed Data/Semi fresh Pineapple (15-25)/aug_466_IMG_20251125_210649415_HDR.jpg,Pineapple,Semi-Fresh,Semi-Fresh,85.65,True
D:/VIT TY SEM5/ML Project/FOODFRESHAI/data/raw/AgriFreshNET Freshness and Shelf-Life Image Datase/Processed Data/Processed Data/Semi fresh Pineapple (15-25)/aug_46_IMG-20251207-WA0035.jpg,Pineapple,Semi-Fresh,Semi-Fresh,94.59,True
D:/VIT TY SEM5/ML Project/FOODFRESHAI/data/raw/AgriFreshNET Freshness and Shelf-Life Image Datase/Processed Data/Processed Data/Semi fresh Pineapple (15-25)/aug_54_IMG_20251120_204748013_HDR.jpg,Pineapple,Semi-Fresh,Semi-Fresh,99.14,True
D:/VIT TY SEM5/ML Project/FOODFRESHAI/data/raw/AgriFreshNET Freshness and Shelf-Life Image Datase/Processed Data/Processed Data/Semi fresh Pineapple (15-25)/aug_55_IMG_20251124_193044352_HDR.jpg,Pineapple,Semi-Fresh,Semi-Fresh,87.47,True
D:/VIT TY SEM5/ML Project/FOODFRESHAI/data/raw/AgriFreshNET Freshness and Shelf-Life Image Datase/Processed Data/Processed Data/Semi fresh Pineapple (15-25)/aug_64_IMG_20251120_204748013_HDR.jpg,Pineapple,Semi-Fresh,Semi-Fresh,99.61,True
D:/VIT TY SEM5/ML Project/FOODFRESHAI/data/raw/AgriFreshNET Freshness and Shelf-Life Image Datase/Processed Data/Processed Data/Semi fresh Pineapple (15-25)/aug_66_IMG-20251207-WA0024.jpg,Pineapple,Semi-Fresh,Semi-Fresh,99.92,True
D:/VIT TY SEM5/ML Project/FOODFRESHAI/data/raw/AgriFreshNET Freshness and Shelf-Life Image Datase/Processed Data/Processed Data/Semi fresh Pineapple (15-25)/aug_67_IMG_20251125_210643408_HDR.jpg,Pineapple,Semi-Fresh,Semi-Fresh,93.39,True
D:/VIT TY SEM5/ML Project/FOODFRESHAI/data/raw/AgriFreshNET Freshness and Shelf-Life Image Datase/Processed Data/Processed Data/Semi fresh Pineapple (15-25)/aug_73_IMG-20251205-WA0026.jpg,Pineapple,Semi-Fresh,Semi-Fresh,99.77,True
D:/VIT TY SEM5/ML Project/FOODFRESHAI/data/raw/AgriFreshNET Freshness and Shelf-Life Image Datase/Processed Data/Processed Data/Semi fresh Pineapple (15-25)/aug_7_IMG_20251116_220817357_HDR.jpg,Pineapple,Semi-Fresh,Semi-Fresh,98.64,True
D:/VIT TY SEM5/ML Project/FOODFRESHAI/data/raw/AgriFreshNET Freshness and Shelf-Life Image Datase/Processed Data/Processed Data/Semi fresh Pineapple (15-25)/IMG-20251205-WA0026.jpg,Pineapple,Semi-Fresh,Semi-Fresh,99.7,True
D:/VIT TY SEM5/ML Project/FOODFRESHAI/data/raw/AgriFreshNET Freshness and Shelf-Life Image Datase/Processed Data/Processed Data/Semi fresh Pineapple (15-25)/IMG-20251205-WA0038.jpg,Pineapple,Semi-Fresh,Semi-Fresh,99.96,True
D:/VIT TY SEM5/ML Project/FOODFRESHAI/data/raw/AgriFreshNET Freshness and Shelf-Life Image Datase/Processed Data/Processed Data/Semi fresh Pineapple (15-25)/IMG-20251205-WA0047.jpg,Pineapple,Semi-Fresh,Semi-Fresh,99.61,True
D:/VIT TY SEM5/ML Project/FOODFRESHAI/data/raw/AgriFreshNET Freshness and Shelf-Life Image Datase/Processed Data/Processed Data/Semi fresh Pineapple (15-25)/IMG-20251207-WA0017.jpg,Pineapple,Semi-Fresh,Semi-Fresh,99.98,True
D:/VIT TY SEM5/ML Project/FOODFRESHAI/data/raw/AgriFreshNET Freshness and Shelf-Life Image Datase/Processed Data/Processed Data/Semi fresh Pineapple (15-25)/IMG-20251207-WA0024.jpg,Pineapple,Semi-Fresh,Semi-Fresh,99.92,True
D:/VIT TY SEM5/ML Project/FOODFRESHAI/data/raw/AgriFreshNET Freshness and Shelf-Life Image Datase/Processed Data/Processed Data/Semi fresh Pineapple (15-25)/IMG-20251207-WA0027.jpg,Pineapple,Semi-Fresh,Semi-Fresh,99.97,True
D:/VIT TY SEM5/ML Project/FOODFRESHAI/data/raw/AgriFreshNET Freshness and Shelf-Life Image Datase/Processed Data/Processed Data/Semi fresh Pineapple (15-25)/IMG-20251207-WA0035.jpg,Pineapple,Semi-Fresh,Semi-Fresh,95.26,True
D:/VIT TY SEM5/ML Project/FOODFRESHAI/data/raw/AgriFreshNET Freshness and Shelf-Life Image Datase/Processed Data/Processed Data/Semi fresh Pineapple (15-25)/IMG-20251207-WA0037.jpg,Pineapple,Semi-Fresh,Semi-Fresh,99.51,True
D:/VIT TY SEM5/ML Project/FOODFRESHAI/data/raw/AgriFreshNET Freshness and Shelf-Life Image Datase/Processed Data/Processed Data/Semi fresh Pineapple (15-25)/IMG_20251116_220817357_HDR.jpg,Pineapple,Semi-Fresh,Semi-Fresh,99.04,True
D:/VIT TY SEM5/ML Project/FOODFRESHAI/data/raw/AgriFreshNET Freshness and Shelf-Life Image Datase/Processed Data/Processed Data/Semi fresh Pineapple (15-25)/IMG_20251117_141318994_HDR_AE.jpg,Pineapple,Semi-Fresh,Fresh,100.0,False
D:/VIT TY SEM5/ML Project/FOODFRESHAI/data/raw/AgriFreshNET Freshness and Shelf-Life Image Datase/Processed Data/Processed Data/Semi fresh Pineapple (15-25)/IMG_20251120_204748013_HDR.jpg,Pineapple,Semi-Fresh,Semi-Fresh,99.57,True
D:/VIT TY SEM5/ML Project/FOODFRESHAI/data/raw/AgriFreshNET Freshness and Shelf-Life Image Datase/Processed Data/Processed Data/Semi fresh Pineapple (15-25)/IMG_20251121_144720059_HDR_AE.jpg,Pineapple,Semi-Fresh,Semi-Fresh,54.52,True
D:/VIT TY SEM5/ML Project/FOODFRESHAI/data/raw/AgriFreshNET Freshness and Shelf-Life Image Datase/Processed Data/Processed Data/Semi fresh Pineapple (15-25)/IMG_20251121_144817230_HDR_AE.jpg,Pineapple,Semi-Fresh,Fresh,99.95,False
D:/VIT TY SEM5/ML Project/FOODFRESHAI/data/raw/AgriFreshNET Freshness and Shelf-Life Image Datase/Processed Data/Processed Data/Semi fresh Pineapple (15-25)/IMG_20251123_223245976_HDR.jpg,Pineapple,Semi-Fresh,Rotten,52.14,False
D:/VIT TY SEM5/ML Project/FOODFRESHAI/data/raw/AgriFreshNET Freshness and Shelf-Life Image Datase/Processed Data/Processed Data/Semi fresh Pineapple (15-25)/IMG_20251124_193044352_HDR.jpg,Pineapple,Semi-Fresh,Semi-Fresh,87.18,True
D:/VIT TY SEM5/ML Project/FOODFRESHAI/data/raw/AgriFreshNET Freshness and Shelf-Life Image Datase/Processed Data/Processed Data/Semi fresh Pineapple (15-25)/IMG_20251125_210612731_HDR.jpg,Pineapple,Semi-Fresh,Semi-Fresh,87.61,True
D:/VIT TY SEM5/ML Project/FOODFRESHAI/data/raw/AgriFreshNET Freshness and Shelf-Life Image Datase/Processed Data/Processed Data/Semi fresh Pineapple (15-25)/IMG_20251125_210643408_HDR.jpg,Pineapple,Semi-Fresh,Semi-Fresh,93.96,True
D:/VIT TY SEM5/ML Project/FOODFRESHAI/data/raw/AgriFreshNET Freshness and Shelf-Life Image Datase/Processed Data/Processed Data/Semi fresh Pineapple (15-25)/IMG_20251125_210649415_HDR.jpg,Pineapple,Semi-Fresh,Semi-Fresh,85.49,True
D:/VIT TY SEM5/ML Project/FOODFRESHAI/data/raw/AgriFreshNET Freshness and Shelf-Life Image Datase/Processed Data/Processed Data/Semi fresh Tomato(10-24)/aug_100_IMG_20251116_220135323_HDR.jpg,Tomato,Semi-Fresh,Fresh,77.28,False
D:/VIT TY SEM5/ML Project/FOODFRESHAI/data/raw/AgriFreshNET Freshness and Shelf-Life Image Datase/Processed Data/Processed Data/Semi fresh Tomato(10-24)/aug_104_IMG_20251123_222127327_HDR.jpg,Tomato,Semi-Fresh,Semi-Fresh,87.69,True
D:/VIT TY SEM5/ML Project/FOODFRESHAI/data/raw/AgriFreshNET Freshness and Shelf-Life Image Datase/Processed Data/Processed Data/Semi fresh Tomato(10-24)/aug_106_IMG_20251113_123912794_HDR_AE.jpg,Tomato,Semi-Fresh,Semi-Fresh,76.16,True
D:/VIT TY SEM5/ML Project/FOODFRESHAI/data/raw/AgriFreshNET Freshness and Shelf-Life Image Datase/Processed Data/Processed Data/Semi fresh Tomato(10-24)/aug_107_IMG_20251114_214055940_HDR.jpg,Tomato,Semi-Fresh,Fresh,96.65,False
D:/VIT TY SEM5/ML Project/FOODFRESHAI/data/raw/AgriFreshNET Freshness and Shelf-Life Image Datase/Processed Data/Processed Data/Semi fresh Tomato(10-24)/aug_111_IMG_20251121_145647544_HDR_AE.jpg,Tomato,Semi-Fresh,Semi-Fresh,81.09,True
D:/VIT TY SEM5/ML Project/FOODFRESHAI/data/raw/AgriFreshNET Freshness and Shelf-Life Image Datase/Processed Data/Processed Data/Semi fresh Tomato(10-24)/aug_114_IMG_20251124_191634590_HDR.jpg,Tomato,Semi-Fresh,Rotten,95.34,False
D:/VIT TY SEM5/ML Project/FOODFRESHAI/data/raw/AgriFreshNET Freshness and Shelf-Life Image Datase/Processed Data/Processed Data/Semi fresh Tomato(10-24)/aug_115_IMG_20251114_214103351_HDR.jpg,Tomato,Semi-Fresh,Semi-Fresh,54.38,True
D:/VIT TY SEM5/ML Project/FOODFRESHAI/data/raw/AgriFreshNET Freshness and Shelf-Life Image Datase/Processed Data/Processed Data/Semi fresh Tomato(10-24)/aug_118_IMG_20251121_145807632_HDR_AE.jpg,Tomato,Semi-Fresh,Fresh,99.94,False
D:/VIT TY SEM5/ML Project/FOODFRESHAI/data/raw/AgriFreshNET Freshness and Shelf-Life Image Datase/Processed Data/Processed Data/Semi fresh Tomato(10-24)/aug_122_IMG_20251116_215954867_HDR.jpg,Tomato,Semi-Fresh,Rotten,80.19,False
D:/VIT TY SEM5/ML Project/FOODFRESHAI/data/raw/AgriFreshNET Freshness and Shelf-Life Image Datase/Processed Data/Processed Data/Semi fresh Tomato(10-24)/aug_124_IMG_20251119_200825531_HDR.jpg,Tomato,Semi-Fresh,Semi-Fresh,56.1,True
D:/VIT TY SEM5/ML Project/FOODFRESHAI/data/raw/AgriFreshNET Freshness and Shelf-Life Image Datase/Processed Data/Processed Data/Semi fresh Tomato(10-24)/aug_142_IMG_20251116_220135323_HDR.jpg,Tomato,Semi-Fresh,Semi-Fresh,70.3,True
D:/VIT TY SEM5/ML Project/FOODFRESHAI/data/raw/AgriFreshNET Freshness and Shelf-Life Image Datase/Processed Data/Processed Data/Semi fresh Tomato(10-24)/aug_169_IMG_20251116_215954867_HDR.jpg,Tomato,Semi-Fresh,Rotten,72.45,False
D:/VIT TY SEM5/ML Project/FOODFRESHAI/data/raw/AgriFreshNET Freshness and Shelf-Life Image Datase/Processed Data/Processed Data/Semi fresh Tomato(10-24)/aug_188_IMG_20251201_185648376_HDR.jpg,Tomato,Semi-Fresh,Fresh,94.17,False
D:/VIT TY SEM5/ML Project/FOODFRESHAI/data/raw/AgriFreshNET Freshness and Shelf-Life Image Datase/Processed Data/Processed Data/Semi fresh Tomato(10-24)/aug_210_IMG_20251201_185913795_HDR.jpg,Tomato,Semi-Fresh,Semi-Fresh,88.89,True
D:/VIT TY SEM5/ML Project/FOODFRESHAI/data/raw/AgriFreshNET Freshness and Shelf-Life Image Datase/Processed Data/Processed Data/Semi fresh Tomato(10-24)/aug_215_IMG_20251121_145748650_HDR_AE.jpg,Tomato,Semi-Fresh,Fresh,84.11,False
D:/VIT TY SEM5/ML Project/FOODFRESHAI/data/raw/AgriFreshNET Freshness and Shelf-Life Image Datase/Processed Data/Processed Data/Semi fresh Tomato(10-24)/aug_217_IMG_20251121_145647544_HDR_AE.jpg,Tomato,Semi-Fresh,Semi-Fresh,90.88,True
D:/VIT TY SEM5/ML Project/FOODFRESHAI/data/raw/AgriFreshNET Freshness and Shelf-Life Image Datase/Processed Data/Processed Data/Semi fresh Tomato(10-24)/aug_222_IMG_20251115_121609496_HDR_AE.jpg,Tomato,Semi-Fresh,Fresh,94.82,False
D:/VIT TY SEM5/ML Project/FOODFRESHAI/data/raw/AgriFreshNET Freshness and Shelf-Life Image Datase/Processed Data/Processed Data/Semi fresh Tomato(10-24)/aug_225_IMG_20260121_230741456_HDR.jpg,Tomato,Semi-Fresh,Semi-Fresh,57.17,True
D:/VIT TY SEM5/ML Project/FOODFRESHAI/data/raw/AgriFreshNET Freshness and Shelf-Life Image Datase/Processed Data/Processed Data/Semi fresh Tomato(10-24)/aug_237_IMG_20251124_191634590_HDR.jpg,Tomato,Semi-Fresh,Rotten,95.54,False
D:/VIT TY SEM5/ML Project/FOODFRESHAI/data/raw/AgriFreshNET Freshness and Shelf-Life Image Datase/Processed Data/Processed Data/Semi fresh Tomato(10-24)/aug_23_IMG_20251124_191741661_HDR.jpg,Tomato,Semi-Fresh,Semi-Fresh,98.56,True
D:/VIT TY SEM5/ML Project/FOODFRESHAI/data/raw/AgriFreshNET Freshness and Shelf-Life Image Datase/Processed Data/Processed Data/Semi fresh Tomato(10-24)/aug_241_IMG_20251201_185925132_HDR.jpg,Tomato,Semi-Fresh,Semi-Fresh,82.43,True
D:/VIT TY SEM5/ML Project/FOODFRESHAI/data/raw/AgriFreshNET Freshness and Shelf-Life Image Datase/Processed Data/Processed Data/Semi fresh Tomato(10-24)/aug_253_IMG_20251123_222120478_HDR.jpg,Tomato,Semi-Fresh,Semi-Fresh,91.31,True
D:/VIT TY SEM5/ML Project/FOODFRESHAI/data/raw/AgriFreshNET Freshness and Shelf-Life Image Datase/Processed Data/Processed Data/Semi fresh Tomato(10-24)/aug_265_IMG_20251124_191741661_HDR.jpg,Tomato,Semi-Fresh,Semi-Fresh,90.32,True
D:/VIT TY SEM5/ML Project/FOODFRESHAI/data/raw/AgriFreshNET Freshness and Shelf-Life Image Datase/Processed Data/Processed Data/Semi fresh Tomato(10-24)/aug_275_IMG_20251123_222127327_HDR.jpg,Tomato,Semi-Fresh,Semi-Fresh,88.26,True
D:/VIT TY SEM5/ML Project/FOODFRESHAI/data/raw/AgriFreshNET Freshness and Shelf-Life Image Datase/Processed Data/Processed Data/Semi fresh Tomato(10-24)/aug_276_IMG_20251115_121615023_HDR_AE.jpg,Tomato,Semi-Fresh,Fresh,81.39,False
D:/VIT TY SEM5/ML Project/FOODFRESHAI/data/raw/AgriFreshNET Freshness and Shelf-Life Image Datase/Processed Data/Processed Data/Semi fresh Tomato(10-24)/aug_277_IMG_20251130_181859749_HDR.jpg,Tomato,Semi-Fresh,Rotten,97.41,False
D:/VIT TY SEM5/ML Project/FOODFRESHAI/data/raw/AgriFreshNET Freshness and Shelf-Life Image Datase/Processed Data/Processed Data/Semi fresh Tomato(10-24)/aug_278_IMG_20251130_181827957_HDR.jpg,Tomato,Semi-Fresh,Rotten,57.95,False
D:/VIT TY SEM5/ML Project/FOODFRESHAI/data/raw/AgriFreshNET Freshness and Shelf-Life Image Datase/Processed Data/Processed Data/Semi fresh Tomato(10-24)/aug_281_IMG_20251112_113544907_HDR_AE.jpg,Tomato,Semi-Fresh,Fresh,85.81,False
D:/VIT TY SEM5/ML Project/FOODFRESHAI/data/raw/AgriFreshNET Freshness and Shelf-Life Image Datase/Processed Data/Processed Data/Semi fresh Tomato(10-24)/aug_285_IMG_20251125_211229291_HDR.jpg,Tomato,Semi-Fresh,Semi-Fresh,95.17,True
D:/VIT TY SEM5/ML Project/FOODFRESHAI/data/raw/AgriFreshNET Freshness and Shelf-Life Image Datase/Processed Data/Processed Data/Semi fresh Tomato(10-24)/aug_286_IMG_20251121_145748650_HDR_AE.jpg,Tomato,Semi-Fresh,Fresh,67.25,False
D:/VIT TY SEM5/ML Project/FOODFRESHAI/data/raw/AgriFreshNET Freshness and Shelf-Life Image Datase/Processed Data/Processed Data/Semi fresh Tomato(10-24)/aug_290_IMG_20251118_170425738_HDR.jpg,Tomato,Semi-Fresh,Fresh,85.87,False
D:/VIT TY SEM5/ML Project/FOODFRESHAI/data/raw/AgriFreshNET Freshness and Shelf-Life Image Datase/Processed Data/Processed Data/Semi fresh Tomato(10-24)/aug_296_IMG_20251124_191634590_HDR.jpg,Tomato,Semi-Fresh,Rotten,95.2,False
D:/VIT TY SEM5/ML Project/FOODFRESHAI/data/raw/AgriFreshNET Freshness and Shelf-Life Image Datase/Processed Data/Processed Data/Semi fresh Tomato(10-24)/aug_297_IMG_20251118_170407194_HDR.jpg,Tomato,Semi-Fresh,Semi-Fresh,82.73,True
D:/VIT TY SEM5/ML Project/FOODFRESHAI/data/raw/AgriFreshNET Freshness and Shelf-Life Image Datase/Processed Data/Processed Data/Semi fresh Tomato(10-24)/aug_39_IMG_20251115_121609496_HDR_AE.jpg,Tomato,Semi-Fresh,Fresh,93.54,False
D:/VIT TY SEM5/ML Project/FOODFRESHAI/data/raw/AgriFreshNET Freshness and Shelf-Life Image Datase/Processed Data/Processed Data/Semi fresh Tomato(10-24)/aug_44_IMG_20251118_170507501_HDR.jpg,Tomato,Semi-Fresh,Semi-Fresh,53.12,True
D:/VIT TY SEM5/ML Project/FOODFRESHAI/data/raw/AgriFreshNET Freshness and Shelf-Life Image Datase/Processed Data/Processed Data/Semi fresh Tomato(10-24)/aug_45_IMG_20251115_121615023_HDR_AE.jpg,Tomato,Semi-Fresh,Semi-Fresh,65.06,True
D:/VIT TY SEM5/ML Project/FOODFRESHAI/data/raw/AgriFreshNET Freshness and Shelf-Life Image Datase/Processed Data/Processed Data/Semi fresh Tomato(10-24)/aug_47_IMG_20251115_121609496_HDR_AE.jpg,Tomato,Semi-Fresh,Fresh,96.31,False
D:/VIT TY SEM5/ML Project/FOODFRESHAI/data/raw/AgriFreshNET Freshness and Shelf-Life Image Datase/Processed Data/Processed Data/Semi fresh Tomato(10-24)/aug_57_IMG_20251124_191807988_HDR.jpg,Tomato,Semi-Fresh,Semi-Fresh,96.16,True
D:/VIT TY SEM5/ML Project/FOODFRESHAI/data/raw/AgriFreshNET Freshness and Shelf-Life Image Datase/Processed Data/Processed Data/Semi fresh Tomato(10-24)/aug_61_IMG_20251116_215954867_HDR.jpg,Tomato,Semi-Fresh,Rotten,77.19,False
D:/VIT TY SEM5/ML Project/FOODFRESHAI/data/raw/AgriFreshNET Freshness and Shelf-Life Image Datase/Processed Data/Processed Data/Semi fresh Tomato(10-24)/aug_62_IMG_20251119_200825531_HDR.jpg,Tomato,Semi-Fresh,Fresh,53.83,False
D:/VIT TY SEM5/ML Project/FOODFRESHAI/data/raw/AgriFreshNET Freshness and Shelf-Life Image Datase/Processed Data/Processed Data/Semi fresh Tomato(10-24)/aug_67_IMG_20251201_185913795_HDR.jpg,Tomato,Semi-Fresh,Semi-Fresh,63.02,True
D:/VIT TY SEM5/ML Project/FOODFRESHAI/data/raw/AgriFreshNET Freshness and Shelf-Life Image Datase/Processed Data/Processed Data/Semi fresh Tomato(10-24)/aug_75_IMG_20251201_185913795_HDR.jpg,Tomato,Semi-Fresh,Semi-Fresh,56.81,True
D:/VIT TY SEM5/ML Project/FOODFRESHAI/data/raw/AgriFreshNET Freshness and Shelf-Life Image Datase/Processed Data/Processed Data/Semi fresh Tomato(10-24)/aug_78_IMG_20251124_191741661_HDR.jpg,Tomato,Semi-Fresh,Semi-Fresh,99.22,True
D:/VIT TY SEM5/ML Project/FOODFRESHAI/data/raw/AgriFreshNET Freshness and Shelf-Life Image Datase/Processed Data/Processed Data/Semi fresh Tomato(10-24)/aug_79_IMG_20251125_211405858_HDR.jpg,Tomato,Semi-Fresh,Semi-Fresh,88.64,True
D:/VIT TY SEM5/ML Project/FOODFRESHAI/data/raw/AgriFreshNET Freshness and Shelf-Life Image Datase/Processed Data/Processed Data/Semi fresh Tomato(10-24)/aug_7_IMG_20251201_185925132_HDR.jpg,Tomato,Semi-Fresh,Semi-Fresh,86.23,True
D:/VIT TY SEM5/ML Project/FOODFRESHAI/data/raw/AgriFreshNET Freshness and Shelf-Life Image Datase/Processed Data/Processed Data/Semi fresh Tomato(10-24)/aug_93_IMG_20251130_181859749_HDR.jpg,Tomato,Semi-Fresh,Rotten,98.56,False
D:/VIT TY SEM5/ML Project/FOODFRESHAI/data/raw/AgriFreshNET Freshness and Shelf-Life Image Datase/Processed Data/Processed Data/Semi fresh Tomato(10-24)/IMG_20251112_113544907_HDR_AE.jpg,Tomato,Semi-Fresh,Fresh,89.72,False
D:/VIT TY SEM5/ML Project/FOODFRESHAI/data/raw/AgriFreshNET Freshness and Shelf-Life Image Datase/Processed Data/Processed Data/Semi fresh Tomato(10-24)/IMG_20251112_113613775_HDR_AE.jpg,Tomato,Semi-Fresh,Semi-Fresh,82.74,True
D:/VIT TY SEM5/ML Project/FOODFRESHAI/data/raw/AgriFreshNET Freshness and Shelf-Life Image Datase/Processed Data/Processed Data/Semi fresh Tomato(10-24)/IMG_20251113_123841267_HDR_AE.jpg,Tomato,Semi-Fresh,Semi-Fresh,92.82,True
D:/VIT TY SEM5/ML Project/FOODFRESHAI/data/raw/AgriFreshNET Freshness and Shelf-Life Image Datase/Processed Data/Processed Data/Semi fresh Tomato(10-24)/IMG_20251113_123912794_HDR_AE.jpg,Tomato,Semi-Fresh,Semi-Fresh,91.43,True
D:/VIT TY SEM5/ML Project/FOODFRESHAI/data/raw/AgriFreshNET Freshness and Shelf-Life Image Datase/Processed Data/Processed Data/Semi fresh Tomato(10-24)/IMG_20251114_214023754_HDR.jpg,Tomato,Semi-Fresh,Semi-Fresh,77.47,True
D:/VIT TY SEM5/ML Project/FOODFRESHAI/data/raw/AgriFreshNET Freshness and Shelf-Life Image Datase/Processed Data/Processed Data/Semi fresh Tomato(10-24)/IMG_20251114_214055940_HDR.jpg,Tomato,Semi-Fresh,Fresh,97.12,False
D:/VIT TY SEM5/ML Project/FOODFRESHAI/data/raw/AgriFreshNET Freshness and Shelf-Life Image Datase/Processed Data/Processed Data/Semi fresh Tomato(10-24)/IMG_20251114_214103351_HDR.jpg,Tomato,Semi-Fresh,Semi-Fresh,66.2,True
D:/VIT TY SEM5/ML Project/FOODFRESHAI/data/raw/AgriFreshNET Freshness and Shelf-Life Image Datase/Processed Data/Processed Data/Semi fresh Tomato(10-24)/IMG_20251115_121609496_HDR_AE.jpg,Tomato,Semi-Fresh,Fresh,94.81,False
D:/VIT TY SEM5/ML Project/FOODFRESHAI/data/raw/AgriFreshNET Freshness and Shelf-Life Image Datase/Processed Data/Processed Data/Semi fresh Tomato(10-24)/IMG_20251115_121615023_HDR_AE.jpg,Tomato,Semi-Fresh,Semi-Fresh,54.67,True
D:/VIT TY SEM5/ML Project/FOODFRESHAI/data/raw/AgriFreshNET Freshness and Shelf-Life Image Datase/Processed Data/Processed Data/Semi fresh Tomato(10-24)/IMG_20251115_121629204_HDR_AE.jpg,Tomato,Semi-Fresh,Rotten,62.57,False
D:/VIT TY SEM5/ML Project/FOODFRESHAI/data/raw/AgriFreshNET Freshness and Shelf-Life Image Datase/Processed Data/Processed Data/Semi fresh Tomato(10-24)/IMG_20251115_121644768_HDR_AE.jpg,Tomato,Semi-Fresh,Semi-Fresh,88.9,True
D:/VIT TY SEM5/ML Project/FOODFRESHAI/data/raw/AgriFreshNET Freshness and Shelf-Life Image Datase/Processed Data/Processed Data/Semi fresh Tomato(10-24)/IMG_20251116_215954867_HDR.jpg,Tomato,Semi-Fresh,Rotten,72.02,False
D:/VIT TY SEM5/ML Project/FOODFRESHAI/data/raw/AgriFreshNET Freshness and Shelf-Life Image Datase/Processed Data/Processed Data/Semi fresh Tomato(10-24)/IMG_20251116_220135323_HDR.jpg,Tomato,Semi-Fresh,Semi-Fresh,69.12,True
D:/VIT TY SEM5/ML Project/FOODFRESHAI/data/raw/AgriFreshNET Freshness and Shelf-Life Image Datase/Processed Data/Processed Data/Semi fresh Tomato(10-24)/IMG_20251118_170407194_HDR.jpg,Tomato,Semi-Fresh,Semi-Fresh,73.89,True
D:/VIT TY SEM5/ML Project/FOODFRESHAI/data/raw/AgriFreshNET Freshness and Shelf-Life Image Datase/Processed Data/Processed Data/Semi fresh Tomato(10-24)/IMG_20251118_170425738_HDR.jpg,Tomato,Semi-Fresh,Fresh,87.6,False
D:/VIT TY SEM5/ML Project/FOODFRESHAI/data/raw/AgriFreshNET Freshness and Shelf-Life Image Datase/Processed Data/Processed Data/Semi fresh Tomato(10-24)/IMG_20251118_170507501_HDR.jpg,Tomato,Semi-Fresh,Semi-Fresh,51.79,True
D:/VIT TY SEM5/ML Project/FOODFRESHAI/data/raw/AgriFreshNET Freshness and Shelf-Life Image Datase/Processed Data/Processed Data/Semi fresh Tomato(10-24)/IMG_20251119_200632722_HDR.jpg,Tomato,Semi-Fresh,Rotten,67.61,False
D:/VIT TY SEM5/ML Project/FOODFRESHAI/data/raw/AgriFreshNET Freshness and Shelf-Life Image Datase/Processed Data/Processed Data/Semi fresh Tomato(10-24)/IMG_20251119_200825531_HDR.jpg,Tomato,Semi-Fresh,Semi-Fresh,52.71,True
D:/VIT TY SEM5/ML Project/FOODFRESHAI/data/raw/AgriFreshNET Freshness and Shelf-Life Image Datase/Processed Data/Processed Data/Semi fresh Tomato(10-24)/IMG_20251121_145647544_HDR_AE.jpg,Tomato,Semi-Fresh,Rotten,50.58,False
D:/VIT TY SEM5/ML Project/FOODFRESHAI/data/raw/AgriFreshNET Freshness and Shelf-Life Image Datase/Processed Data/Processed Data/Semi fresh Tomato(10-24)/IMG_20251121_145748650_HDR_AE.jpg,Tomato,Semi-Fresh,Fresh,82.7,False
D:/VIT TY SEM5/ML Project/FOODFRESHAI/data/raw/AgriFreshNET Freshness and Shelf-Life Image Datase/Processed Data/Processed Data/Semi fresh Tomato(10-24)/IMG_20251121_145807632_HDR_AE.jpg,Tomato,Semi-Fresh,Fresh,99.95,False
D:/VIT TY SEM5/ML Project/FOODFRESHAI/data/raw/AgriFreshNET Freshness and Shelf-Life Image Datase/Processed Data/Processed Data/Semi fresh Tomato(10-24)/IMG_20251122_210904448_HDR.jpg,Tomato,Semi-Fresh,Rotten,97.31,False
D:/VIT TY SEM5/ML Project/FOODFRESHAI/data/raw/AgriFreshNET Freshness and Shelf-Life Image Datase/Processed Data/Processed Data/Semi fresh Tomato(10-24)/IMG_20251123_222120478_HDR.jpg,Tomato,Semi-Fresh,Semi-Fresh,92.37,True
D:/VIT TY SEM5/ML Project/FOODFRESHAI/data/raw/AgriFreshNET Freshness and Shelf-Life Image Datase/Processed Data/Processed Data/Semi fresh Tomato(10-24)/IMG_20251123_222127327_HDR.jpg,Tomato,Semi-Fresh,Semi-Fresh,88.93,True
D:/VIT TY SEM5/ML Project/FOODFRESHAI/data/raw/AgriFreshNET Freshness and Shelf-Life Image Datase/Processed Data/Processed Data/Semi fresh Tomato(10-24)/IMG_20251123_222141801_HDR.jpg,Tomato,Semi-Fresh,Semi-Fresh,77.25,True
D:/VIT TY SEM5/ML Project/FOODFRESHAI/data/raw/AgriFreshNET Freshness and Shelf-Life Image Datase/Processed Data/Processed Data/Semi fresh Tomato(10-24)/IMG_20251124_191604682_HDR.jpg,Tomato,Semi-Fresh,Rotten,67.48,False
D:/VIT TY SEM5/ML Project/FOODFRESHAI/data/raw/AgriFreshNET Freshness and Shelf-Life Image Datase/Processed Data/Processed Data/Semi fresh Tomato(10-24)/IMG_20251124_191634590_HDR.jpg,Tomato,Semi-Fresh,Rotten,95.29,False
D:/VIT TY SEM5/ML Project/FOODFRESHAI/data/raw/AgriFreshNET Freshness and Shelf-Life Image Datase/Processed Data/Processed Data/Semi fresh Tomato(10-24)/IMG_20251124_191741661_HDR.jpg,Tomato,Semi-Fresh,Semi-Fresh,98.78,True
D:/VIT TY SEM5/ML Project/FOODFRESHAI/data/raw/AgriFreshNET Freshness and Shelf-Life Image Datase/Processed Data/Processed Data/Semi fresh Tomato(10-24)/IMG_20251124_191807988_HDR.jpg,Tomato,Semi-Fresh,Semi-Fresh,95.04,True
D:/VIT TY SEM5/ML Project/FOODFRESHAI/data/raw/AgriFreshNET Freshness and Shelf-Life Image Datase/Processed Data/Processed Data/Semi fresh Tomato(10-24)/IMG_20251125_211121690_HDR.jpg,Tomato,Semi-Fresh,Rotten,55.68,False
D:/VIT TY SEM5/ML Project/FOODFRESHAI/data/raw/AgriFreshNET Freshness and Shelf-Life Image Datase/Processed Data/Processed Data/Semi fresh Tomato(10-24)/IMG_20251125_211229291_HDR.jpg,Tomato,Semi-Fresh,Semi-Fresh,83.38,True
D:/VIT TY SEM5/ML Project/FOODFRESHAI/data/raw/AgriFreshNET Freshness and Shelf-Life Image Datase/Processed Data/Processed Data/Semi fresh Tomato(10-24)/IMG_20251125_211405858_HDR.jpg,Tomato,Semi-Fresh,Semi-Fresh,97.21,True
D:/VIT TY SEM5/ML Project/FOODFRESHAI/data/raw/AgriFreshNET Freshness and Shelf-Life Image Datase/Processed Data/Processed Data/Semi fresh Tomato(10-24)/IMG_20251127_193237934_HDR.jpg,Tomato,Semi-Fresh,Fresh,71.89,False
D:/VIT TY SEM5/ML Project/FOODFRESHAI/data/raw/AgriFreshNET Freshness and Shelf-Life Image Datase/Processed Data/Processed Data/Semi fresh Tomato(10-24)/IMG_20251130_181827957_HDR.jpg,Tomato,Semi-Fresh,Rotten,50.91,False
D:/VIT TY SEM5/ML Project/FOODFRESHAI/data/raw/AgriFreshNET Freshness and Shelf-Life Image Datase/Processed Data/Processed Data/Semi fresh Tomato(10-24)/IMG_20251130_181859749_HDR.jpg,Tomato,Semi-Fresh,Rotten,98.6,False
D:/VIT TY SEM5/ML Project/FOODFRESHAI/data/raw/AgriFreshNET Freshness and Shelf-Life Image Datase/Processed Data/Processed Data/Semi fresh Tomato(10-24)/IMG_20251130_181906534_HDR.jpg,Tomato,Semi-Fresh,Rotten,98.31,False
D:/VIT TY SEM5/ML Project/FOODFRESHAI/data/raw/AgriFreshNET Freshness and Shelf-Life Image Datase/Processed Data/Processed Data/Semi fresh Tomato(10-24)/IMG_20251201_185648376_HDR.jpg,Tomato,Semi-Fresh,Fresh,87.35,False
D:/VIT TY SEM5/ML Project/FOODFRESHAI/data/raw/AgriFreshNET Freshness and Shelf-Life Image Datase/Processed Data/Processed Data/Semi fresh Tomato(10-24)/IMG_20251201_185734875_HDR.jpg,Tomato,Semi-Fresh,Fresh,96.64,False
D:/VIT TY SEM5/ML Project/FOODFRESHAI/data/raw/AgriFreshNET Freshness and Shelf-Life Image Datase/Processed Data/Processed Data/Semi fresh Tomato(10-24)/IMG_20251201_185847250_HDR.jpg,Tomato,Semi-Fresh,Semi-Fresh,91.02,True
D:/VIT TY SEM5/ML Project/FOODFRESHAI/data/raw/AgriFreshNET Freshness and Shelf-Life Image Datase/Processed Data/Processed Data/Semi fresh Tomato(10-24)/IMG_20251201_185913795_HDR.jpg,Tomato,Semi-Fresh,Semi-Fresh,71.52,True
D:/VIT TY SEM5/ML Project/FOODFRESHAI/data/raw/AgriFreshNET Freshness and Shelf-Life Image Datase/Processed Data/Processed Data/Semi fresh Tomato(10-24)/IMG_20251201_185925132_HDR.jpg,Tomato,Semi-Fresh,Semi-Fresh,83.96,True
D:/VIT TY SEM5/ML Project/FOODFRESHAI/data/raw/AgriFreshNET Freshness and Shelf-Life Image Datase/Processed Data/Processed Data/Semi fresh Tomato(10-24)/IMG_20260121_230528362_HDR.jpg,Tomato,Semi-Fresh,Fresh,60.05,False
D:/VIT TY SEM5/ML Project/FOODFRESHAI/data/raw/AgriFreshNET Freshness and Shelf-Life Image Datase/Processed Data/Processed Data/Semi fresh Tomato(10-24)/IMG_20260121_230741456_HDR.jpg,Tomato,Semi-Fresh,Semi-Fresh,54.13,True
D:/VIT TY SEM5/ML Project/FOODFRESHAI/data/raw/AgriFreshNET Freshness and Shelf-Life Image Datase/Processed Data/Processed Data/Semi_Fresh eggplant(4-8)/aug_113_IMG_20251124_192810143_HDR.jpg,Eggplant,Semi-Fresh,Semi-Fresh,76.0,True
D:/VIT TY SEM5/ML Project/FOODFRESHAI/data/raw/AgriFreshNET Freshness and Shelf-Life Image Datase/Processed Data/Processed Data/Semi_Fresh eggplant(4-8)/aug_130_IMG_20251110_094044773_HDR_AE.jpg,Eggplant,Semi-Fresh,Fresh,99.54,False
D:/VIT TY SEM5/ML Project/FOODFRESHAI/data/raw/AgriFreshNET Freshness and Shelf-Life Image Datase/Processed Data/Processed Data/Semi_Fresh eggplant(4-8)/aug_131_IMG_20251130_182018706_HDR.jpg,Eggplant,Semi-Fresh,Semi-Fresh,96.48,True
D:/VIT TY SEM5/ML Project/FOODFRESHAI/data/raw/AgriFreshNET Freshness and Shelf-Life Image Datase/Processed Data/Processed Data/Semi_Fresh eggplant(4-8)/aug_137_IMG_20251124_193259641_HDR.jpg,Eggplant,Semi-Fresh,Semi-Fresh,94.82,True
D:/VIT TY SEM5/ML Project/FOODFRESHAI/data/raw/AgriFreshNET Freshness and Shelf-Life Image Datase/Processed Data/Processed Data/Semi_Fresh eggplant(4-8)/aug_145_IMG_20251201_190556169_HDR.jpg,Eggplant,Semi-Fresh,Fresh,99.93,False
D:/VIT TY SEM5/ML Project/FOODFRESHAI/data/raw/AgriFreshNET Freshness and Shelf-Life Image Datase/Processed Data/Processed Data/Semi_Fresh eggplant(4-8)/aug_151_IMG_20251123_110549727_HDR_AE.jpg,Eggplant,Semi-Fresh,Semi-Fresh,90.1,True
D:/VIT TY SEM5/ML Project/FOODFRESHAI/data/raw/AgriFreshNET Freshness and Shelf-Life Image Datase/Processed Data/Processed Data/Semi_Fresh eggplant(4-8)/aug_157_IMG_20251126_193236167_HDR.jpg,Eggplant,Semi-Fresh,Rotten,99.22,False
D:/VIT TY SEM5/ML Project/FOODFRESHAI/data/raw/AgriFreshNET Freshness and Shelf-Life Image Datase/Processed Data/Processed Data/Semi_Fresh eggplant(4-8)/aug_158_IMG_20251130_182256523_HDR.jpg,Eggplant,Semi-Fresh,Rotten,59.68,False
D:/VIT TY SEM5/ML Project/FOODFRESHAI/data/raw/AgriFreshNET Freshness and Shelf-Life Image Datase/Processed Data/Processed Data/Semi_Fresh eggplant(4-8)/aug_175_IMG_20251124_193126996_HDR.jpg,Eggplant,Semi-Fresh,Fresh,96.16,False
D:/VIT TY SEM5/ML Project/FOODFRESHAI/data/raw/AgriFreshNET Freshness and Shelf-Life Image Datase/Processed Data/Processed Data/Semi_Fresh eggplant(4-8)/aug_17_IMG_20251201_190446841_HDR.jpg,Eggplant,Semi-Fresh,Semi-Fresh,82.01,True
D:/VIT TY SEM5/ML Project/FOODFRESHAI/data/raw/AgriFreshNET Freshness and Shelf-Life Image Datase/Processed Data/Processed Data/Semi_Fresh eggplant(4-8)/aug_183_IMG_20251126_193236167_HDR.jpg,Eggplant,Semi-Fresh,Rotten,99.39,False
D:/VIT TY SEM5/ML Project/FOODFRESHAI/data/raw/AgriFreshNET Freshness and Shelf-Life Image Datase/Processed Data/Processed Data/Semi_Fresh eggplant(4-8)/aug_187_IMG_20251102_075925027_HDR_AE.jpg,Eggplant,Semi-Fresh,Rotten,100.0,False
D:/VIT TY SEM5/ML Project/FOODFRESHAI/data/raw/AgriFreshNET Freshness and Shelf-Life Image Datase/Processed Data/Processed Data/Semi_Fresh eggplant(4-8)/aug_189_IMG_20251102_075925027_HDR_AE.jpg,Eggplant,Semi-Fresh,Rotten,99.99,False
D:/VIT TY SEM5/ML Project/FOODFRESHAI/data/raw/AgriFreshNET Freshness and Shelf-Life Image Datase/Processed Data/Processed Data/Semi_Fresh eggplant(4-8)/aug_193_IMG_20251123_110345252_HDR_AE.jpg,Eggplant,Semi-Fresh,Semi-Fresh,95.05,True
D:/VIT TY SEM5/ML Project/FOODFRESHAI/data/raw/AgriFreshNET Freshness and Shelf-Life Image Datase/Processed Data/Processed Data/Semi_Fresh eggplant(4-8)/aug_205_IMG_20251201_190556169_HDR.jpg,Eggplant,Semi-Fresh,Fresh,99.96,False
D:/VIT TY SEM5/ML Project/FOODFRESHAI/data/raw/AgriFreshNET Freshness and Shelf-Life Image Datase/Processed Data/Processed Data/Semi_Fresh eggplant(4-8)/aug_211_IMG_20251125_212058633_HDR.jpg,Eggplant,Semi-Fresh,Fresh,85.96,False
D:/VIT TY SEM5/ML Project/FOODFRESHAI/data/raw/AgriFreshNET Freshness and Shelf-Life Image Datase/Processed Data/Processed Data/Semi_Fresh eggplant(4-8)/aug_213_IMG_20251126_193434892_HDR.jpg,Eggplant,Semi-Fresh,Semi-Fresh,99.86,True
D:/VIT TY SEM5/ML Project/FOODFRESHAI/data/raw/AgriFreshNET Freshness and Shelf-Life Image Datase/Processed Data/Processed Data/Semi_Fresh eggplant(4-8)/aug_216_IMG_20251124_193126996_HDR.jpg,Eggplant,Semi-Fresh,Fresh,98.75,False
D:/VIT TY SEM5/ML Project/FOODFRESHAI/data/raw/AgriFreshNET Freshness and Shelf-Life Image Datase/Processed Data/Processed Data/Semi_Fresh eggplant(4-8)/aug_217_IMG_20251201_190626636_HDR.jpg,Eggplant,Semi-Fresh,Semi-Fresh,98.73,True
D:/VIT TY SEM5/ML Project/FOODFRESHAI/data/raw/AgriFreshNET Freshness and Shelf-Life Image Datase/Processed Data/Processed Data/Semi_Fresh eggplant(4-8)/aug_231_IMG_20251126_193601001_HDR.jpg,Eggplant,Semi-Fresh,Semi-Fresh,96.19,True
D:/VIT TY SEM5/ML Project/FOODFRESHAI/data/raw/AgriFreshNET Freshness and Shelf-Life Image Datase/Processed Data/Processed Data/Semi_Fresh eggplant(4-8)/aug_236_IMG_20251124_193126996_HDR.jpg,Eggplant,Semi-Fresh,Fresh,95.69,False
D:/VIT TY SEM5/ML Project/FOODFRESHAI/data/raw/AgriFreshNET Freshness and Shelf-Life Image Datase/Processed Data/Processed Data/Semi_Fresh eggplant(4-8)/aug_238_IMG_20251201_190453215_HDR.jpg,Eggplant,Semi-Fresh,Fresh,96.84,False
D:/VIT TY SEM5/ML Project/FOODFRESHAI/data/raw/AgriFreshNET Freshness and Shelf-Life Image Datase/Processed Data/Processed Data/Semi_Fresh eggplant(4-8)/aug_239_IMG_20251124_192804292_HDR.jpg,Eggplant,Semi-Fresh,Semi-Fresh,74.54,True
D:/VIT TY SEM5/ML Project/FOODFRESHAI/data/raw/AgriFreshNET Freshness and Shelf-Life Image Datase/Processed Data/Processed Data/Semi_Fresh eggplant(4-8)/aug_241_IMG_20251127_192544210_HDR.jpg,Eggplant,Semi-Fresh,Rotten,98.18,False
D:/VIT TY SEM5/ML Project/FOODFRESHAI/data/raw/AgriFreshNET Freshness and Shelf-Life Image Datase/Processed Data/Processed Data/Semi_Fresh eggplant(4-8)/aug_246_IMG_20251130_182214876_HDR.jpg,Eggplant,Semi-Fresh,Semi-Fresh,98.53,True
D:/VIT TY SEM5/ML Project/FOODFRESHAI/data/raw/AgriFreshNET Freshness and Shelf-Life Image Datase/Processed Data/Processed Data/Semi_Fresh eggplant(4-8)/aug_261_IMG_20251130_182256523_HDR.jpg,Eggplant,Semi-Fresh,Rotten,53.59,False
D:/VIT TY SEM5/ML Project/FOODFRESHAI/data/raw/AgriFreshNET Freshness and Shelf-Life Image Datase/Processed Data/Processed Data/Semi_Fresh eggplant(4-8)/aug_262_IMG_20251124_193259641_HDR.jpg,Eggplant,Semi-Fresh,Semi-Fresh,95.82,True
D:/VIT TY SEM5/ML Project/FOODFRESHAI/data/raw/AgriFreshNET Freshness and Shelf-Life Image Datase/Processed Data/Processed Data/Semi_Fresh eggplant(4-8)/aug_279_IMG_20251109_112625700_HDR_AE.jpg,Eggplant,Semi-Fresh,Fresh,100.0,False
D:/VIT TY SEM5/ML Project/FOODFRESHAI/data/raw/AgriFreshNET Freshness and Shelf-Life Image Datase/Processed Data/Processed Data/Semi_Fresh eggplant(4-8)/aug_286_IMG_20251110_094044773_HDR_AE.jpg,Eggplant,Semi-Fresh,Fresh,94.07,False
D:/VIT TY SEM5/ML Project/FOODFRESHAI/data/raw/AgriFreshNET Freshness and Shelf-Life Image Datase/Processed Data/Processed Data/Semi_Fresh eggplant(4-8)/aug_287_IMG_20251124_192804292_HDR.jpg,Eggplant,Semi-Fresh,Semi-Fresh,91.87,True
D:/VIT TY SEM5/ML Project/FOODFRESHAI/data/raw/AgriFreshNET Freshness and Shelf-Life Image Datase/Processed Data/Processed Data/Semi_Fresh eggplant(4-8)/aug_289_IMG_20251130_182208992_HDR.jpg,Eggplant,Semi-Fresh,Semi-Fresh,94.13,True
D:/VIT TY SEM5/ML Project/FOODFRESHAI/data/raw/AgriFreshNET Freshness and Shelf-Life Image Datase/Processed Data/Processed Data/Semi_Fresh eggplant(4-8)/aug_298_IMG_20251201_190516199_HDR.jpg,Eggplant,Semi-Fresh,Semi-Fresh,98.31,True
D:/VIT TY SEM5/ML Project/FOODFRESHAI/data/raw/AgriFreshNET Freshness and Shelf-Life Image Datase/Processed Data/Processed Data/Semi_Fresh eggplant(4-8)/aug_307_IMG_20251124_193233233_HDR.jpg,Eggplant,Semi-Fresh,Fresh,98.39,False
D:/VIT TY SEM5/ML Project/FOODFRESHAI/data/raw/AgriFreshNET Freshness and Shelf-Life Image Datase/Processed Data/Processed Data/Semi_Fresh eggplant(4-8)/aug_322_IMG_20251123_110345252_HDR_AE.jpg,Eggplant,Semi-Fresh,Semi-Fresh,99.15,True
D:/VIT TY SEM5/ML Project/FOODFRESHAI/data/raw/AgriFreshNET Freshness and Shelf-Life Image Datase/Processed Data/Processed Data/Semi_Fresh eggplant(4-8)/aug_326_IMG_20251127_192515345_HDR.jpg,Eggplant,Semi-Fresh,Fresh,98.61,False
D:/VIT TY SEM5/ML Project/FOODFRESHAI/data/raw/AgriFreshNET Freshness and Shelf-Life Image Datase/Processed Data/Processed Data/Semi_Fresh eggplant(4-8)/aug_328_IMG_20251126_193601001_HDR.jpg,Eggplant,Semi-Fresh,Semi-Fresh,93.79,True
D:/VIT TY SEM5/ML Project/FOODFRESHAI/data/raw/AgriFreshNET Freshness and Shelf-Life Image Datase/Processed Data/Processed Data/Semi_Fresh eggplant(4-8)/aug_329_IMG_20251125_212145324_HDR.jpg,Eggplant,Semi-Fresh,Semi-Fresh,77.33,True
D:/VIT TY SEM5/ML Project/FOODFRESHAI/data/raw/AgriFreshNET Freshness and Shelf-Life Image Datase/Processed Data/Processed Data/Semi_Fresh eggplant(4-8)/aug_332_IMG_20251124_192855949_HDR.jpg,Eggplant,Semi-Fresh,Fresh,96.6,False
D:/VIT TY SEM5/ML Project/FOODFRESHAI/data/raw/AgriFreshNET Freshness and Shelf-Life Image Datase/Processed Data/Processed Data/Semi_Fresh eggplant(4-8)/aug_333_IMG_20251124_192810143_HDR.jpg,Eggplant,Semi-Fresh,Semi-Fresh,61.97,True
D:/VIT TY SEM5/ML Project/FOODFRESHAI/data/raw/AgriFreshNET Freshness and Shelf-Life Image Datase/Processed Data/Processed Data/Semi_Fresh eggplant(4-8)/aug_33_IMG_20251125_212145324_HDR.jpg,Eggplant,Semi-Fresh,Semi-Fresh,79.93,True
D:/VIT TY SEM5/ML Project/FOODFRESHAI/data/raw/AgriFreshNET Freshness and Shelf-Life Image Datase/Processed Data/Processed Data/Semi_Fresh eggplant(4-8)/aug_43_IMG_20251122_205412845_HDR.jpg,Eggplant,Semi-Fresh,Fresh,99.6,False
D:/VIT TY SEM5/ML Project/FOODFRESHAI/data/raw/AgriFreshNET Freshness and Shelf-Life Image Datase/Processed Data/Processed Data/Semi_Fresh eggplant(4-8)/aug_58_IMG_20251123_110414319_HDR_AE.jpg,Eggplant,Semi-Fresh,Fresh,54.26,False
D:/VIT TY SEM5/ML Project/FOODFRESHAI/data/raw/AgriFreshNET Freshness and Shelf-Life Image Datase/Processed Data/Processed Data/Semi_Fresh eggplant(4-8)/aug_70_IMG_20251123_110549727_HDR_AE.jpg,Eggplant,Semi-Fresh,Semi-Fresh,95.7,True
D:/VIT TY SEM5/ML Project/FOODFRESHAI/data/raw/AgriFreshNET Freshness and Shelf-Life Image Datase/Processed Data/Processed Data/Semi_Fresh eggplant(4-8)/aug_73_IMG_20251109_112625700_HDR_AE.jpg,Eggplant,Semi-Fresh,Fresh,100.0,False
D:/VIT TY SEM5/ML Project/FOODFRESHAI/data/raw/AgriFreshNET Freshness and Shelf-Life Image Datase/Processed Data/Processed Data/Semi_Fresh eggplant(4-8)/aug_89_IMG_20251123_110345252_HDR_AE.jpg,Eggplant,Semi-Fresh,Semi-Fresh,99.31,True
D:/VIT TY SEM5/ML Project/FOODFRESHAI/data/raw/AgriFreshNET Freshness and Shelf-Life Image Datase/Processed Data/Processed Data/Semi_Fresh eggplant(4-8)/aug_94_IMG_20251122_205412845_HDR.jpg,Eggplant,Semi-Fresh,Fresh,98.23,False
D:/VIT TY SEM5/ML Project/FOODFRESHAI/data/raw/AgriFreshNET Freshness and Shelf-Life Image Datase/Processed Data/Processed Data/Semi_Fresh eggplant(4-8)/aug_98_IMG_20251130_182018706_HDR.jpg,Eggplant,Semi-Fresh,Semi-Fresh,98.47,True
D:/VIT TY SEM5/ML Project/FOODFRESHAI/data/raw/AgriFreshNET Freshness and Shelf-Life Image Datase/Processed Data/Processed Data/Semi_Fresh eggplant(4-8)/IMG_20251102_075925027_HDR_AE.jpg,Eggplant,Semi-Fresh,Rotten,99.99,False
D:/VIT TY SEM5/ML Project/FOODFRESHAI/data/raw/AgriFreshNET Freshness and Shelf-Life Image Datase/Processed Data/Processed Data/Semi_Fresh eggplant(4-8)/IMG_20251109_112625700_HDR_AE.jpg,Eggplant,Semi-Fresh,Fresh,100.0,False
D:/VIT TY SEM5/ML Project/FOODFRESHAI/data/raw/AgriFreshNET Freshness and Shelf-Life Image Datase/Processed Data/Processed Data/Semi_Fresh eggplant(4-8)/IMG_20251110_094044773_HDR_AE.jpg,Eggplant,Semi-Fresh,Fresh,89.65,False
D:/VIT TY SEM5/ML Project/FOODFRESHAI/data/raw/AgriFreshNET Freshness and Shelf-Life Image Datase/Processed Data/Processed Data/Semi_Fresh eggplant(4-8)/IMG_20251111_142553637_HDR_AE.jpg,Eggplant,Semi-Fresh,Semi-Fresh,97.06,True
D:/VIT TY SEM5/ML Project/FOODFRESHAI/data/raw/AgriFreshNET Freshness and Shelf-Life Image Datase/Processed Data/Processed Data/Semi_Fresh eggplant(4-8)/IMG_20251122_205113217_HDR.jpg,Eggplant,Semi-Fresh,Semi-Fresh,54.87,True
D:/VIT TY SEM5/ML Project/FOODFRESHAI/data/raw/AgriFreshNET Freshness and Shelf-Life Image Datase/Processed Data/Processed Data/Semi_Fresh eggplant(4-8)/IMG_20251122_205357858_HDR.jpg,Eggplant,Semi-Fresh,Fresh,98.76,False
D:/VIT TY SEM5/ML Project/FOODFRESHAI/data/raw/AgriFreshNET Freshness and Shelf-Life Image Datase/Processed Data/Processed Data/Semi_Fresh eggplant(4-8)/IMG_20251122_205412845_HDR.jpg,Eggplant,Semi-Fresh,Fresh,99.63,False
D:/VIT TY SEM5/ML Project/FOODFRESHAI/data/raw/AgriFreshNET Freshness and Shelf-Life Image Datase/Processed Data/Processed Data/Semi_Fresh eggplant(4-8)/IMG_20251123_110345252_HDR_AE.jpg,Eggplant,Semi-Fresh,Semi-Fresh,99.93,True
D:/VIT TY SEM5/ML Project/FOODFRESHAI/data/raw/AgriFreshNET Freshness and Shelf-Life Image Datase/Processed Data/Processed Data/Semi_Fresh eggplant(4-8)/IMG_20251123_110414319_HDR_AE.jpg,Eggplant,Semi-Fresh,Semi-Fresh,51.26,True
D:/VIT TY SEM5/ML Project/FOODFRESHAI/data/raw/AgriFreshNET Freshness and Shelf-Life Image Datase/Processed Data/Processed Data/Semi_Fresh eggplant(4-8)/IMG_20251123_110432311_HDR_AE.jpg,Eggplant,Semi-Fresh,Semi-Fresh,99.95,True
D:/VIT TY SEM5/ML Project/FOODFRESHAI/data/raw/AgriFreshNET Freshness and Shelf-Life Image Datase/Processed Data/Processed Data/Semi_Fresh eggplant(4-8)/IMG_20251123_110549727_HDR_AE.jpg,Eggplant,Semi-Fresh,Semi-Fresh,93.54,True
D:/VIT TY SEM5/ML Project/FOODFRESHAI/data/raw/AgriFreshNET Freshness and Shelf-Life Image Datase/Processed Data/Processed Data/Semi_Fresh eggplant(4-8)/IMG_20251123_110603863_HDR_AE.jpg,Eggplant,Semi-Fresh,Semi-Fresh,97.36,True
D:/VIT TY SEM5/ML Project/FOODFRESHAI/data/raw/AgriFreshNET Freshness and Shelf-Life Image Datase/Processed Data/Processed Data/Semi_Fresh eggplant(4-8)/IMG_20251124_192804292_HDR.jpg,Eggplant,Semi-Fresh,Semi-Fresh,90.94,True
D:/VIT TY SEM5/ML Project/FOODFRESHAI/data/raw/AgriFreshNET Freshness and Shelf-Life Image Datase/Processed Data/Processed Data/Semi_Fresh eggplant(4-8)/IMG_20251124_192810143_HDR.jpg,Eggplant,Semi-Fresh,Semi-Fresh,63.64,True
D:/VIT TY SEM5/ML Project/FOODFRESHAI/data/raw/AgriFreshNET Freshness and Shelf-Life Image Datase/Processed Data/Processed Data/Semi_Fresh eggplant(4-8)/IMG_20251124_192855949_HDR.jpg,Eggplant,Semi-Fresh,Fresh,89.64,False
D:/VIT TY SEM5/ML Project/FOODFRESHAI/data/raw/AgriFreshNET Freshness and Shelf-Life Image Datase/Processed Data/Processed Data/Semi_Fresh eggplant(4-8)/IMG_20251124_193126996_HDR.jpg,Eggplant,Semi-Fresh,Fresh,97.74,False
D:/VIT TY SEM5/ML Project/FOODFRESHAI/data/raw/AgriFreshNET Freshness and Shelf-Life Image Datase/Processed Data/Processed Data/Semi_Fresh eggplant(4-8)/IMG_20251124_193233233_HDR.jpg,Eggplant,Semi-Fresh,Fresh,99.16,False
D:/VIT TY SEM5/ML Project/FOODFRESHAI/data/raw/AgriFreshNET Freshness and Shelf-Life Image Datase/Processed Data/Processed Data/Semi_Fresh eggplant(4-8)/IMG_20251124_193259641_HDR.jpg,Eggplant,Semi-Fresh,Semi-Fresh,95.79,True
D:/VIT TY SEM5/ML Project/FOODFRESHAI/data/raw/AgriFreshNET Freshness and Shelf-Life Image Datase/Processed Data/Processed Data/Semi_Fresh eggplant(4-8)/IMG_20251124_193412741_HDR.jpg,Eggplant,Semi-Fresh,Fresh,100.0,False
D:/VIT TY SEM5/ML Project/FOODFRESHAI/data/raw/AgriFreshNET Freshness and Shelf-Life Image Datase/Processed Data/Processed Data/Semi_Fresh eggplant(4-8)/IMG_20251125_212058633_HDR.jpg,Eggplant,Semi-Fresh,Fresh,88.74,False
D:/VIT TY SEM5/ML Project/FOODFRESHAI/data/raw/AgriFreshNET Freshness and Shelf-Life Image Datase/Processed Data/Processed Data/Semi_Fresh eggplant(4-8)/IMG_20251125_212145324_HDR.jpg,Eggplant,Semi-Fresh,Semi-Fresh,80.62,True
D:/VIT TY SEM5/ML Project/FOODFRESHAI/data/raw/AgriFreshNET Freshness and Shelf-Life Image Datase/Processed Data/Processed Data/Semi_Fresh eggplant(4-8)/IMG_20251126_193236167_HDR.jpg,Eggplant,Semi-Fresh,Rotten,99.39,False
D:/VIT TY SEM5/ML Project/FOODFRESHAI/data/raw/AgriFreshNET Freshness and Shelf-Life Image Datase/Processed Data/Processed Data/Semi_Fresh eggplant(4-8)/IMG_20251126_193434892_HDR.jpg,Eggplant,Semi-Fresh,Semi-Fresh,99.17,True
D:/VIT TY SEM5/ML Project/FOODFRESHAI/data/raw/AgriFreshNET Freshness and Shelf-Life Image Datase/Processed Data/Processed Data/Semi_Fresh eggplant(4-8)/IMG_20251126_193539426_HDR.jpg,Eggplant,Semi-Fresh,Semi-Fresh,97.17,True
D:/VIT TY SEM5/ML Project/FOODFRESHAI/data/raw/AgriFreshNET Freshness and Shelf-Life Image Datase/Processed Data/Processed Data/Semi_Fresh eggplant(4-8)/IMG_20251126_193545072_HDR.jpg,Eggplant,Semi-Fresh,Semi-Fresh,97.1,True
D:/VIT TY SEM5/ML Project/FOODFRESHAI/data/raw/AgriFreshNET Freshness and Shelf-Life Image Datase/Processed Data/Processed Data/Semi_Fresh eggplant(4-8)/IMG_20251126_193601001_HDR.jpg,Eggplant,Semi-Fresh,Semi-Fresh,93.87,True
D:/VIT TY SEM5/ML Project/FOODFRESHAI/data/raw/AgriFreshNET Freshness and Shelf-Life Image Datase/Processed Data/Processed Data/Semi_Fresh eggplant(4-8)/IMG_20251127_192508653_HDR.jpg,Eggplant,Semi-Fresh,Semi-Fresh,94.8,True
D:/VIT TY SEM5/ML Project/FOODFRESHAI/data/raw/AgriFreshNET Freshness and Shelf-Life Image Datase/Processed Data/Processed Data/Semi_Fresh eggplant(4-8)/IMG_20251127_192515345_HDR.jpg,Eggplant,Semi-Fresh,Fresh,99.35,False
D:/VIT TY SEM5/ML Project/FOODFRESHAI/data/raw/AgriFreshNET Freshness and Shelf-Life Image Datase/Processed Data/Processed Data/Semi_Fresh eggplant(4-8)/IMG_20251127_192544210_HDR.jpg,Eggplant,Semi-Fresh,Rotten,98.2,False
D:/VIT TY SEM5/ML Project/FOODFRESHAI/data/raw/AgriFreshNET Freshness and Shelf-Life Image Datase/Processed Data/Processed Data/Semi_Fresh eggplant(4-8)/IMG_20251130_182018706_HDR.jpg,Eggplant,Semi-Fresh,Semi-Fresh,97.67,True
D:/VIT TY SEM5/ML Project/FOODFRESHAI/data/raw/AgriFreshNET Freshness and Shelf-Life Image Datase/Processed Data/Processed Data/Semi_Fresh eggplant(4-8)/IMG_20251130_182208992_HDR.jpg,Eggplant,Semi-Fresh,Semi-Fresh,98.44,True
D:/VIT TY SEM5/ML Project/FOODFRESHAI/data/raw/AgriFreshNET Freshness and Shelf-Life Image Datase/Processed Data/Processed Data/Semi_Fresh eggplant(4-8)/IMG_20251130_182214876_HDR.jpg,Eggplant,Semi-Fresh,Semi-Fresh,97.83,True
D:/VIT TY SEM5/ML Project/FOODFRESHAI/data/raw/AgriFreshNET Freshness and Shelf-Life Image Datase/Processed Data/Processed Data/Semi_Fresh eggplant(4-8)/IMG_20251130_182256523_HDR.jpg,Eggplant,Semi-Fresh,Rotten,55.62,False
D:/VIT TY SEM5/ML Project/FOODFRESHAI/data/raw/AgriFreshNET Freshness and Shelf-Life Image Datase/Processed Data/Processed Data/Semi_Fresh eggplant(4-8)/IMG_20251201_190446841_HDR.jpg,Eggplant,Semi-Fresh,Semi-Fresh,79.02,True
D:/VIT TY SEM5/ML Project/FOODFRESHAI/data/raw/AgriFreshNET Freshness and Shelf-Life Image Datase/Processed Data/Processed Data/Semi_Fresh eggplant(4-8)/IMG_20251201_190453215_HDR.jpg,Eggplant,Semi-Fresh,Fresh,99.91,False
D:/VIT TY SEM5/ML Project/FOODFRESHAI/data/raw/AgriFreshNET Freshness and Shelf-Life Image Datase/Processed Data/Processed Data/Semi_Fresh eggplant(4-8)/IMG_20251201_190516199_HDR.jpg,Eggplant,Semi-Fresh,Semi-Fresh,98.16,True
D:/VIT TY SEM5/ML Project/FOODFRESHAI/data/raw/AgriFreshNET Freshness and Shelf-Life Image Datase/Processed Data/Processed Data/Semi_Fresh eggplant(4-8)/IMG_20251201_190532907_HDR.jpg,Eggplant,Semi-Fresh,Semi-Fresh,99.43,True
D:/VIT TY SEM5/ML Project/FOODFRESHAI/data/raw/AgriFreshNET Freshness and Shelf-Life Image Datase/Processed Data/Processed Data/Semi_Fresh eggplant(4-8)/IMG_20251201_190556169_HDR.jpg,Eggplant,Semi-Fresh,Fresh,99.96,False
D:/VIT TY SEM5/ML Project/FOODFRESHAI/data/raw/AgriFreshNET Freshness and Shelf-Life Image Datase/Processed Data/Processed Data/Semi_Fresh eggplant(4-8)/IMG_20251201_190614808_HDR.jpg,Eggplant,Semi-Fresh,Semi-Fresh,97.8,True
D:/VIT TY SEM5/ML Project/FOODFRESHAI/data/raw/AgriFreshNET Freshness and Shelf-Life Image Datase/Processed Data/Processed Data/Semi_Fresh eggplant(4-8)/IMG_20251201_190626636_HDR.jpg,Eggplant,Semi-Fresh,Semi-Fresh,99.51,True
